Codice richiesta,38931
Denominazione, DIGA DEL CHIOTAS 
Localita', DIGA DEL CHIOTAS 
UTM X, 366881 m
UTM Y, 4891327 m
Quota, 2020 m s.l.m.
Parametro, Temperatura dell'aria (gradi)
Periodo pubblicazione,  2001-10-01 / oggi 
Periodo richiesto, 2025-07-31 / 2026-07-31
Dati orari
data,ora (UTC),valore,flag validazione
31/07/2025,00:00,   10.1,0
31/07/2025,01:00,   10.2,0
31/07/2025,02:00,   10.3,0
31/07/2025,03:00,   10.5,0
31/07/2025,04:00,   10.3,0
31/07/2025,05:00,    9.7,0
31/07/2025,06:00,   10.0,0
31/07/2025,07:00,   10.7,0
31/07/2025,08:00,   12.2,0
31/07/2025,09:00,   13.3,0
31/07/2025,10:00,   14.2,0
31/07/2025,11:00,   15.1,0
31/07/2025,12:00,   15.3,0
31/07/2025,13:00,   15.0,0
31/07/2025,14:00,   14.4,0
31/07/2025,15:00,   13.5,0
31/07/2025,16:00,   13.4,0
31/07/2025,17:00,   13.2,0
31/07/2025,18:00,   12.6,0
31/07/2025,19:00,   12.5,0
31/07/2025,20:00,   12.1,0
31/07/2025,21:00,   11.8,0
31/07/2025,22:00,   11.5,0
31/07/2025,23:00,   11.6,0
01/08/2025,00:00,   11.1,0
01/08/2025,01:00,   11.3,0
01/08/2025,02:00,   11.9,0
01/08/2025,03:00,   12.9,0
01/08/2025,04:00,   11.3,0
01/08/2025,05:00,   10.4,0
01/08/2025,06:00,   10.5,0
01/08/2025,07:00,   11.3,0
01/08/2025,08:00,   12.8,0
01/08/2025,09:00,   13.9,0
01/08/2025,10:00,   15.0,0
01/08/2025,11:00,   16.0,0
01/08/2025,12:00,   14.4,0
01/08/2025,13:00,   13.0,0
01/08/2025,14:00,   13.1,0
01/08/2025,15:00,   13.4,0
01/08/2025,16:00,   13.5,0
01/08/2025,17:00,   12.9,0
01/08/2025,18:00,   12.4,0
01/08/2025,19:00,   12.2,0
01/08/2025,20:00,   13.0,0
01/08/2025,21:00,   11.7,0
01/08/2025,22:00,   11.4,0
01/08/2025,23:00,   11.0,0
02/08/2025,00:00,   11.0,0
02/08/2025,01:00,   10.5,0
02/08/2025,02:00,   10.2,0
02/08/2025,03:00,    9.6,0
02/08/2025,04:00,    9.6,0
02/08/2025,05:00,   10.4,0
02/08/2025,06:00,    9.7,0
02/08/2025,07:00,   10.7,0
02/08/2025,08:00,   12.0,0
02/08/2025,09:00,   13.3,0
02/08/2025,10:00,   14.0,0
02/08/2025,11:00,   14.2,0
02/08/2025,12:00,   13.2,0
02/08/2025,13:00,   12.4,0
02/08/2025,14:00,   11.9,0
02/08/2025,15:00,   11.4,0
02/08/2025,16:00,   10.7,0
02/08/2025,17:00,   10.5,0
02/08/2025,18:00,   10.4,0
02/08/2025,19:00,    9.7,0
02/08/2025,20:00,    9.9,0
02/08/2025,21:00,    9.6,0
02/08/2025,22:00,    9.7,0
02/08/2025,23:00,   10.0,0
03/08/2025,00:00,   10.2,0
03/08/2025,01:00,    9.0,0
03/08/2025,02:00,    8.6,0
03/08/2025,03:00,    8.2,0
03/08/2025,04:00,    7.9,0
03/08/2025,05:00,    7.2,0
03/08/2025,06:00,    6.2,0
03/08/2025,07:00,    8.8,0
03/08/2025,08:00,   10.1,0
03/08/2025,09:00,   10.6,0
03/08/2025,10:00,   12.0,0
03/08/2025,11:00,   13.3,0
03/08/2025,12:00,   13.8,0
03/08/2025,13:00,   14.0,0
03/08/2025,14:00,   14.8,0
03/08/2025,15:00,   14.6,0
03/08/2025,16:00,   13.5,0
03/08/2025,17:00,   11.9,0
03/08/2025,18:00,   11.7,0
03/08/2025,19:00,   10.9,0
03/08/2025,20:00,   10.4,0
03/08/2025,21:00,   10.2,0
03/08/2025,22:00,   10.0,0
03/08/2025,23:00,   10.3,0
04/08/2025,00:00,   10.4,0
04/08/2025,01:00,   10.8,0
04/08/2025,02:00,   10.5,0
04/08/2025,03:00,   10.9,0
04/08/2025,04:00,   10.4,0
04/08/2025,05:00,   10.3,0
04/08/2025,06:00,   10.3,0
04/08/2025,07:00,   11.6,0
04/08/2025,08:00,   12.9,0
04/08/2025,09:00,   14.4,0
04/08/2025,10:00,   15.5,0
04/08/2025,11:00,   17.0,0
04/08/2025,12:00,   17.3,0
04/08/2025,13:00,   16.9,0
04/08/2025,14:00,   18.1,0
04/08/2025,15:00,   17.3,0
04/08/2025,16:00,   17.8,0
04/08/2025,17:00,   15.2,0
04/08/2025,18:00,   14.8,0
04/08/2025,19:00,   14.8,0
04/08/2025,20:00,   15.1,0
04/08/2025,21:00,   15.4,0
04/08/2025,22:00,   15.6,0
04/08/2025,23:00,   15.4,0
05/08/2025,00:00,   15.3,0
05/08/2025,01:00,   15.2,0
05/08/2025,02:00,   15.0,0
05/08/2025,03:00,   14.7,0
05/08/2025,04:00,   14.0,0
05/08/2025,05:00,   15.4,0
05/08/2025,06:00,   14.3,0
05/08/2025,07:00,   16.0,0
05/08/2025,08:00,   16.7,0
05/08/2025,09:00,   17.3,0
05/08/2025,10:00,   18.4,0
05/08/2025,11:00,   18.8,0
05/08/2025,12:00,   19.0,0
05/08/2025,13:00,   18.5,0
05/08/2025,14:00,   17.3,0
05/08/2025,15:00,   16.5,0
05/08/2025,16:00,   16.7,0
05/08/2025,17:00,   15.6,0
05/08/2025,18:00,   15.1,0
05/08/2025,19:00,   14.4,0
05/08/2025,20:00,   14.1,0
05/08/2025,21:00,   14.4,0
05/08/2025,22:00,   14.5,0
05/08/2025,23:00,   14.8,0
06/08/2025,00:00,   14.2,0
06/08/2025,01:00,   14.0,0
06/08/2025,02:00,   13.5,0
06/08/2025,03:00,   13.6,0
06/08/2025,04:00,   12.5,0
06/08/2025,05:00,   11.6,0
06/08/2025,06:00,   11.6,0
06/08/2025,07:00,   11.6,0
06/08/2025,08:00,   12.5,0
06/08/2025,09:00,   14.1,0
06/08/2025,10:00,   14.7,0
06/08/2025,11:00,   14.7,0
06/08/2025,12:00,   14.0,0
06/08/2025,13:00,   13.9,0
06/08/2025,14:00,   13.6,0
06/08/2025,15:00,   13.0,0
06/08/2025,16:00,   13.0,0
06/08/2025,17:00,   13.0,0
06/08/2025,18:00,   13.0,0
06/08/2025,19:00,   12.2,0
06/08/2025,20:00,   12.3,0
06/08/2025,21:00,   11.2,0
06/08/2025,22:00,   11.9,0
06/08/2025,23:00,   11.2,0
07/08/2025,00:00,   11.5,0
07/08/2025,01:00,   11.6,0
07/08/2025,02:00,   11.4,0
07/08/2025,03:00,   11.1,0
07/08/2025,04:00,   10.7,0
07/08/2025,05:00,   10.6,0
07/08/2025,06:00,   10.9,0
07/08/2025,07:00,   11.9,0
07/08/2025,08:00,   13.4,0
07/08/2025,09:00,   14.1,0
07/08/2025,10:00,   14.5,0
07/08/2025,11:00,   16.2,0
07/08/2025,12:00,   17.0,0
07/08/2025,13:00,   16.6,0
07/08/2025,14:00,   16.9,0
07/08/2025,15:00,   16.2,0
07/08/2025,16:00,   14.3,0
07/08/2025,17:00,   14.3,0
07/08/2025,18:00,   13.5,0
07/08/2025,19:00,   13.5,0
07/08/2025,20:00,   13.4,0
07/08/2025,21:00,   13.3,0
07/08/2025,22:00,   13.0,0
07/08/2025,23:00,   12.7,0
08/08/2025,00:00,   14.2,0
08/08/2025,01:00,   15.9,0
08/08/2025,02:00,   16.0,0
08/08/2025,03:00,   16.1,0
08/08/2025,04:00,   14.7,0
08/08/2025,05:00,   14.9,0
08/08/2025,06:00,   14.3,0
08/08/2025,07:00,   16.4,0
08/08/2025,08:00,   17.0,0
08/08/2025,09:00,   17.4,0
08/08/2025,10:00,   18.6,0
08/08/2025,11:00,   19.7,0
08/08/2025,12:00,   20.2,0
08/08/2025,13:00,   20.8,0
08/08/2025,14:00,   20.4,0
08/08/2025,15:00,   19.5,0
08/08/2025,16:00,   18.7,0
08/08/2025,17:00,   17.4,0
08/08/2025,18:00,   16.8,0
08/08/2025,19:00,   16.0,0
08/08/2025,20:00,   16.1,0
08/08/2025,21:00,   16.1,0
08/08/2025,22:00,   15.9,0
08/08/2025,23:00,   15.5,0
09/08/2025,00:00,   14.9,0
09/08/2025,01:00,   15.1,0
09/08/2025,02:00,   16.6,0
09/08/2025,03:00,   16.6,0
09/08/2025,04:00,   16.5,0
09/08/2025,05:00,   16.8,0
09/08/2025,06:00,   16.5,0
09/08/2025,07:00,   18.3,0
09/08/2025,08:00,   19.0,0
09/08/2025,09:00,   20.8,0
09/08/2025,10:00,   21.2,0
09/08/2025,11:00,   21.8,0
09/08/2025,12:00,   22.1,0
09/08/2025,13:00,   23.2,0
09/08/2025,14:00,   23.8,0
09/08/2025,15:00,   23.4,0
09/08/2025,16:00,   23.0,0
09/08/2025,17:00,   21.9,0
09/08/2025,18:00,   19.4,0
09/08/2025,19:00,   18.8,0
09/08/2025,20:00,   18.8,0
09/08/2025,21:00,   19.4,0
09/08/2025,22:00,   19.0,0
09/08/2025,23:00,   18.8,0
10/08/2025,00:00,   18.8,0
10/08/2025,01:00,   18.5,0
10/08/2025,02:00,   18.5,0
10/08/2025,03:00,   18.5,0
10/08/2025,04:00,   18.3,0
10/08/2025,05:00,   18.1,0
10/08/2025,06:00,   18.3,0
10/08/2025,07:00,   19.4,0
10/08/2025,08:00,   21.4,0
10/08/2025,09:00,   22.3,0
10/08/2025,10:00,   23.2,0
10/08/2025,11:00,   23.1,0
10/08/2025,12:00,   23.0,0
10/08/2025,13:00,   23.7,0
10/08/2025,14:00,   23.6,0
10/08/2025,15:00,   23.7,0
10/08/2025,16:00,   23.4,0
10/08/2025,17:00,   22.5,0
10/08/2025,18:00,   21.7,0
10/08/2025,19:00,   20.2,0
10/08/2025,20:00,   19.2,0
10/08/2025,21:00,   18.6,0
10/08/2025,22:00,   17.8,0
10/08/2025,23:00,   17.6,0
11/08/2025,00:00,   17.7,0
11/08/2025,01:00,   17.3,0
11/08/2025,02:00,   16.7,0
11/08/2025,03:00,   16.7,0
11/08/2025,04:00,   16.2,0
11/08/2025,05:00,   16.0,0
11/08/2025,06:00,   15.8,0
11/08/2025,07:00,   16.9,0
11/08/2025,08:00,   16.9,0
11/08/2025,09:00,   17.9,0
11/08/2025,10:00,   17.5,0
11/08/2025,11:00,   18.3,0
11/08/2025,12:00,   18.8,0
11/08/2025,13:00,   21.1,0
11/08/2025,14:00,   21.1,0
11/08/2025,15:00,   21.4,0
11/08/2025,16:00,   20.5,0
11/08/2025,17:00,   19.3,0
11/08/2025,18:00,   18.3,0
11/08/2025,19:00,   17.5,0
11/08/2025,20:00,   17.2,0
11/08/2025,21:00,   17.1,0
11/08/2025,22:00,   17.0,0
11/08/2025,23:00,   16.9,0
12/08/2025,00:00,   16.3,0
12/08/2025,01:00,   16.0,0
12/08/2025,02:00,   15.6,0
12/08/2025,03:00,   15.4,0
12/08/2025,04:00,   15.1,0
12/08/2025,05:00,   14.8,0
12/08/2025,06:00,   15.9,0
12/08/2025,07:00,   17.1,0
12/08/2025,08:00,   18.2,0
12/08/2025,09:00,   18.3,0
12/08/2025,10:00,   20.2,0
12/08/2025,11:00,   21.8,0
12/08/2025,12:00,   22.4,0
12/08/2025,13:00,   22.7,0
12/08/2025,14:00,   21.3,0
12/08/2025,15:00,   23.3,0
12/08/2025,16:00,   22.7,0
12/08/2025,17:00,   20.2,0
12/08/2025,18:00,   18.0,0
12/08/2025,19:00,   18.5,0
12/08/2025,20:00,   18.1,0
12/08/2025,21:00,   17.6,0
12/08/2025,22:00,   17.5,0
12/08/2025,23:00,   17.1,0
13/08/2025,00:00,   16.4,0
13/08/2025,01:00,   16.1,0
13/08/2025,02:00,   16.3,0
13/08/2025,03:00,   16.6,0
13/08/2025,04:00,   16.2,0
13/08/2025,05:00,   16.0,0
13/08/2025,06:00,   15.8,0
13/08/2025,07:00,   17.4,0
13/08/2025,08:00,   20.1,0
13/08/2025,09:00,   19.9,0
13/08/2025,10:00,   20.5,0
13/08/2025,11:00,   20.1,0
13/08/2025,12:00,   21.4,0
13/08/2025,13:00,   21.5,0
13/08/2025,14:00,   22.1,0
13/08/2025,15:00,   21.7,0
13/08/2025,16:00,   21.5,0
13/08/2025,17:00,   20.7,0
13/08/2025,18:00,   19.7,0
13/08/2025,19:00,   18.8,0
13/08/2025,20:00,   18.1,0
13/08/2025,21:00,   17.6,0
13/08/2025,22:00,   17.2,0
13/08/2025,23:00,   17.2,0
14/08/2025,00:00,   16.8,0
14/08/2025,01:00,   16.3,0
14/08/2025,02:00,   15.6,0
14/08/2025,03:00,   15.4,0
14/08/2025,04:00,   15.3,0
14/08/2025,05:00,   15.2,0
14/08/2025,06:00,   15.1,0
14/08/2025,07:00,   16.6,0
14/08/2025,08:00,   18.6,0
14/08/2025,09:00,   18.6,0
14/08/2025,10:00,   19.5,0
14/08/2025,11:00,   19.0,0
14/08/2025,12:00,   21.4,0
14/08/2025,13:00,   19.7,0
14/08/2025,14:00,   18.8,0
14/08/2025,15:00,   17.2,0
14/08/2025,16:00,   18.1,0
14/08/2025,17:00,   18.6,0
14/08/2025,18:00,   18.0,0
14/08/2025,19:00,   15.4,0
14/08/2025,20:00,   14.5,0
14/08/2025,21:00,   16.1,0
14/08/2025,22:00,   15.7,0
14/08/2025,23:00,   15.6,0
15/08/2025,00:00,   15.1,0
15/08/2025,01:00,   15.1,0
15/08/2025,02:00,   14.8,0
15/08/2025,03:00,   14.9,0
15/08/2025,04:00,   14.8,0
15/08/2025,05:00,   14.6,0
15/08/2025,06:00,   14.9,0
15/08/2025,07:00,   15.5,0
15/08/2025,08:00,   17.2,0
15/08/2025,09:00,   17.4,0
15/08/2025,10:00,   18.9,0
15/08/2025,11:00,   18.0,0
15/08/2025,12:00,   19.6,0
15/08/2025,13:00,   20.7,0
15/08/2025,14:00,   19.2,0
15/08/2025,15:00,   19.5,0
15/08/2025,16:00,   18.7,0
15/08/2025,17:00,   18.4,0
15/08/2025,18:00,   17.7,0
15/08/2025,19:00,   16.9,0
15/08/2025,20:00,   16.5,0
15/08/2025,21:00,   16.4,0
15/08/2025,22:00,   16.1,0
15/08/2025,23:00,   15.6,0
16/08/2025,00:00,   15.1,0
16/08/2025,01:00,   15.1,0
16/08/2025,02:00,   14.9,0
16/08/2025,03:00,   15.1,0
16/08/2025,04:00,   14.8,0
16/08/2025,05:00,   15.0,0
16/08/2025,06:00,   15.3,0
16/08/2025,07:00,   16.3,0
16/08/2025,08:00,   18.0,0
16/08/2025,09:00,   19.2,0
16/08/2025,10:00,   18.9,0
16/08/2025,11:00,   20.7,0
16/08/2025,12:00,   20.8,0
16/08/2025,13:00,   21.1,0
16/08/2025,14:00,   20.4,0
16/08/2025,15:00,   20.5,0
16/08/2025,16:00,   20.8,0
16/08/2025,17:00,   19.7,0
16/08/2025,18:00,   18.8,0
16/08/2025,19:00,   18.0,0
16/08/2025,20:00,   17.5,0
16/08/2025,21:00,   16.7,0
16/08/2025,22:00,   16.1,0
16/08/2025,23:00,   15.5,0
17/08/2025,00:00,   15.3,0
17/08/2025,01:00,   13.4,0
17/08/2025,02:00,   13.7,0
17/08/2025,03:00,   13.8,0
17/08/2025,04:00,   14.3,0
17/08/2025,05:00,   14.5,0
17/08/2025,06:00,   14.9,0
17/08/2025,07:00,   16.0,0
17/08/2025,08:00,   15.8,0
17/08/2025,09:00,   17.9,0
17/08/2025,10:00,   18.4,0
17/08/2025,11:00,   19.0,0
17/08/2025,12:00,   19.3,0
17/08/2025,13:00,   19.0,0
17/08/2025,14:00,   18.1,0
17/08/2025,15:00,   17.9,0
17/08/2025,16:00,   17.9,0
17/08/2025,17:00,   17.4,0
17/08/2025,18:00,   16.7,0
17/08/2025,19:00,   16.1,0
17/08/2025,20:00,   15.6,0
17/08/2025,21:00,   15.4,0
17/08/2025,22:00,   15.4,0
17/08/2025,23:00,   14.4,0
18/08/2025,00:00,   14.8,0
18/08/2025,01:00,   14.0,0
18/08/2025,02:00,   14.0,0
18/08/2025,03:00,   13.5,0
18/08/2025,04:00,   12.8,0
18/08/2025,05:00,   11.9,0
18/08/2025,06:00,   12.5,0
18/08/2025,07:00,   11.9,0
18/08/2025,08:00,   13.6,0
18/08/2025,09:00,   15.9,0
18/08/2025,10:00,   17.3,0
18/08/2025,11:00,   17.6,0
18/08/2025,12:00,   18.1,0
18/08/2025,13:00,   17.7,0
18/08/2025,14:00,   17.0,0
18/08/2025,15:00,   14.5,0
18/08/2025,16:00,   14.1,0
18/08/2025,17:00,   14.2,0
18/08/2025,18:00,   14.7,0
18/08/2025,19:00,   14.2,0
18/08/2025,20:00,   13.9,0
18/08/2025,21:00,   13.8,0
18/08/2025,22:00,   13.7,0
18/08/2025,23:00,   13.5,0
19/08/2025,00:00,   13.2,0
19/08/2025,01:00,   13.1,0
19/08/2025,02:00,   12.8,0
19/08/2025,03:00,   12.6,0
19/08/2025,04:00,   12.6,0
19/08/2025,05:00,   12.8,0
19/08/2025,06:00,   12.9,0
19/08/2025,07:00,   13.4,0
19/08/2025,08:00,   14.0,0
19/08/2025,09:00,   15.3,0
19/08/2025,10:00,   16.3,0
19/08/2025,11:00,   15.7,0
19/08/2025,12:00,   15.1,0
19/08/2025,13:00,   15.0,0
19/08/2025,14:00,   14.5,0
19/08/2025,15:00,   15.5,0
19/08/2025,16:00,   15.5,0
19/08/2025,17:00,   15.2,0
19/08/2025,18:00,   14.9,0
19/08/2025,19:00,   12.8,0
19/08/2025,20:00,   13.0,0
19/08/2025,21:00,   13.4,0
19/08/2025,22:00,   14.1,0
19/08/2025,23:00,   14.1,0
20/08/2025,00:00,   13.8,0
20/08/2025,01:00,   13.4,0
20/08/2025,02:00,   13.3,0
20/08/2025,03:00,   12.9,0
20/08/2025,04:00,   12.9,0
20/08/2025,05:00,   12.4,0
20/08/2025,06:00,   12.7,0
20/08/2025,07:00,   11.3,0
20/08/2025,08:00,   10.5,0
20/08/2025,09:00,   11.2,0
20/08/2025,10:00,   11.0,0
20/08/2025,11:00,   11.2,0
20/08/2025,12:00,   11.1,0
20/08/2025,13:00,   11.1,0
20/08/2025,14:00,   11.1,0
20/08/2025,15:00,   11.7,0
20/08/2025,16:00,   11.9,0
20/08/2025,17:00,   12.0,0
20/08/2025,18:00,   10.8,0
20/08/2025,19:00,   10.7,0
20/08/2025,20:00,   10.7,0
20/08/2025,21:00,   11.2,0
20/08/2025,22:00,   10.1,0
20/08/2025,23:00,    8.9,0
21/08/2025,00:00,    8.3,0
21/08/2025,01:00,    8.9,0
21/08/2025,02:00,    9.0,0
21/08/2025,03:00,    8.8,0
21/08/2025,04:00,    8.2,0
21/08/2025,05:00,    8.5,0
21/08/2025,06:00,    8.4,0
21/08/2025,07:00,   11.7,0
21/08/2025,08:00,   11.6,0
21/08/2025,09:00,   10.6,0
21/08/2025,10:00,   11.4,0
21/08/2025,11:00,   11.6,0
21/08/2025,12:00,   11.4,0
21/08/2025,13:00,    9.8,0
21/08/2025,14:00,    9.7,0
21/08/2025,15:00,    8.8,0
21/08/2025,16:00,   10.3,0
21/08/2025,17:00,   11.2,0
21/08/2025,18:00,   10.4,0
21/08/2025,19:00,   10.2,0
21/08/2025,20:00,   10.4,0
21/08/2025,21:00,    9.0,0
21/08/2025,22:00,    8.6,0
21/08/2025,23:00,    9.7,0
22/08/2025,00:00,   10.3,0
22/08/2025,01:00,   10.7,0
22/08/2025,02:00,   10.4,0
22/08/2025,03:00,   10.5,0
22/08/2025,04:00,   10.3,0
22/08/2025,05:00,   10.2,0
22/08/2025,06:00,   10.5,0
22/08/2025,07:00,   11.1,0
22/08/2025,08:00,   13.2,0
22/08/2025,09:00,   13.4,0
22/08/2025,10:00,   14.4,0
22/08/2025,11:00,   15.5,0
22/08/2025,12:00,   15.8,0
22/08/2025,13:00,   15.5,0
22/08/2025,14:00,   15.7,0
22/08/2025,15:00,   14.9,0
22/08/2025,16:00,   14.6,0
22/08/2025,17:00,   13.9,0
22/08/2025,18:00,   13.0,0
22/08/2025,19:00,   12.5,0
22/08/2025,20:00,   11.9,0
22/08/2025,21:00,   11.9,0
22/08/2025,22:00,   11.8,0
22/08/2025,23:00,   11.7,0
23/08/2025,00:00,   11.8,0
23/08/2025,01:00,   11.1,0
23/08/2025,02:00,   10.8,0
23/08/2025,03:00,   10.5,0
23/08/2025,04:00,   10.2,0
23/08/2025,05:00,   10.0,0
23/08/2025,06:00,    9.8,0
23/08/2025,07:00,   10.6,0
23/08/2025,08:00,   12.4,0
23/08/2025,09:00,   13.2,0
23/08/2025,10:00,   14.3,0
23/08/2025,11:00,   15.2,0
23/08/2025,12:00,   14.8,0
23/08/2025,13:00,   14.0,0
23/08/2025,14:00,   15.3,0
23/08/2025,15:00,   15.3,0
23/08/2025,16:00,   14.8,0
23/08/2025,17:00,   12.7,0
23/08/2025,18:00,   12.6,0
23/08/2025,19:00,   12.4,0
23/08/2025,20:00,   12.1,0
23/08/2025,21:00,   12.0,0
23/08/2025,22:00,   11.7,0
23/08/2025,23:00,   11.8,0
24/08/2025,00:00,   11.5,0
24/08/2025,01:00,   11.2,0
24/08/2025,02:00,   10.7,0
24/08/2025,03:00,   10.3,0
24/08/2025,04:00,   10.7,0
24/08/2025,05:00,   10.1,0
24/08/2025,06:00,   10.1,0
24/08/2025,07:00,   10.0,0
24/08/2025,08:00,   12.1,0
24/08/2025,09:00,   13.4,0
24/08/2025,10:00,   13.5,0
24/08/2025,11:00,   14.5,0
24/08/2025,12:00,   13.6,0
24/08/2025,13:00,   13.7,0
24/08/2025,14:00,   13.4,0
24/08/2025,15:00,   12.2,0
24/08/2025,16:00,   11.4,0
24/08/2025,17:00,   11.1,0
24/08/2025,18:00,   11.0,0
24/08/2025,19:00,   10.5,0
24/08/2025,20:00,   10.1,0
24/08/2025,21:00,    9.6,0
24/08/2025,22:00,    9.7,0
24/08/2025,23:00,    9.2,0
25/08/2025,00:00,    8.8,0
25/08/2025,01:00,    8.5,0
25/08/2025,02:00,    8.2,0
25/08/2025,03:00,    7.9,0
25/08/2025,04:00,    7.6,0
25/08/2025,05:00,    7.2,0
25/08/2025,06:00,    7.5,0
25/08/2025,07:00,   11.1,0
25/08/2025,08:00,   11.5,0
25/08/2025,09:00,   11.7,0
25/08/2025,10:00,   12.5,0
25/08/2025,11:00,   13.4,0
25/08/2025,12:00,   14.0,0
25/08/2025,13:00,   13.7,0
25/08/2025,14:00,   12.9,0
25/08/2025,15:00,   12.1,0
25/08/2025,16:00,   11.4,0
25/08/2025,17:00,   11.2,0
25/08/2025,18:00,   11.0,0
25/08/2025,19:00,   10.6,0
25/08/2025,20:00,   10.5,0
25/08/2025,21:00,   12.0,0
25/08/2025,22:00,   14.8,0
25/08/2025,23:00,   13.5,0
26/08/2025,00:00,   13.0,0
26/08/2025,01:00,    9.8,0
26/08/2025,02:00,   11.0,0
26/08/2025,03:00,   12.6,0
26/08/2025,04:00,   12.8,0
26/08/2025,05:00,   12.0,0
26/08/2025,06:00,   12.1,0
26/08/2025,07:00,   12.9,0
26/08/2025,08:00,   15.4,0
26/08/2025,09:00,   16.2,0
26/08/2025,10:00,   17.2,0
26/08/2025,11:00,   17.7,0
26/08/2025,12:00,   18.2,0
26/08/2025,13:00,   17.0,0
26/08/2025,14:00,   16.9,0
26/08/2025,15:00,   15.2,0
26/08/2025,16:00,   14.4,0
26/08/2025,17:00,   13.9,0
26/08/2025,18:00,   13.7,0
26/08/2025,19:00,   13.5,0
26/08/2025,20:00,   13.1,0
26/08/2025,21:00,   13.1,0
26/08/2025,22:00,   12.6,0
26/08/2025,23:00,   12.4,0
27/08/2025,00:00,   12.1,0
27/08/2025,01:00,   11.9,0
27/08/2025,02:00,   15.2,0
27/08/2025,03:00,   15.5,0
27/08/2025,04:00,   12.3,0
27/08/2025,05:00,   13.1,0
27/08/2025,06:00,   11.7,0
27/08/2025,07:00,   11.8,0
27/08/2025,08:00,   12.4,0
27/08/2025,09:00,   12.5,0
27/08/2025,10:00,   13.2,0
27/08/2025,11:00,   13.4,0
27/08/2025,12:00,   13.7,0
27/08/2025,13:00,   14.5,0
27/08/2025,14:00,   14.2,0
27/08/2025,15:00,   14.0,0
27/08/2025,16:00,   14.2,0
27/08/2025,17:00,   14.6,0
27/08/2025,18:00,   14.3,0
27/08/2025,19:00,   11.7,0
27/08/2025,20:00,   11.5,0
27/08/2025,21:00,   11.7,0
27/08/2025,22:00,   13.0,0
27/08/2025,23:00,   11.5,0
28/08/2025,00:00,   11.1,0
28/08/2025,01:00,   13.9,0
28/08/2025,02:00,   13.5,0
28/08/2025,03:00,   12.1,0
28/08/2025,04:00,   10.9,0
28/08/2025,05:00,   10.9,0
28/08/2025,06:00,   11.3,0
28/08/2025,07:00,   11.3,0
28/08/2025,08:00,   11.4,0
28/08/2025,09:00,   12.2,0
28/08/2025,10:00,   11.5,0
28/08/2025,11:00,   11.9,0
28/08/2025,12:00,   11.7,0
28/08/2025,13:00,   10.7,0
28/08/2025,14:00,   14.5,*
28/08/2025,15:00,   14.7,0
28/08/2025,16:00,   14.3,0
28/08/2025,17:00,   13.7,0
28/08/2025,18:00,   10.6,0
28/08/2025,19:00,   10.1,0
28/08/2025,20:00,    9.9,0
28/08/2025,21:00,    9.5,0
28/08/2025,22:00,   12.9,0
28/08/2025,23:00,   12.6,0
29/08/2025,00:00,   12.6,0
29/08/2025,01:00,   12.4,0
29/08/2025,02:00,   12.2,0
29/08/2025,03:00,   10.9,0
29/08/2025,04:00,   10.8,0
29/08/2025,05:00,   10.9,0
29/08/2025,06:00,   10.9,0
29/08/2025,07:00,   10.6,0
29/08/2025,08:00,   11.6,0
29/08/2025,09:00,   12.2,0
29/08/2025,10:00,   12.8,0
29/08/2025,11:00,   13.3,0
29/08/2025,12:00,   12.7,0
29/08/2025,13:00,   12.6,0
29/08/2025,14:00,   12.5,0
29/08/2025,15:00,   12.6,0
29/08/2025,16:00,   12.0,0
29/08/2025,17:00,   11.3,0
29/08/2025,18:00,   10.9,0
29/08/2025,19:00,   10.9,0
29/08/2025,20:00,    9.5,0
29/08/2025,21:00,    8.8,0
29/08/2025,22:00,    8.4,0
29/08/2025,23:00,    7.5,0
30/08/2025,00:00,    6.6,0
30/08/2025,01:00,    6.4,0
30/08/2025,02:00,    6.1,0
30/08/2025,03:00,    5.8,0
30/08/2025,04:00,    5.8,0
30/08/2025,05:00,    6.8,0
30/08/2025,06:00,    7.2,0
30/08/2025,07:00,    7.3,0
30/08/2025,08:00,    8.7,0
30/08/2025,09:00,   10.8,0
30/08/2025,10:00,   11.7,0
30/08/2025,11:00,   12.6,0
30/08/2025,12:00,   13.4,0
30/08/2025,13:00,   12.7,0
30/08/2025,14:00,   11.6,0
30/08/2025,15:00,   11.5,0
30/08/2025,16:00,   11.7,0
30/08/2025,17:00,   11.0,0
30/08/2025,18:00,   10.2,0
30/08/2025,19:00,   10.1,0
30/08/2025,20:00,   10.1,0
30/08/2025,21:00,   10.3,0
30/08/2025,22:00,   10.6,0
30/08/2025,23:00,   10.4,0
31/08/2025,00:00,   10.1,0
31/08/2025,01:00,    9.9,0
31/08/2025,02:00,    9.9,0
31/08/2025,03:00,    9.5,0
31/08/2025,04:00,    9.1,0
31/08/2025,05:00,    8.9,0
31/08/2025,06:00,    8.7,0
31/08/2025,07:00,    8.7,0
31/08/2025,08:00,   11.2,0
31/08/2025,09:00,   12.1,0
31/08/2025,10:00,   13.1,0
31/08/2025,11:00,   14.1,0
31/08/2025,12:00,   14.4,0
31/08/2025,13:00,   15.2,0
31/08/2025,14:00,   15.3,0
31/08/2025,15:00,   14.1,0
31/08/2025,16:00,   13.0,0
31/08/2025,17:00,   11.7,0
31/08/2025,18:00,   10.5,0
31/08/2025,19:00,   10.3,0
31/08/2025,20:00,   10.1,0
31/08/2025,21:00,   10.2,0
31/08/2025,22:00,   10.2,0
31/08/2025,23:00,    9.9,0
01/09/2025,00:00,   11.9,0
01/09/2025,01:00,   12.4,0
01/09/2025,02:00,   12.1,0
01/09/2025,03:00,   11.9,0
01/09/2025,04:00,   11.5,0
01/09/2025,05:00,   10.4,0
01/09/2025,06:00,   10.1,0
01/09/2025,07:00,   10.7,0
01/09/2025,08:00,   10.7,0
01/09/2025,09:00,   10.5,0
01/09/2025,10:00,    9.3,0
01/09/2025,11:00,    8.3,0
01/09/2025,12:00,    8.3,0
01/09/2025,13:00,    8.3,0
01/09/2025,14:00,    8.7,0
01/09/2025,15:00,    8.7,0
01/09/2025,16:00,    8.7,0
01/09/2025,17:00,    8.7,0
01/09/2025,18:00,    8.5,0
01/09/2025,19:00,    8.5,0
01/09/2025,20:00,    7.5,0
01/09/2025,21:00,   10.5,0
01/09/2025,22:00,   10.3,0
01/09/2025,23:00,    9.3,0
02/09/2025,00:00,    7.3,0
02/09/2025,01:00,    7.0,0
02/09/2025,02:00,    6.6,0
02/09/2025,03:00,    6.0,0
02/09/2025,04:00,    6.9,0
02/09/2025,05:00,    8.7,0
02/09/2025,06:00,    9.5,0
02/09/2025,07:00,    7.7,0
02/09/2025,08:00,    8.9,0
02/09/2025,09:00,   10.7,0
02/09/2025,10:00,   11.6,0
02/09/2025,11:00,   11.5,0
02/09/2025,12:00,   12.0,0
02/09/2025,13:00,   12.0,0
02/09/2025,14:00,   12.8,0
02/09/2025,15:00,   12.3,0
02/09/2025,16:00,   10.9,0
02/09/2025,17:00,    9.9,0
02/09/2025,18:00,    9.5,0
02/09/2025,19:00,    9.1,0
02/09/2025,20:00,    9.1,0
02/09/2025,21:00,    9.0,0
02/09/2025,22:00,    9.4,0
02/09/2025,23:00,    9.8,0
03/09/2025,00:00,    9.7,0
03/09/2025,01:00,    9.9,0
03/09/2025,02:00,    9.8,0
03/09/2025,03:00,    9.4,0
03/09/2025,04:00,    9.1,0
03/09/2025,05:00,    9.1,0
03/09/2025,06:00,    9.1,0
03/09/2025,07:00,    9.1,0
03/09/2025,08:00,   12.0,0
03/09/2025,09:00,   13.0,0
03/09/2025,10:00,   13.5,0
03/09/2025,11:00,   14.8,0
03/09/2025,12:00,   15.6,0
03/09/2025,13:00,   15.8,0
03/09/2025,14:00,   14.9,0
03/09/2025,15:00,   14.2,0
03/09/2025,16:00,   12.2,0
03/09/2025,17:00,   11.5,0
03/09/2025,18:00,   11.3,0
03/09/2025,19:00,   11.2,0
03/09/2025,20:00,   10.7,0
03/09/2025,21:00,   10.4,0
03/09/2025,22:00,   10.2,0
03/09/2025,23:00,    9.4,0
04/09/2025,00:00,    9.6,0
04/09/2025,01:00,   10.8,0
04/09/2025,02:00,   11.3,0
04/09/2025,03:00,   11.9,0
04/09/2025,04:00,   12.3,0
04/09/2025,05:00,   11.5,0
04/09/2025,06:00,   12.6,0
04/09/2025,07:00,   11.7,0
04/09/2025,08:00,   14.3,0
04/09/2025,09:00,   12.8,0
04/09/2025,10:00,   13.5,0
04/09/2025,11:00,   13.7,0
04/09/2025,12:00,   14.3,0
04/09/2025,13:00,   15.1,0
04/09/2025,14:00,   14.8,0
04/09/2025,15:00,   14.7,0
04/09/2025,16:00,   14.1,0
04/09/2025,17:00,   13.4,0
04/09/2025,18:00,   13.2,0
04/09/2025,19:00,   13.5,0
04/09/2025,20:00,   11.4,0
04/09/2025,21:00,   11.6,0
04/09/2025,22:00,   13.1,0
04/09/2025,23:00,   13.3,0
05/09/2025,00:00,   13.0,0
05/09/2025,01:00,   12.2,0
05/09/2025,02:00,   12.5,0
05/09/2025,03:00,   11.1,0
05/09/2025,04:00,   11.5,0
05/09/2025,05:00,   11.3,0
05/09/2025,06:00,   11.3,0
05/09/2025,07:00,   10.1,0
05/09/2025,08:00,   11.9,0
05/09/2025,09:00,   13.0,0
05/09/2025,10:00,   13.1,0
05/09/2025,11:00,   12.9,0
05/09/2025,12:00,   13.9,0
05/09/2025,13:00,   14.5,0
05/09/2025,14:00,   14.5,0
05/09/2025,15:00,   14.6,0
05/09/2025,16:00,   12.7,0
05/09/2025,17:00,   11.8,0
05/09/2025,18:00,   11.4,0
05/09/2025,19:00,   10.7,0
05/09/2025,20:00,   10.4,0
05/09/2025,21:00,    9.9,0
05/09/2025,22:00,    9.6,0
05/09/2025,23:00,    9.3,0
06/09/2025,00:00,    9.1,0
06/09/2025,01:00,    8.6,0
06/09/2025,02:00,    8.4,0
06/09/2025,03:00,    8.4,0
06/09/2025,04:00,    8.1,0
06/09/2025,05:00,    8.0,0
06/09/2025,06:00,    7.8,0
06/09/2025,07:00,    8.1,0
06/09/2025,08:00,    9.6,0
06/09/2025,09:00,   12.0,0
06/09/2025,10:00,   12.9,0
06/09/2025,11:00,   13.6,0
06/09/2025,12:00,   14.9,0
06/09/2025,13:00,   15.3,0
06/09/2025,14:00,   14.7,0
06/09/2025,15:00,   13.3,0
06/09/2025,16:00,   11.9,0
06/09/2025,17:00,   11.4,0
06/09/2025,18:00,   10.3,0
06/09/2025,19:00,    9.6,0
06/09/2025,20:00,    9.4,0
06/09/2025,21:00,    9.4,0
06/09/2025,22:00,    9.0,0
06/09/2025,23:00,    8.9,0
07/09/2025,00:00,    8.5,0
07/09/2025,01:00,    8.1,0
07/09/2025,02:00,    7.9,0
07/09/2025,03:00,    7.6,0
07/09/2025,04:00,    7.9,0
07/09/2025,05:00,   11.7,0
07/09/2025,06:00,   13.2,0
07/09/2025,07:00,   12.8,0
07/09/2025,08:00,   11.8,0
07/09/2025,09:00,   13.6,0
07/09/2025,10:00,   14.5,0
07/09/2025,11:00,   14.1,0
07/09/2025,12:00,   15.9,0
07/09/2025,13:00,   15.0,0
07/09/2025,14:00,   16.3,0
07/09/2025,15:00,   15.8,0
07/09/2025,16:00,   15.6,0
07/09/2025,17:00,   13.1,0
07/09/2025,18:00,   11.8,0
07/09/2025,19:00,   11.2,0
07/09/2025,20:00,   13.1,*
07/09/2025,21:00,   18.8,0
07/09/2025,22:00,   18.4,0
07/09/2025,23:00,   17.9,0
08/09/2025,00:00,   17.9,0
08/09/2025,01:00,   17.2,0
08/09/2025,02:00,   14.2,0
08/09/2025,03:00,   15.1,0
08/09/2025,04:00,   15.0,0
08/09/2025,05:00,   14.6,0
08/09/2025,06:00,   12.7,0
08/09/2025,07:00,   15.7,0
08/09/2025,08:00,   15.8,0
08/09/2025,09:00,   16.2,0
08/09/2025,10:00,   15.5,0
08/09/2025,11:00,   12.9,0
08/09/2025,12:00,   15.6,0
08/09/2025,13:00,   16.1,0
08/09/2025,14:00,   12.5,0
08/09/2025,15:00,   12.4,0
08/09/2025,16:00,   12.4,0
08/09/2025,17:00,   11.8,0
08/09/2025,18:00,   11.7,0
08/09/2025,19:00,   11.1,0
08/09/2025,20:00,   11.2,0
08/09/2025,21:00,   11.5,0
08/09/2025,22:00,   11.8,0
08/09/2025,23:00,   13.4,0
09/09/2025,00:00,   14.7,0
09/09/2025,01:00,   13.6,0
09/09/2025,02:00,   10.2,0
09/09/2025,03:00,   12.1,0
09/09/2025,04:00,   10.3,0
09/09/2025,05:00,    9.2,0
09/09/2025,06:00,    9.1,0
09/09/2025,07:00,    9.0,0
09/09/2025,08:00,   11.4,0
09/09/2025,09:00,   12.5,0
09/09/2025,10:00,   13.3,0
09/09/2025,11:00,   11.8,0
09/09/2025,12:00,   12.2,0
09/09/2025,13:00,   12.4,0
09/09/2025,14:00,   12.0,0
09/09/2025,15:00,   11.2,0
09/09/2025,16:00,   11.0,0
09/09/2025,17:00,   11.1,0
09/09/2025,18:00,   11.0,0
09/09/2025,19:00,   11.0,0
09/09/2025,20:00,   10.7,0
09/09/2025,21:00,   10.4,0
09/09/2025,22:00,   10.2,0
09/09/2025,23:00,   10.5,0
10/09/2025,00:00,   11.6,0
10/09/2025,01:00,   12.1,0
10/09/2025,02:00,   11.9,0
10/09/2025,03:00,    9.9,0
10/09/2025,04:00,   11.7,0
10/09/2025,05:00,   11.3,0
10/09/2025,06:00,   11.3,0
10/09/2025,07:00,   11.5,0
10/09/2025,08:00,    9.0,0
10/09/2025,09:00,   10.0,0
10/09/2025,10:00,   10.4,0
10/09/2025,11:00,   10.6,0
10/09/2025,12:00,   12.3,0
10/09/2025,13:00,   12.7,0
10/09/2025,14:00,   11.7,0
10/09/2025,15:00,    9.3,0
10/09/2025,16:00,   11.9,0
10/09/2025,17:00,   11.8,0
10/09/2025,18:00,   11.6,0
10/09/2025,19:00,   11.4,0
10/09/2025,20:00,   10.6,0
10/09/2025,21:00,   10.0,0
10/09/2025,22:00,   10.0,0
10/09/2025,23:00,    9.6,0
11/09/2025,00:00,    9.5,0
11/09/2025,01:00,    9.4,0
11/09/2025,02:00,    9.7,0
11/09/2025,03:00,    9.3,0
11/09/2025,04:00,    9.1,0
11/09/2025,05:00,    9.4,0
11/09/2025,06:00,    9.4,0
11/09/2025,07:00,    9.6,0
11/09/2025,08:00,   11.9,0
11/09/2025,09:00,   12.0,0
11/09/2025,10:00,   13.2,0
11/09/2025,11:00,   13.3,0
11/09/2025,12:00,   13.9,0
11/09/2025,13:00,   13.3,0
11/09/2025,14:00,   13.0,0
11/09/2025,15:00,   12.1,0
11/09/2025,16:00,   11.5,0
11/09/2025,17:00,   11.2,0
11/09/2025,18:00,   10.5,0
11/09/2025,19:00,   10.1,0
11/09/2025,20:00,   10.3,0
11/09/2025,21:00,    9.7,0
11/09/2025,22:00,    9.7,0
11/09/2025,23:00,    8.8,0
12/09/2025,00:00,    8.7,0
12/09/2025,01:00,    8.2,0
12/09/2025,02:00,    8.4,0
12/09/2025,03:00,    8.7,0
12/09/2025,04:00,    9.5,0
12/09/2025,05:00,    9.5,0
12/09/2025,06:00,    9.3,0
12/09/2025,07:00,    9.5,0
12/09/2025,08:00,   11.6,0
12/09/2025,09:00,   12.7,0
12/09/2025,10:00,   12.9,0
12/09/2025,11:00,   13.4,0
12/09/2025,12:00,   14.7,0
12/09/2025,13:00,   14.8,0
12/09/2025,14:00,   13.9,0
12/09/2025,15:00,   14.0,0
12/09/2025,16:00,   13.3,0
12/09/2025,17:00,   12.3,0
12/09/2025,18:00,   10.6,0
12/09/2025,19:00,    9.9,0
12/09/2025,20:00,   10.2,0
12/09/2025,21:00,    9.9,0
12/09/2025,22:00,   10.0,0
12/09/2025,23:00,    8.8,0
13/09/2025,00:00,    9.3,0
13/09/2025,01:00,   10.0,0
13/09/2025,02:00,   10.5,0
13/09/2025,03:00,    9.9,0
13/09/2025,04:00,    9.3,0
13/09/2025,05:00,    9.1,0
13/09/2025,06:00,    9.1,0
13/09/2025,07:00,    9.5,0
13/09/2025,08:00,   11.1,0
13/09/2025,09:00,   11.7,0
13/09/2025,10:00,   12.5,0
13/09/2025,11:00,   11.6,0
13/09/2025,12:00,   11.0,0
13/09/2025,13:00,   11.0,0
13/09/2025,14:00,    9.4,0
13/09/2025,15:00,   10.6,0
13/09/2025,16:00,   10.1,0
13/09/2025,17:00,    8.5,0
13/09/2025,18:00,    8.1,0
13/09/2025,19:00,    8.2,0
13/09/2025,20:00,    8.6,0
13/09/2025,21:00,   10.5,0
13/09/2025,22:00,   11.4,0
13/09/2025,23:00,   11.4,0
14/09/2025,00:00,   11.5,0
14/09/2025,01:00,   11.6,0
14/09/2025,02:00,   11.2,0
14/09/2025,03:00,   10.4,0
14/09/2025,04:00,   10.8,0
14/09/2025,05:00,   10.7,0
14/09/2025,06:00,   10.6,0
14/09/2025,07:00,   10.4,0
14/09/2025,08:00,   14.8,0
14/09/2025,09:00,   14.8,0
14/09/2025,10:00,   16.6,0
14/09/2025,11:00,   14.8,0
14/09/2025,12:00,   14.7,0
14/09/2025,13:00,   15.2,0
14/09/2025,14:00,   15.5,0
14/09/2025,15:00,   15.2,0
14/09/2025,16:00,   14.8,0
14/09/2025,17:00,   13.5,0
14/09/2025,18:00,   13.5,0
14/09/2025,19:00,   13.2,0
14/09/2025,20:00,   13.2,0
14/09/2025,21:00,   13.2,0
14/09/2025,22:00,   13.5,0
14/09/2025,23:00,   13.4,0
15/09/2025,00:00,   13.5,0
15/09/2025,01:00,   13.5,0
15/09/2025,02:00,   13.3,0
15/09/2025,03:00,   13.3,0
15/09/2025,04:00,   12.6,0
15/09/2025,05:00,   12.1,0
15/09/2025,06:00,   11.6,0
15/09/2025,07:00,   12.1,0
15/09/2025,08:00,   14.3,0
15/09/2025,09:00,   15.1,0
15/09/2025,10:00,   15.8,0
15/09/2025,11:00,   16.8,0
15/09/2025,12:00,   17.2,0
15/09/2025,13:00,   17.0,0
15/09/2025,14:00,   16.8,0
15/09/2025,15:00,   15.7,0
15/09/2025,16:00,   14.0,0
15/09/2025,17:00,   13.4,0
15/09/2025,18:00,   13.0,0
15/09/2025,19:00,   15.1,0
15/09/2025,20:00,   15.4,0
15/09/2025,21:00,   14.9,0
15/09/2025,22:00,   14.3,0
15/09/2025,23:00,   13.8,0
16/09/2025,00:00,   13.5,0
16/09/2025,01:00,   14.0,0
16/09/2025,02:00,   14.0,0
16/09/2025,03:00,   13.7,0
16/09/2025,04:00,   13.6,0
16/09/2025,05:00,   12.7,0
16/09/2025,06:00,   11.8,0
16/09/2025,07:00,   12.4,0
16/09/2025,08:00,   14.4,0
16/09/2025,09:00,   15.1,0
16/09/2025,10:00,   15.9,0
16/09/2025,11:00,   16.6,0
16/09/2025,12:00,   17.3,0
16/09/2025,13:00,   17.1,0
16/09/2025,14:00,   17.1,0
16/09/2025,15:00,   17.0,0
16/09/2025,16:00,   16.4,0
16/09/2025,17:00,   16.1,0
16/09/2025,18:00,   13.4,0
16/09/2025,19:00,   13.1,0
16/09/2025,20:00,   12.6,0
16/09/2025,21:00,   13.8,0
16/09/2025,22:00,   14.7,0
16/09/2025,23:00,   14.2,0
17/09/2025,00:00,   13.3,0
17/09/2025,01:00,   12.1,0
17/09/2025,02:00,   12.6,0
17/09/2025,03:00,   12.9,0
17/09/2025,04:00,   12.2,0
17/09/2025,05:00,   12.5,0
17/09/2025,06:00,   12.5,0
17/09/2025,07:00,   12.2,0
17/09/2025,08:00,   12.2,0
17/09/2025,09:00,   13.1,0
17/09/2025,10:00,   13.1,0
17/09/2025,11:00,   14.2,0
17/09/2025,12:00,   15.6,0
17/09/2025,13:00,   16.0,0
17/09/2025,14:00,   16.1,0
17/09/2025,15:00,   16.2,0
17/09/2025,16:00,   14.7,0
17/09/2025,17:00,   13.0,0
17/09/2025,18:00,   14.3,0
17/09/2025,19:00,   15.6,0
17/09/2025,20:00,   16.6,0
17/09/2025,21:00,   17.0,0
17/09/2025,22:00,   16.9,0
17/09/2025,23:00,   16.2,0
18/09/2025,00:00,   16.1,0
18/09/2025,01:00,   15.6,0
18/09/2025,02:00,   14.8,0
18/09/2025,03:00,   14.9,0
18/09/2025,04:00,   14.8,0
18/09/2025,05:00,   15.0,0
18/09/2025,06:00,   14.8,0
18/09/2025,07:00,   14.6,0
18/09/2025,08:00,   16.9,0
18/09/2025,09:00,   18.0,0
18/09/2025,10:00,   17.3,0
18/09/2025,11:00,   18.5,0
18/09/2025,12:00,   17.3,0
18/09/2025,13:00,   17.4,0
18/09/2025,14:00,   18.2,0
18/09/2025,15:00,   16.7,0
18/09/2025,16:00,   15.1,0
18/09/2025,17:00,   14.8,0
18/09/2025,18:00,   14.7,0
18/09/2025,19:00,   14.3,0
18/09/2025,20:00,   13.8,0
18/09/2025,21:00,   15.9,0
18/09/2025,22:00,   16.7,0
18/09/2025,23:00,   16.2,0
19/09/2025,00:00,   15.9,0
19/09/2025,01:00,   14.7,0
19/09/2025,02:00,   14.6,0
19/09/2025,03:00,   14.5,0
19/09/2025,04:00,   14.2,0
19/09/2025,05:00,   14.4,0
19/09/2025,06:00,   14.5,0
19/09/2025,07:00,   14.4,0
19/09/2025,08:00,   16.2,0
19/09/2025,09:00,   18.6,0
19/09/2025,10:00,   18.8,0
19/09/2025,11:00,   19.1,0
19/09/2025,12:00,   19.5,0
19/09/2025,13:00,   19.5,0
19/09/2025,14:00,   20.2,0
19/09/2025,15:00,   18.4,0
19/09/2025,16:00,   17.0,0
19/09/2025,17:00,   15.0,0
19/09/2025,18:00,   14.1,0
19/09/2025,19:00,   14.4,0
19/09/2025,20:00,   13.4,0
19/09/2025,21:00,   13.6,0
19/09/2025,22:00,   13.4,0
19/09/2025,23:00,   13.3,0
20/09/2025,00:00,   13.1,0
20/09/2025,01:00,   13.0,0
20/09/2025,02:00,   13.1,0
20/09/2025,03:00,   12.7,0
20/09/2025,04:00,   12.5,0
20/09/2025,05:00,   12.7,0
20/09/2025,06:00,   12.6,0
20/09/2025,07:00,   13.0,0
20/09/2025,08:00,   14.3,0
20/09/2025,09:00,   15.8,0
20/09/2025,10:00,   15.9,0
20/09/2025,11:00,   16.9,0
20/09/2025,12:00,   17.1,0
20/09/2025,13:00,   17.2,0
20/09/2025,14:00,   17.4,0
20/09/2025,15:00,   16.3,0
20/09/2025,16:00,   14.0,0
20/09/2025,17:00,   13.2,0
20/09/2025,18:00,   13.2,0
20/09/2025,19:00,   13.1,0
20/09/2025,20:00,   12.7,0
20/09/2025,21:00,   12.3,0
20/09/2025,22:00,   11.9,0
20/09/2025,23:00,   11.6,0
21/09/2025,00:00,   11.0,0
21/09/2025,01:00,   10.9,0
21/09/2025,02:00,   11.3,0
21/09/2025,03:00,   12.1,0
21/09/2025,04:00,   12.5,0
21/09/2025,05:00,   10.1,0
21/09/2025,06:00,   10.0,0
21/09/2025,07:00,   11.2,0
21/09/2025,08:00,   13.5,0
21/09/2025,09:00,   13.9,0
21/09/2025,10:00,   14.3,0
21/09/2025,11:00,   14.6,0
21/09/2025,12:00,   14.0,0
21/09/2025,13:00,   14.5,0
21/09/2025,14:00,   13.9,0
21/09/2025,15:00,   13.1,0
21/09/2025,16:00,   12.5,0
21/09/2025,17:00,   12.5,0
21/09/2025,18:00,   12.2,0
21/09/2025,19:00,   11.1,0
21/09/2025,20:00,   11.4,0
21/09/2025,21:00,   11.1,0
21/09/2025,22:00,   10.1,0
21/09/2025,23:00,    8.1,0
22/09/2025,00:00,   10.3,0
22/09/2025,01:00,    9.4,0
22/09/2025,02:00,    8.9,0
22/09/2025,03:00,    7.9,0
22/09/2025,04:00,    7.6,0
22/09/2025,05:00,   11.0,0
22/09/2025,06:00,   10.0,0
22/09/2025,07:00,   10.7,0
22/09/2025,08:00,    7.8,0
22/09/2025,09:00,   12.0,0
22/09/2025,10:00,   11.5,0
22/09/2025,11:00,   11.3,0
22/09/2025,12:00,   11.2,0
22/09/2025,13:00,   11.2,0
22/09/2025,14:00,   10.8,0
22/09/2025,15:00,   10.8,0
22/09/2025,16:00,   10.6,0
22/09/2025,17:00,   10.5,0
22/09/2025,18:00,    8.6,0
22/09/2025,19:00,    8.2,0
22/09/2025,20:00,    7.8,0
22/09/2025,21:00,    8.5,0
22/09/2025,22:00,    8.3,0
22/09/2025,23:00,    7.9,0
23/09/2025,00:00,    7.4,0
23/09/2025,01:00,    7.1,0
23/09/2025,02:00,    8.5,0
23/09/2025,03:00,    8.4,0
23/09/2025,04:00,    5.5,0
23/09/2025,05:00,    5.6,0
23/09/2025,06:00,    6.9,0
23/09/2025,07:00,    7.5,0
23/09/2025,08:00,    7.6,0
23/09/2025,09:00,    7.2,0
23/09/2025,10:00,    8.6,0
23/09/2025,11:00,    8.2,0
23/09/2025,12:00,    8.4,0
23/09/2025,13:00,    8.5,0
23/09/2025,14:00,    8.3,0
23/09/2025,15:00,    8.1,0
23/09/2025,16:00,    7.6,0
23/09/2025,17:00,    7.5,0
23/09/2025,18:00,    6.6,0
23/09/2025,19:00,    6.1,0
23/09/2025,20:00,    6.4,0
23/09/2025,21:00,    6.4,0
23/09/2025,22:00,    5.9,0
23/09/2025,23:00,    4.6,0
24/09/2025,00:00,    3.7,0
24/09/2025,01:00,    2.9,0
24/09/2025,02:00,    2.9,0
24/09/2025,03:00,    2.5,0
24/09/2025,04:00,    2.7,0
24/09/2025,05:00,    3.0,0
24/09/2025,06:00,    2.4,0
24/09/2025,07:00,    2.8,0
24/09/2025,08:00,    2.2,0
24/09/2025,09:00,    3.9,0
24/09/2025,10:00,    3.2,0
24/09/2025,11:00,    3.4,0
24/09/2025,12:00,    3.2,0
24/09/2025,13:00,    2.5,0
24/09/2025,14:00,    1.4,0
24/09/2025,15:00,    0.5,0
24/09/2025,16:00,   -0.1,0
24/09/2025,17:00,   -0.3,0
24/09/2025,18:00,    0.7,0
24/09/2025,19:00,    1.9,0
24/09/2025,20:00,    2.4,0
24/09/2025,21:00,    2.6,0
24/09/2025,22:00,    2.7,0
24/09/2025,23:00,    3.1,0
25/09/2025,00:00,    3.1,0
25/09/2025,01:00,    3.0,0
25/09/2025,02:00,    3.1,0
25/09/2025,03:00,    2.6,0
25/09/2025,04:00,    2.3,0
25/09/2025,05:00,    2.1,0
25/09/2025,06:00,    1.5,0
25/09/2025,07:00,    1.6,0
25/09/2025,08:00,    3.4,0
25/09/2025,09:00,    3.6,0
25/09/2025,10:00,    3.9,0
25/09/2025,11:00,    3.8,0
25/09/2025,12:00,    3.7,0
25/09/2025,13:00,    4.2,0
25/09/2025,14:00,    4.4,0
25/09/2025,15:00,    4.1,0
25/09/2025,16:00,    3.7,0
25/09/2025,17:00,    3.2,0
25/09/2025,18:00,    2.8,0
25/09/2025,19:00,    2.8,0
25/09/2025,20:00,    2.8,0
25/09/2025,21:00,    2.8,0
25/09/2025,22:00,    2.3,0
25/09/2025,23:00,    2.5,0
26/09/2025,00:00,    2.3,0
26/09/2025,01:00,    2.3,0
26/09/2025,02:00,    2.5,0
26/09/2025,03:00,    2.1,0
26/09/2025,04:00,    2.3,0
26/09/2025,05:00,    2.2,0
26/09/2025,06:00,    1.9,0
26/09/2025,07:00,    1.9,0
26/09/2025,08:00,    1.8,0
26/09/2025,09:00,    2.3,0
26/09/2025,10:00,    3.0,0
26/09/2025,11:00,    4.2,0
26/09/2025,12:00,    4.0,0
26/09/2025,13:00,    5.2,0
26/09/2025,14:00,    4.9,0
26/09/2025,15:00,    4.2,0
26/09/2025,16:00,    3.9,0
26/09/2025,17:00,    4.5,0
26/09/2025,18:00,    4.0,0
26/09/2025,19:00,    3.0,0
26/09/2025,20:00,    3.0,0
26/09/2025,21:00,    3.2,0
26/09/2025,22:00,    3.7,0
26/09/2025,23:00,    3.7,0
27/09/2025,00:00,    3.2,0
27/09/2025,01:00,    3.3,0
27/09/2025,02:00,    3.1,0
27/09/2025,03:00,    3.3,0
27/09/2025,04:00,    2.4,0
27/09/2025,05:00,    1.8,0
27/09/2025,06:00,    1.4,0
27/09/2025,07:00,    1.5,0
27/09/2025,08:00,    2.7,0
27/09/2025,09:00,    2.5,0
27/09/2025,10:00,    4.3,0
27/09/2025,11:00,    5.7,0
27/09/2025,12:00,    6.0,0
27/09/2025,13:00,    6.5,0
27/09/2025,14:00,    5.3,0
27/09/2025,15:00,    4.3,0
27/09/2025,16:00,    3.7,0
27/09/2025,17:00,    3.4,0
27/09/2025,18:00,    3.3,0
27/09/2025,19:00,    3.2,0
27/09/2025,20:00,    3.1,0
27/09/2025,21:00,    3.3,0
27/09/2025,22:00,    3.2,0
27/09/2025,23:00,    3.2,0
28/09/2025,00:00,    2.9,0
28/09/2025,01:00,    2.6,0
28/09/2025,02:00,    2.6,0
28/09/2025,03:00,    2.2,0
28/09/2025,04:00,    1.9,0
28/09/2025,05:00,    2.6,0
28/09/2025,06:00,    2.4,0
28/09/2025,07:00,    2.7,0
28/09/2025,08:00,    3.4,0
28/09/2025,09:00,    5.6,0
28/09/2025,10:00,    7.2,0
28/09/2025,11:00,    8.4,0
28/09/2025,12:00,    8.0,0
28/09/2025,13:00,    9.0,0
28/09/2025,14:00,    9.3,0
28/09/2025,15:00,    7.8,0
28/09/2025,16:00,    7.2,0
28/09/2025,17:00,    6.2,0
28/09/2025,18:00,    6.0,0
28/09/2025,19:00,    5.7,0
28/09/2025,20:00,    5.7,0
28/09/2025,21:00,    5.5,0
28/09/2025,22:00,    5.1,0
28/09/2025,23:00,    5.1,0
29/09/2025,00:00,    5.4,0
29/09/2025,01:00,    5.7,0
29/09/2025,02:00,    5.5,0
29/09/2025,03:00,    5.5,0
29/09/2025,04:00,    5.2,0
29/09/2025,05:00,    5.1,0
29/09/2025,06:00,    5.9,0
29/09/2025,07:00,    6.3,0
29/09/2025,08:00,    7.6,0
29/09/2025,09:00,    9.3,0
29/09/2025,10:00,   10.0,0
29/09/2025,11:00,   11.2,0
29/09/2025,12:00,   11.6,0
29/09/2025,13:00,   12.4,0
29/09/2025,14:00,   11.6,0
29/09/2025,15:00,   10.0,0
29/09/2025,16:00,    9.0,0
29/09/2025,17:00,    7.5,0
29/09/2025,18:00,    7.0,0
29/09/2025,19:00,    6.3,0
29/09/2025,20:00,    6.1,0
29/09/2025,21:00,    5.9,0
29/09/2025,22:00,    6.7,0
29/09/2025,23:00,    6.4,0
30/09/2025,00:00,    5.4,0
30/09/2025,01:00,    5.4,0
30/09/2025,02:00,    4.5,0
30/09/2025,03:00,    4.4,0
30/09/2025,04:00,    4.9,0
30/09/2025,05:00,    4.8,0
30/09/2025,06:00,    3.3,0
30/09/2025,07:00,    3.0,0
30/09/2025,08:00,    4.0,0
30/09/2025,09:00,    5.1,0
30/09/2025,10:00,    7.0,0
30/09/2025,11:00,    8.4,0
30/09/2025,12:00,    8.8,0
30/09/2025,13:00,    8.1,0
30/09/2025,14:00,    7.0,0
30/09/2025,15:00,    7.0,0
30/09/2025,16:00,    6.3,0
30/09/2025,17:00,    6.2,0
30/09/2025,18:00,    5.9,0
30/09/2025,19:00,    5.8,0
30/09/2025,20:00,    6.1,0
30/09/2025,21:00,    6.2,0
30/09/2025,22:00,    5.1,0
30/09/2025,23:00,    5.2,0
01/10/2025,00:00,    4.8,0
01/10/2025,01:00,    4.8,0
01/10/2025,02:00,    4.2,0
01/10/2025,03:00,    4.4,0
01/10/2025,04:00,    4.4,0
01/10/2025,05:00,    4.1,0
01/10/2025,06:00,    3.8,0
01/10/2025,07:00,    3.7,0
01/10/2025,08:00,    4.1,0
01/10/2025,09:00,    4.8,0
01/10/2025,10:00,    4.8,0
01/10/2025,11:00,    4.1,0
01/10/2025,12:00,    3.6,0
01/10/2025,13:00,    4.0,0
01/10/2025,14:00,    2.7,0
01/10/2025,15:00,    3.3,0
01/10/2025,16:00,    3.1,0
01/10/2025,17:00,    3.9,0
01/10/2025,18:00,    3.9,0
01/10/2025,19:00,    3.0,0
01/10/2025,20:00,    4.0,0
01/10/2025,21:00,    4.3,0
01/10/2025,22:00,    3.4,0
01/10/2025,23:00,    2.5,0
02/10/2025,00:00,    2.4,0
02/10/2025,01:00,    2.4,0
02/10/2025,02:00,    2.5,0
02/10/2025,03:00,    2.5,0
02/10/2025,04:00,    2.1,0
02/10/2025,05:00,    2.2,0
02/10/2025,06:00,    2.0,0
02/10/2025,07:00,    1.9,0
02/10/2025,08:00,    1.8,0
02/10/2025,09:00,    2.3,0
02/10/2025,10:00,    3.3,0
02/10/2025,11:00,    5.4,0
02/10/2025,12:00,    6.5,0
02/10/2025,13:00,    6.6,0
02/10/2025,14:00,    5.7,0
02/10/2025,15:00,    4.1,0
02/10/2025,16:00,    4.0,0
02/10/2025,17:00,    3.0,0
02/10/2025,18:00,    2.6,0
02/10/2025,19:00,    3.3,0
02/10/2025,20:00,    3.6,0
02/10/2025,21:00,    4.5,0
02/10/2025,22:00,    4.4,0
02/10/2025,23:00,    3.7,0
03/10/2025,00:00,    3.5,0
03/10/2025,01:00,    3.1,0
03/10/2025,02:00,    2.8,0
03/10/2025,03:00,    2.8,0
03/10/2025,04:00,    3.2,0
03/10/2025,05:00,    3.0,0
03/10/2025,06:00,    2.9,0
03/10/2025,07:00,    3.5,0
03/10/2025,08:00,    3.5,0
03/10/2025,09:00,    5.4,0
03/10/2025,10:00,    6.6,0
03/10/2025,11:00,    7.3,0
03/10/2025,12:00,    7.2,0
03/10/2025,13:00,    7.9,0
03/10/2025,14:00,    8.9,0
03/10/2025,15:00,    7.6,0
03/10/2025,16:00,    7.3,0
03/10/2025,17:00,    7.5,0
03/10/2025,18:00,    8.0,0
03/10/2025,19:00,    8.6,0
03/10/2025,20:00,    9.2,0
03/10/2025,21:00,    8.8,0
03/10/2025,22:00,    8.5,0
03/10/2025,23:00,    8.7,0
04/10/2025,00:00,    8.7,0
04/10/2025,01:00,    8.8,0
04/10/2025,02:00,    8.6,0
04/10/2025,03:00,    8.6,0
04/10/2025,04:00,    8.8,0
04/10/2025,05:00,   10.3,0
04/10/2025,06:00,    9.9,0
04/10/2025,07:00,   11.3,0
04/10/2025,08:00,   11.9,0
04/10/2025,09:00,   13.0,0
04/10/2025,10:00,   15.0,0
04/10/2025,11:00,   14.6,0
04/10/2025,12:00,   15.1,0
04/10/2025,13:00,   15.0,0
04/10/2025,14:00,   15.3,0
04/10/2025,15:00,   14.9,0
04/10/2025,16:00,   14.4,0
04/10/2025,17:00,   14.3,0
04/10/2025,18:00,   13.9,0
04/10/2025,19:00,   13.5,0
04/10/2025,20:00,   12.2,0
04/10/2025,21:00,   11.3,0
04/10/2025,22:00,    9.3,0
04/10/2025,23:00,    8.4,0
05/10/2025,00:00,    8.0,0
05/10/2025,01:00,    7.0,0
05/10/2025,02:00,    4.6,0
05/10/2025,03:00,    3.6,0
05/10/2025,04:00,    2.4,0
05/10/2025,05:00,    2.9,0
05/10/2025,06:00,    2.6,0
05/10/2025,07:00,    2.4,0
05/10/2025,08:00,    4.1,0
05/10/2025,09:00,    5.8,0
05/10/2025,10:00,    7.4,0
05/10/2025,11:00,    8.3,0
05/10/2025,12:00,   10.0,0
05/10/2025,13:00,    9.9,0
05/10/2025,14:00,    7.6,0
05/10/2025,15:00,    6.1,0
05/10/2025,16:00,    5.9,0
05/10/2025,17:00,    4.8,0
05/10/2025,18:00,    4.4,0
05/10/2025,19:00,    4.0,0
05/10/2025,20:00,    3.7,0
05/10/2025,21:00,    3.2,0
05/10/2025,22:00,    2.8,0
05/10/2025,23:00,    2.7,0
06/10/2025,00:00,    2.5,0
06/10/2025,01:00,    2.6,0
06/10/2025,02:00,    2.8,0
06/10/2025,03:00,    3.3,0
06/10/2025,04:00,    3.8,0
06/10/2025,05:00,    3.9,0
06/10/2025,06:00,    4.1,0
06/10/2025,07:00,    3.9,0
06/10/2025,08:00,    6.0,0
06/10/2025,09:00,    7.7,0
06/10/2025,10:00,    8.0,0
06/10/2025,11:00,   10.2,0
06/10/2025,12:00,   10.3,0
06/10/2025,13:00,   10.8,0
06/10/2025,14:00,   10.6,0
06/10/2025,15:00,    9.5,0
06/10/2025,16:00,    9.1,0
06/10/2025,17:00,    8.2,0
06/10/2025,18:00,    8.1,0
06/10/2025,19:00,    7.9,0
06/10/2025,20:00,    8.4,0
06/10/2025,21:00,    7.9,0
06/10/2025,22:00,    8.2,0
06/10/2025,23:00,    8.3,0
07/10/2025,00:00,    8.2,0
07/10/2025,01:00,    8.2,0
07/10/2025,02:00,    8.4,0
07/10/2025,03:00,    8.3,0
07/10/2025,04:00,    8.8,0
07/10/2025,05:00,    8.9,0
07/10/2025,06:00,    9.3,0
07/10/2025,07:00,    9.5,0
07/10/2025,08:00,   11.0,0
07/10/2025,09:00,   12.2,0
07/10/2025,10:00,   12.6,0
07/10/2025,11:00,   13.3,0
07/10/2025,12:00,   13.8,0
07/10/2025,13:00,   14.6,0
07/10/2025,14:00,   14.5,0
07/10/2025,15:00,   13.3,0
07/10/2025,16:00,   11.4,0
07/10/2025,17:00,   10.9,0
07/10/2025,18:00,   11.2,0
07/10/2025,19:00,   11.0,0
07/10/2025,20:00,   11.0,0
07/10/2025,21:00,   11.0,0
07/10/2025,22:00,   10.0,0
07/10/2025,23:00,    9.4,0
08/10/2025,00:00,    8.7,0
08/10/2025,01:00,    8.5,0
08/10/2025,02:00,    8.1,0
08/10/2025,03:00,    7.7,0
08/10/2025,04:00,    7.8,0
08/10/2025,05:00,    8.4,0
08/10/2025,06:00,    8.9,0
08/10/2025,07:00,    9.3,0
08/10/2025,08:00,   10.8,0
08/10/2025,09:00,   12.5,0
08/10/2025,10:00,   12.3,0
08/10/2025,11:00,   12.6,0
08/10/2025,12:00,   10.9,0
08/10/2025,13:00,   11.9,0
08/10/2025,14:00,   12.0,0
08/10/2025,15:00,   10.7,0
08/10/2025,16:00,   10.0,0
08/10/2025,17:00,    9.7,0
08/10/2025,18:00,    9.2,0
08/10/2025,19:00,    9.0,0
08/10/2025,20:00,    8.9,0
08/10/2025,21:00,    8.8,0
08/10/2025,22:00,    8.4,0
08/10/2025,23:00,    8.2,0
09/10/2025,00:00,    8.2,0
09/10/2025,01:00,    7.9,0
09/10/2025,02:00,    6.5,0
09/10/2025,03:00,    6.4,0
09/10/2025,04:00,    6.9,0
09/10/2025,05:00,    6.8,0
09/10/2025,06:00,    6.4,0
09/10/2025,07:00,    6.5,0
09/10/2025,08:00,    7.8,0
09/10/2025,09:00,    9.0,0
09/10/2025,10:00,    9.5,0
09/10/2025,11:00,   10.4,0
09/10/2025,12:00,   11.1,0
09/10/2025,13:00,   11.3,0
09/10/2025,14:00,   10.9,0
09/10/2025,15:00,    9.5,0
09/10/2025,16:00,    8.6,0
09/10/2025,17:00,    8.3,0
09/10/2025,18:00,    7.8,0
09/10/2025,19:00,    7.4,0
09/10/2025,20:00,    6.9,0
09/10/2025,21:00,    6.7,0
09/10/2025,22:00,    6.6,0
09/10/2025,23:00,    6.0,0
10/10/2025,00:00,    5.4,0
10/10/2025,01:00,    4.6,0
10/10/2025,02:00,    4.2,0
10/10/2025,03:00,    3.9,0
10/10/2025,04:00,    5.3,0
10/10/2025,05:00,    6.0,0
10/10/2025,06:00,    5.8,0
10/10/2025,07:00,    6.0,0
10/10/2025,08:00,    7.3,0
10/10/2025,09:00,    9.3,0
10/10/2025,10:00,   10.7,0
10/10/2025,11:00,   10.7,0
10/10/2025,12:00,   11.3,0
10/10/2025,13:00,   10.9,0
10/10/2025,14:00,   11.9,0
10/10/2025,15:00,   10.5,0
10/10/2025,16:00,    9.5,0
10/10/2025,17:00,    9.1,0
10/10/2025,18:00,    8.8,0
10/10/2025,19:00,    8.7,0
10/10/2025,20:00,    8.6,0
10/10/2025,21:00,    8.5,0
10/10/2025,22:00,    8.4,0
10/10/2025,23:00,    8.6,0
11/10/2025,00:00,    8.7,0
11/10/2025,01:00,    8.6,0
11/10/2025,02:00,    8.2,0
11/10/2025,03:00,    8.5,0
11/10/2025,04:00,    8.4,0
11/10/2025,05:00,    8.3,0
11/10/2025,06:00,    8.3,0
11/10/2025,07:00,    8.4,0
11/10/2025,08:00,    9.5,0
11/10/2025,09:00,   10.5,0
11/10/2025,10:00,   12.0,0
11/10/2025,11:00,   14.3,0
11/10/2025,12:00,   14.7,0
11/10/2025,13:00,   14.8,0
11/10/2025,14:00,   15.2,0
11/10/2025,15:00,   12.7,0
11/10/2025,16:00,   11.4,0
11/10/2025,17:00,   10.9,0
11/10/2025,18:00,   10.9,0
11/10/2025,19:00,   10.4,0
11/10/2025,20:00,   10.6,0
11/10/2025,21:00,   10.0,0
11/10/2025,22:00,    9.6,0
11/10/2025,23:00,    9.4,0
12/10/2025,00:00,    9.3,0
12/10/2025,01:00,    9.4,0
12/10/2025,02:00,    8.7,0
12/10/2025,03:00,    9.1,0
12/10/2025,04:00,    8.4,0
12/10/2025,05:00,    8.5,0
12/10/2025,06:00,    8.0,0
12/10/2025,07:00,    8.4,0
12/10/2025,08:00,    9.1,0
12/10/2025,09:00,   10.8,0
12/10/2025,10:00,   12.7,0
12/10/2025,11:00,   12.7,0
12/10/2025,12:00,   13.7,0
12/10/2025,13:00,   13.6,0
12/10/2025,14:00,   12.7,0
12/10/2025,15:00,    9.9,0
12/10/2025,16:00,    9.6,0
12/10/2025,17:00,    8.7,0
12/10/2025,18:00,    8.7,0
12/10/2025,19:00,    8.0,0
12/10/2025,20:00,    9.4,0
12/10/2025,21:00,    9.1,0
12/10/2025,22:00,    9.4,0
12/10/2025,23:00,    9.4,0
13/10/2025,00:00,    9.3,0
13/10/2025,01:00,    9.5,0
13/10/2025,02:00,    8.7,0
13/10/2025,03:00,    8.4,0
13/10/2025,04:00,    9.1,0
13/10/2025,05:00,    9.0,0
13/10/2025,06:00,    9.1,0
13/10/2025,07:00,    9.0,0
13/10/2025,08:00,    9.7,0
13/10/2025,09:00,    8.5,*
13/10/2025,10:00,    5.3,0
13/10/2025,11:00,    6.7,0
13/10/2025,12:00,    8.3,0
13/10/2025,13:00,    9.4,0
13/10/2025,14:00,    9.0,0
13/10/2025,15:00,    7.4,0
13/10/2025,16:00,    6.1,0
13/10/2025,17:00,    5.8,0
13/10/2025,18:00,    5.7,0
13/10/2025,19:00,    5.3,0
13/10/2025,20:00,    5.0,0
13/10/2025,21:00,    4.7,0
13/10/2025,22:00,    4.4,0
13/10/2025,23:00,    4.3,0
14/10/2025,00:00,    4.0,0
14/10/2025,01:00,    4.1,0
14/10/2025,02:00,    4.0,0
14/10/2025,03:00,    3.9,0
14/10/2025,04:00,    3.7,0
14/10/2025,05:00,    3.0,0
14/10/2025,06:00,    2.8,0
14/10/2025,07:00,    2.9,0
14/10/2025,08:00,    2.8,0
14/10/2025,09:00,    3.4,0
14/10/2025,10:00,    5.5,0
14/10/2025,11:00,    7.0,0
14/10/2025,12:00,    8.0,0
14/10/2025,13:00,    8.8,0
14/10/2025,14:00,    7.2,0
14/10/2025,15:00,    6.0,0
14/10/2025,16:00,    5.5,0
14/10/2025,17:00,    5.2,0
14/10/2025,18:00,    5.3,0
14/10/2025,19:00,    5.1,0
14/10/2025,20:00,    4.8,0
14/10/2025,21:00,    4.8,0
14/10/2025,22:00,    4.6,0
14/10/2025,23:00,    4.4,0
15/10/2025,00:00,    4.4,0
15/10/2025,01:00,    4.1,0
15/10/2025,02:00,    3.2,0
15/10/2025,03:00,    3.3,0
15/10/2025,04:00,    3.2,0
15/10/2025,05:00,    3.8,0
15/10/2025,06:00,    3.6,0
15/10/2025,07:00,    3.8,0
15/10/2025,08:00,    4.0,0
15/10/2025,09:00,    3.6,0
15/10/2025,10:00,    4.4,0
15/10/2025,11:00,    6.0,0
15/10/2025,12:00,    7.2,0
15/10/2025,13:00,    7.7,0
15/10/2025,14:00,    5.8,0
15/10/2025,15:00,    4.9,0
15/10/2025,16:00,    4.9,0
15/10/2025,17:00,    4.3,0
15/10/2025,18:00,    4.3,0
15/10/2025,19:00,    3.7,0
15/10/2025,20:00,    4.5,0
15/10/2025,21:00,    4.3,0
15/10/2025,22:00,    4.4,0
15/10/2025,23:00,    3.8,0
16/10/2025,00:00,    4.2,0
16/10/2025,01:00,    4.1,0
16/10/2025,02:00,    2.8,0
16/10/2025,03:00,    3.1,0
16/10/2025,04:00,    3.1,0
16/10/2025,05:00,    2.9,0
16/10/2025,06:00,    2.7,0
16/10/2025,07:00,    2.9,0
16/10/2025,08:00,    3.2,0
16/10/2025,09:00,    4.6,0
16/10/2025,10:00,    4.8,0
16/10/2025,11:00,    6.4,0
16/10/2025,12:00,    6.2,0
16/10/2025,13:00,    6.7,0
16/10/2025,14:00,    6.4,0
16/10/2025,15:00,    5.3,0
16/10/2025,16:00,    4.4,0
16/10/2025,17:00,    4.3,0
16/10/2025,18:00,    4.1,0
16/10/2025,19:00,    3.9,0
16/10/2025,20:00,    4.0,0
16/10/2025,21:00,    3.9,0
16/10/2025,22:00,    3.2,0
16/10/2025,23:00,    3.2,0
17/10/2025,00:00,    3.2,0
17/10/2025,01:00,    3.4,0
17/10/2025,02:00,    2.8,0
17/10/2025,03:00,    2.7,0
17/10/2025,04:00,    3.4,0
17/10/2025,05:00,    3.0,0
17/10/2025,06:00,    2.9,0
17/10/2025,07:00,    2.7,0
17/10/2025,08:00,    3.6,0
17/10/2025,09:00,    3.2,0
17/10/2025,10:00,    3.9,0
17/10/2025,11:00,    5.3,0
17/10/2025,12:00,    6.6,0
17/10/2025,13:00,    7.2,0
17/10/2025,14:00,    7.1,0
17/10/2025,15:00,    5.3,0
17/10/2025,16:00,    4.1,0
17/10/2025,17:00,    3.5,0
17/10/2025,18:00,    3.2,0
17/10/2025,19:00,    3.1,0
17/10/2025,20:00,    2.8,0
17/10/2025,21:00,    2.3,0
17/10/2025,22:00,    1.9,0
17/10/2025,23:00,    1.3,0
18/10/2025,00:00,    1.3,0
18/10/2025,01:00,    3.2,0
18/10/2025,02:00,    4.4,0
18/10/2025,03:00,    4.4,0
18/10/2025,04:00,    4.1,0
18/10/2025,05:00,    3.9,0
18/10/2025,06:00,    3.5,0
18/10/2025,07:00,    3.7,0
18/10/2025,08:00,    4.7,0
18/10/2025,09:00,    6.4,0
18/10/2025,10:00,    8.1,0
18/10/2025,11:00,    8.4,0
18/10/2025,12:00,    8.4,0
18/10/2025,13:00,    9.1,0
18/10/2025,14:00,    8.2,0
18/10/2025,15:00,    6.8,0
18/10/2025,16:00,    5.3,0
18/10/2025,17:00,    5.0,0
18/10/2025,18:00,    4.5,0
18/10/2025,19:00,    4.4,0
18/10/2025,20:00,    5.0,0
18/10/2025,21:00,    4.7,0
18/10/2025,22:00,    2.9,0
18/10/2025,23:00,    2.9,0
19/10/2025,00:00,    1.4,0
19/10/2025,01:00,    1.0,0
19/10/2025,02:00,    0.3,0
19/10/2025,03:00,   -0.1,0
19/10/2025,04:00,    0.0,0
19/10/2025,05:00,    0.4,0
19/10/2025,06:00,    0.5,0
19/10/2025,07:00,    0.6,0
19/10/2025,08:00,    0.8,0
19/10/2025,09:00,    1.7,0
19/10/2025,10:00,    3.2,0
19/10/2025,11:00,    3.9,0
19/10/2025,12:00,    5.4,0
19/10/2025,13:00,    6.0,0
19/10/2025,14:00,    4.5,0
19/10/2025,15:00,    5.7,0
19/10/2025,16:00,    3.0,0
19/10/2025,17:00,    3.0,0
19/10/2025,18:00,    2.6,0
19/10/2025,19:00,    2.8,0
19/10/2025,20:00,    2.2,0
19/10/2025,21:00,    2.4,0
19/10/2025,22:00,    2.2,0
19/10/2025,23:00,    5.9,0
20/10/2025,00:00,    6.4,0
20/10/2025,01:00,    5.8,0
20/10/2025,02:00,    6.0,0
20/10/2025,03:00,    5.2,0
20/10/2025,04:00,    5.4,0
20/10/2025,05:00,    5.2,0
20/10/2025,06:00,    4.2,0
20/10/2025,07:00,    4.5,0
20/10/2025,08:00,    4.3,0
20/10/2025,09:00,    3.0,0
20/10/2025,10:00,    3.0,0
20/10/2025,11:00,    5.5,0
20/10/2025,12:00,    1.7,0
20/10/2025,13:00,    1.6,0
20/10/2025,14:00,    0.9,0
20/10/2025,15:00,    2.3,0
20/10/2025,16:00,    3.0,0
20/10/2025,17:00,    4.5,0
20/10/2025,18:00,    5.2,0
20/10/2025,19:00,    6.6,0
20/10/2025,20:00,    4.4,0
20/10/2025,21:00,    6.2,0
20/10/2025,22:00,    7.6,0
20/10/2025,23:00,    5.3,0
21/10/2025,00:00,    4.3,0
21/10/2025,01:00,    4.1,0
21/10/2025,02:00,    4.4,0
21/10/2025,03:00,    4.1,0
21/10/2025,04:00,    4.5,0
21/10/2025,05:00,    4.8,0
21/10/2025,06:00,    5.2,0
21/10/2025,07:00,    5.3,0
21/10/2025,08:00,    6.1,0
21/10/2025,09:00,    7.1,0
21/10/2025,10:00,    7.8,0
21/10/2025,11:00,    7.0,0
21/10/2025,12:00,    7.1,0
21/10/2025,13:00,    6.5,0
21/10/2025,14:00,    5.8,0
21/10/2025,15:00,    7.6,0
21/10/2025,16:00,    8.0,0
21/10/2025,17:00,    8.1,0
21/10/2025,18:00,    8.4,0
21/10/2025,19:00,    5.7,0
21/10/2025,20:00,    6.1,0
21/10/2025,21:00,    8.6,0
21/10/2025,22:00,    8.6,0
21/10/2025,23:00,    7.2,0
22/10/2025,00:00,    7.9,0
22/10/2025,01:00,    9.6,0
22/10/2025,02:00,   10.0,0
22/10/2025,03:00,    9.8,0
22/10/2025,04:00,    9.6,0
22/10/2025,05:00,    9.6,0
22/10/2025,06:00,    8.8,0
22/10/2025,07:00,    8.6,0
22/10/2025,08:00,    9.4,0
22/10/2025,09:00,    7.5,0
22/10/2025,10:00,    8.1,0
22/10/2025,11:00,    9.3,0
22/10/2025,12:00,   10.3,0
22/10/2025,13:00,   11.0,0
22/10/2025,14:00,   10.3,0
22/10/2025,15:00,   10.3,0
22/10/2025,16:00,   10.5,0
22/10/2025,17:00,   10.1,0
22/10/2025,18:00,   10.0,0
22/10/2025,19:00,   10.1,0
22/10/2025,20:00,   10.3,0
22/10/2025,21:00,   10.3,0
22/10/2025,22:00,   10.1,0
22/10/2025,23:00,    9.4,0
23/10/2025,00:00,    9.3,0
23/10/2025,01:00,    8.9,0
23/10/2025,02:00,    9.6,0
23/10/2025,03:00,    9.1,0
23/10/2025,04:00,    8.2,0
23/10/2025,05:00,    8.1,0
23/10/2025,06:00,    7.4,0
23/10/2025,07:00,    7.9,0
23/10/2025,08:00,    7.6,0
23/10/2025,09:00,    8.5,0
23/10/2025,10:00,    8.8,0
23/10/2025,11:00,    8.5,0
23/10/2025,12:00,    8.5,0
23/10/2025,13:00,    6.5,0
23/10/2025,14:00,    7.3,0
23/10/2025,15:00,    4.7,0
23/10/2025,16:00,    4.0,0
23/10/2025,17:00,    4.7,0
23/10/2025,18:00,    6.1,0
23/10/2025,19:00,    6.3,0
23/10/2025,20:00,    6.1,0
23/10/2025,21:00,    5.4,0
23/10/2025,22:00,    3.5,0
23/10/2025,23:00,    3.1,0
24/10/2025,00:00,    2.4,0
24/10/2025,01:00,    1.4,0
24/10/2025,02:00,    1.2,0
24/10/2025,03:00,    1.6,0
24/10/2025,04:00,    3.3,0
24/10/2025,05:00,    2.2,0
24/10/2025,06:00,    2.8,0
24/10/2025,07:00,    4.5,0
24/10/2025,08:00,    5.1,0
24/10/2025,09:00,    4.7,0
24/10/2025,10:00,    5.6,0
24/10/2025,11:00,    5.9,0
24/10/2025,12:00,    6.9,0
24/10/2025,13:00,    7.5,0
24/10/2025,14:00,    7.0,0
24/10/2025,15:00,    5.7,0
24/10/2025,16:00,    4.8,0
24/10/2025,17:00,    3.6,0
24/10/2025,18:00,    3.2,0
24/10/2025,19:00,    3.0,0
24/10/2025,20:00,    3.1,0
24/10/2025,21:00,    2.9,0
24/10/2025,22:00,    2.8,0
24/10/2025,23:00,    2.9,0
25/10/2025,00:00,    3.1,0
25/10/2025,01:00,    3.0,0
25/10/2025,02:00,    3.3,0
25/10/2025,03:00,    3.5,0
25/10/2025,04:00,    3.5,0
25/10/2025,05:00,    3.6,0
25/10/2025,06:00,    4.2,0
25/10/2025,07:00,    4.6,0
25/10/2025,08:00,    5.3,0
25/10/2025,09:00,    6.4,0
25/10/2025,10:00,    7.0,0
25/10/2025,11:00,    7.5,0
25/10/2025,12:00,    7.7,0
25/10/2025,13:00,    7.2,0
25/10/2025,14:00,    7.4,0
25/10/2025,15:00,    7.2,0
25/10/2025,16:00,    7.1,0
25/10/2025,17:00,    6.5,0
25/10/2025,18:00,    6.2,0
25/10/2025,19:00,    6.5,0
25/10/2025,20:00,    6.8,0
25/10/2025,21:00,    5.6,0
25/10/2025,22:00,    4.3,0
25/10/2025,23:00,    4.1,0
26/10/2025,00:00,    3.6,0
26/10/2025,01:00,    3.2,0
26/10/2025,02:00,    3.1,0
26/10/2025,03:00,    3.2,0
26/10/2025,04:00,    3.0,0
26/10/2025,05:00,    2.9,0
26/10/2025,06:00,    3.0,0
26/10/2025,07:00,    2.1,0
26/10/2025,08:00,    3.3,0
26/10/2025,09:00,    4.1,0
26/10/2025,10:00,    4.3,0
26/10/2025,11:00,    5.5,0
26/10/2025,12:00,    5.8,0
26/10/2025,13:00,    8.0,0
26/10/2025,14:00,    8.1,0
26/10/2025,15:00,    5.6,0
26/10/2025,16:00,    3.6,0
26/10/2025,17:00,    2.6,0
26/10/2025,18:00,    2.1,0
26/10/2025,19:00,    1.5,0
26/10/2025,20:00,    0.8,0
26/10/2025,21:00,    0.7,0
26/10/2025,22:00,    0.3,0
26/10/2025,23:00,    0.7,0
27/10/2025,00:00,    1.5,0
27/10/2025,01:00,    2.5,0
27/10/2025,02:00,    2.6,0
27/10/2025,03:00,    3.0,0
27/10/2025,04:00,    4.2,0
27/10/2025,05:00,    4.9,0
27/10/2025,06:00,    4.5,0
27/10/2025,07:00,    4.8,0
27/10/2025,08:00,    6.2,0
27/10/2025,09:00,    7.4,0
27/10/2025,10:00,    8.4,0
27/10/2025,11:00,    8.8,0
27/10/2025,12:00,    9.4,0
27/10/2025,13:00,   11.3,0
27/10/2025,14:00,   10.7,0
27/10/2025,15:00,   10.0,0
27/10/2025,16:00,   10.0,0
27/10/2025,17:00,    9.1,0
27/10/2025,18:00,    7.0,0
27/10/2025,19:00,    7.6,0
27/10/2025,20:00,    7.5,0
27/10/2025,21:00,    7.3,0
27/10/2025,22:00,    7.1,0
27/10/2025,23:00,    7.3,0
28/10/2025,00:00,    6.7,0
28/10/2025,01:00,    7.2,0
28/10/2025,02:00,    7.1,0
28/10/2025,03:00,    6.6,0
28/10/2025,04:00,    6.5,0
28/10/2025,05:00,    7.1,0
28/10/2025,06:00,    7.1,0
28/10/2025,07:00,    7.2,0
28/10/2025,08:00,    7.9,0
28/10/2025,09:00,    9.0,0
28/10/2025,10:00,   11.2,0
28/10/2025,11:00,   12.0,0
28/10/2025,12:00,   12.2,0
28/10/2025,13:00,   11.0,0
28/10/2025,14:00,   11.9,0
28/10/2025,15:00,    9.6,0
28/10/2025,16:00,    8.6,0
28/10/2025,17:00,    7.7,0
28/10/2025,18:00,    7.9,0
28/10/2025,19:00,    7.9,0
28/10/2025,20:00,    6.9,0
28/10/2025,21:00,    7.0,0
28/10/2025,22:00,    6.8,0
28/10/2025,23:00,    4.6,0
29/10/2025,00:00,    5.8,0
29/10/2025,01:00,    9.1,0
29/10/2025,02:00,    8.5,*
29/10/2025,03:00,    1.4,0
29/10/2025,04:00,    3.6,0
29/10/2025,05:00,    4.7,0
29/10/2025,06:00,    2.1,0
29/10/2025,07:00,    0.2,0
29/10/2025,08:00,    0.2,0
29/10/2025,09:00,    1.1,0
29/10/2025,10:00,    2.0,0
29/10/2025,11:00,    3.0,0
29/10/2025,12:00,    4.8,0
29/10/2025,13:00,    5.2,0
29/10/2025,14:00,    5.0,0
29/10/2025,15:00,    4.7,0
29/10/2025,16:00,    4.5,0
29/10/2025,17:00,    2.4,0
29/10/2025,18:00,    1.9,0
29/10/2025,19:00,    1.8,0
29/10/2025,20:00,    2.5,0
29/10/2025,21:00,    4.1,0
29/10/2025,22:00,    3.4,0
29/10/2025,23:00,    3.5,0
30/10/2025,00:00,    5.7,0
30/10/2025,01:00,    5.6,0
30/10/2025,02:00,    1.3,0
30/10/2025,03:00,    1.3,0
30/10/2025,04:00,    0.9,0
30/10/2025,05:00,    2.6,0
30/10/2025,06:00,    6.1,0
30/10/2025,07:00,    4.9,0
30/10/2025,08:00,    2.0,0
30/10/2025,09:00,    2.8,0
30/10/2025,10:00,    3.3,0
30/10/2025,11:00,    2.9,0
30/10/2025,12:00,    4.0,0
30/10/2025,13:00,    4.1,0
30/10/2025,14:00,    4.0,0
30/10/2025,15:00,    3.7,0
30/10/2025,16:00,    3.6,0
30/10/2025,17:00,    3.1,0
30/10/2025,18:00,    3.2,0
30/10/2025,19:00,    3.5,0
30/10/2025,20:00,    2.9,0
30/10/2025,21:00,    2.9,0
30/10/2025,22:00,    3.3,0
30/10/2025,23:00,    3.2,0
31/10/2025,00:00,    3.5,0
31/10/2025,01:00,    3.9,0
31/10/2025,02:00,    4.1,0
31/10/2025,03:00,    4.1,0
31/10/2025,04:00,    4.4,0
31/10/2025,05:00,    4.3,0
31/10/2025,06:00,    4.2,0
31/10/2025,07:00,    4.9,0
31/10/2025,08:00,    5.8,0
31/10/2025,09:00,    5.3,0
31/10/2025,10:00,    7.3,0
31/10/2025,11:00,    7.1,0
31/10/2025,12:00,    7.7,0
31/10/2025,13:00,    7.3,0
31/10/2025,14:00,    7.3,0
31/10/2025,15:00,    6.3,0
31/10/2025,16:00,    6.0,0
31/10/2025,17:00,    5.6,0
31/10/2025,18:00,    5.7,0
31/10/2025,19:00,    5.6,0
31/10/2025,20:00,    5.0,0
31/10/2025,21:00,    4.5,0
31/10/2025,22:00,    4.6,0
31/10/2025,23:00,    4.0,0
01/11/2025,00:00,    4.8,0
01/11/2025,01:00,    4.7,0
01/11/2025,02:00,    4.8,0
01/11/2025,03:00,    4.8,0
01/11/2025,04:00,    4.0,0
01/11/2025,05:00,    4.8,0
01/11/2025,06:00,    2.8,0
01/11/2025,07:00,    2.8,0
01/11/2025,08:00,    2.7,0
01/11/2025,09:00,    7.4,0
01/11/2025,10:00,    5.5,0
01/11/2025,11:00,    6.5,0
01/11/2025,12:00,    8.4,0
01/11/2025,13:00,   10.0,0
01/11/2025,14:00,    9.5,0
01/11/2025,15:00,    8.9,0
01/11/2025,16:00,    8.9,0
01/11/2025,17:00,    8.8,0
01/11/2025,18:00,    8.5,0
01/11/2025,19:00,    8.5,0
01/11/2025,20:00,    8.0,0
01/11/2025,21:00,    7.8,0
01/11/2025,22:00,    7.7,0
01/11/2025,23:00,    7.3,0
02/11/2025,00:00,    7.1,0
02/11/2025,01:00,    7.0,0
02/11/2025,02:00,    6.7,0
02/11/2025,03:00,    6.3,0
02/11/2025,04:00,    6.1,0
02/11/2025,05:00,    6.4,0
02/11/2025,06:00,    6.5,0
02/11/2025,07:00,    6.6,0
02/11/2025,08:00,    6.4,0
02/11/2025,09:00,    6.5,0
02/11/2025,10:00,    5.5,0
02/11/2025,11:00,    5.6,0
02/11/2025,12:00,    6.0,0
02/11/2025,13:00,    6.8,0
02/11/2025,14:00,    5.5,0
02/11/2025,15:00,    4.7,0
02/11/2025,16:00,    4.3,0
02/11/2025,17:00,    3.9,0
02/11/2025,18:00,    4.8,0
02/11/2025,19:00,    5.6,0
02/11/2025,20:00,    4.8,0
02/11/2025,21:00,    3.5,0
02/11/2025,22:00,    3.2,0
02/11/2025,23:00,    3.3,0
03/11/2025,00:00,    3.3,0
03/11/2025,01:00,    3.3,0
03/11/2025,02:00,    2.7,0
03/11/2025,03:00,    2.1,0
03/11/2025,04:00,    1.8,0
03/11/2025,05:00,    1.5,0
03/11/2025,06:00,    1.6,0
03/11/2025,07:00,    1.7,0
03/11/2025,08:00,    2.1,0
03/11/2025,09:00,    2.5,0
03/11/2025,10:00,    4.0,0
03/11/2025,11:00,    5.0,0
03/11/2025,12:00,    5.5,0
03/11/2025,13:00,    6.6,0
03/11/2025,14:00,    6.2,0
03/11/2025,15:00,    4.8,0
03/11/2025,16:00,    4.0,0
03/11/2025,17:00,    3.4,0
03/11/2025,18:00,    3.7,0
03/11/2025,19:00,    3.7,0
03/11/2025,20:00,    3.1,0
03/11/2025,21:00,    2.7,0
03/11/2025,22:00,    2.3,0
03/11/2025,23:00,    3.5,0
04/11/2025,00:00,    2.9,0
04/11/2025,01:00,    2.8,0
04/11/2025,02:00,    3.3,0
04/11/2025,03:00,    3.9,0
04/11/2025,04:00,    3.5,0
04/11/2025,05:00,    3.8,0
04/11/2025,06:00,    4.0,0
04/11/2025,07:00,    3.9,0
04/11/2025,08:00,    4.6,0
04/11/2025,09:00,    5.4,0
04/11/2025,10:00,    7.0,0
04/11/2025,11:00,    7.6,0
04/11/2025,12:00,    8.2,0
04/11/2025,13:00,    9.2,0
04/11/2025,14:00,    8.7,0
04/11/2025,15:00,    5.5,0
04/11/2025,16:00,    5.2,0
04/11/2025,17:00,    5.5,0
04/11/2025,18:00,    5.3,0
04/11/2025,19:00,    4.3,0
04/11/2025,20:00,    4.3,0
04/11/2025,21:00,    4.5,0
04/11/2025,22:00,    4.5,0
04/11/2025,23:00,    5.1,0
05/11/2025,00:00,    7.0,0
05/11/2025,01:00,    8.3,0
05/11/2025,02:00,   10.0,0
05/11/2025,03:00,    9.9,0
05/11/2025,04:00,   10.0,0
05/11/2025,05:00,    9.8,0
05/11/2025,06:00,    9.8,0
05/11/2025,07:00,   10.1,0
05/11/2025,08:00,   10.8,0
05/11/2025,09:00,    7.1,*
05/11/2025,10:00,    8.9,0
05/11/2025,11:00,    9.3,0
05/11/2025,12:00,   10.1,0
05/11/2025,13:00,   10.5,0
05/11/2025,14:00,    9.4,0
05/11/2025,15:00,    6.6,0
05/11/2025,16:00,    5.8,0
05/11/2025,17:00,    6.1,0
05/11/2025,18:00,    7.7,0
05/11/2025,19:00,    7.3,0
05/11/2025,20:00,    4.8,0
05/11/2025,21:00,    4.1,0
05/11/2025,22:00,    4.4,0
05/11/2025,23:00,    5.8,0
06/11/2025,00:00,    5.6,0
06/11/2025,01:00,    4.9,0
06/11/2025,02:00,    4.2,0
06/11/2025,03:00,    3.5,0
06/11/2025,04:00,    2.8,0
06/11/2025,05:00,    2.7,0
06/11/2025,06:00,    2.5,0
06/11/2025,07:00,    2.6,0
06/11/2025,08:00,    3.0,0
06/11/2025,09:00,    3.8,0
06/11/2025,10:00,    4.6,0
06/11/2025,11:00,    5.6,0
06/11/2025,12:00,    5.8,0
06/11/2025,13:00,    7.0,0
06/11/2025,14:00,    6.4,0
06/11/2025,15:00,    4.4,0
06/11/2025,16:00,    4.0,0
06/11/2025,17:00,    3.4,0
06/11/2025,18:00,    2.7,0
06/11/2025,19:00,    2.7,0
06/11/2025,20:00,    2.3,0
06/11/2025,21:00,    2.5,0
06/11/2025,22:00,    2.4,0
06/11/2025,23:00,    1.9,0
07/11/2025,00:00,    1.9,0
07/11/2025,01:00,    1.5,0
07/11/2025,02:00,    1.2,0
07/11/2025,03:00,   -0.9,0
07/11/2025,04:00,   -1.9,0
07/11/2025,05:00,   -2.4,0
07/11/2025,06:00,   -2.6,0
07/11/2025,07:00,   -2.0,0
07/11/2025,08:00,   -1.6,0
07/11/2025,09:00,   -1.4,0
07/11/2025,10:00,   -1.4,0
07/11/2025,11:00,   -1.0,0
07/11/2025,12:00,   -1.7,0
07/11/2025,13:00,   -1.6,0
07/11/2025,14:00,   -1.6,0
07/11/2025,15:00,   -1.6,0
07/11/2025,16:00,   -1.1,0
07/11/2025,17:00,   -0.5,0
07/11/2025,18:00,    0.7,0
07/11/2025,19:00,    1.4,0
07/11/2025,20:00,    1.0,0
07/11/2025,21:00,    1.0,0
07/11/2025,22:00,    1.0,0
07/11/2025,23:00,    0.7,0
08/11/2025,00:00,    0.9,0
08/11/2025,01:00,    0.7,0
08/11/2025,02:00,    0.6,0
08/11/2025,03:00,    0.4,0
08/11/2025,04:00,    0.0,0
08/11/2025,05:00,    0.0,0
08/11/2025,06:00,    0.4,0
08/11/2025,07:00,    0.4,0
08/11/2025,08:00,    1.1,0
08/11/2025,09:00,    1.9,0
08/11/2025,10:00,    2.8,0
08/11/2025,11:00,    3.6,0
08/11/2025,12:00,    3.2,0
08/11/2025,13:00,    3.2,0
08/11/2025,14:00,    2.8,0
08/11/2025,15:00,    2.5,0
08/11/2025,16:00,    2.4,0
08/11/2025,17:00,    2.3,0
08/11/2025,18:00,    2.5,0
08/11/2025,19:00,    2.7,0
08/11/2025,20:00,    2.6,0
08/11/2025,21:00,    2.4,0
08/11/2025,22:00,    2.3,0
08/11/2025,23:00,    2.2,0
09/11/2025,00:00,    2.4,0
09/11/2025,01:00,    2.3,0
09/11/2025,02:00,    2.2,0
09/11/2025,03:00,    2.0,0
09/11/2025,04:00,    1.7,0
09/11/2025,05:00,    1.6,0
09/11/2025,06:00,    1.3,0
09/11/2025,07:00,    1.4,0
09/11/2025,08:00,    1.1,0
09/11/2025,09:00,    1.2,0
09/11/2025,10:00,    2.0,0
09/11/2025,11:00,    2.8,0
09/11/2025,12:00,    2.3,0
09/11/2025,13:00,    2.8,0
09/11/2025,14:00,    2.4,0
09/11/2025,15:00,    1.0,0
09/11/2025,16:00,    0.5,0
09/11/2025,17:00,    0.2,0
09/11/2025,18:00,    0.2,0
09/11/2025,19:00,   -0.1,0
09/11/2025,20:00,    0.1,0
09/11/2025,21:00,    0.2,0
09/11/2025,22:00,    0.8,0
09/11/2025,23:00,    0.5,0
10/11/2025,00:00,    0.4,0
10/11/2025,01:00,    0.4,0
10/11/2025,02:00,    0.7,0
10/11/2025,03:00,    0.7,0
10/11/2025,04:00,    0.8,0
10/11/2025,05:00,    1.0,0
10/11/2025,06:00,    0.8,0
10/11/2025,07:00,    0.8,0
10/11/2025,08:00,    1.4,0
10/11/2025,09:00,    1.7,0
10/11/2025,10:00,    2.7,0
10/11/2025,11:00,    3.3,0
10/11/2025,12:00,    4.3,0
10/11/2025,13:00,    5.1,0
10/11/2025,14:00,    4.7,0
10/11/2025,15:00,    4.1,0
10/11/2025,16:00,    4.5,0
10/11/2025,17:00,    4.9,0
10/11/2025,18:00,    5.4,0
10/11/2025,19:00,    5.7,0
10/11/2025,20:00,    5.4,0
10/11/2025,21:00,    5.1,0
10/11/2025,22:00,    5.0,0
10/11/2025,23:00,    4.8,0
11/11/2025,00:00,    4.6,0
11/11/2025,01:00,    5.1,0
11/11/2025,02:00,    5.5,0
11/11/2025,03:00,    5.4,0
11/11/2025,04:00,    4.7,0
11/11/2025,05:00,    5.1,0
11/11/2025,06:00,    6.1,0
11/11/2025,07:00,    5.7,0
11/11/2025,08:00,    4.6,0
11/11/2025,09:00,    5.6,0
11/11/2025,10:00,    7.9,0
11/11/2025,11:00,    7.6,0
11/11/2025,12:00,    7.5,0
11/11/2025,13:00,    7.4,0
11/11/2025,14:00,    7.4,0
11/11/2025,15:00,    7.2,0
11/11/2025,16:00,    7.3,0
11/11/2025,17:00,    7.1,0
11/11/2025,18:00,    7.0,0
11/11/2025,19:00,    6.9,0
11/11/2025,20:00,    6.9,0
11/11/2025,21:00,    6.6,0
11/11/2025,22:00,    5.9,0
11/11/2025,23:00,    4.1,0
12/11/2025,00:00,    3.5,0
12/11/2025,01:00,    3.2,0
12/11/2025,02:00,    3.7,0
12/11/2025,03:00,    5.7,0
12/11/2025,04:00,    3.7,0
12/11/2025,05:00,    4.9,0
12/11/2025,06:00,    6.7,0
12/11/2025,07:00,    8.3,0
12/11/2025,08:00,    9.5,0
12/11/2025,09:00,    9.4,0
12/11/2025,10:00,    9.8,0
12/11/2025,11:00,    9.9,0
12/11/2025,12:00,    9.5,0
12/11/2025,13:00,    9.8,0
12/11/2025,14:00,    9.7,0
12/11/2025,15:00,    9.9,0
12/11/2025,16:00,    9.9,0
12/11/2025,17:00,    9.9,0
12/11/2025,18:00,   10.2,0
12/11/2025,19:00,    9.2,0
12/11/2025,20:00,    9.2,0
12/11/2025,21:00,    8.8,0
12/11/2025,22:00,    7.8,0
12/11/2025,23:00,    7.7,0
13/11/2025,00:00,    7.9,0
13/11/2025,01:00,    9.5,0
13/11/2025,02:00,    9.4,0
13/11/2025,03:00,    9.2,0
13/11/2025,04:00,    8.5,0
13/11/2025,05:00,    8.7,0
13/11/2025,06:00,    8.7,0
13/11/2025,07:00,    8.7,0
13/11/2025,08:00,    9.2,0
13/11/2025,09:00,    9.5,0
13/11/2025,10:00,   10.2,0
13/11/2025,11:00,   10.4,0
13/11/2025,12:00,   10.5,0
13/11/2025,13:00,   10.8,0
13/11/2025,14:00,   10.7,0
13/11/2025,15:00,   10.3,0
13/11/2025,16:00,   10.1,0
13/11/2025,17:00,   10.2,0
13/11/2025,18:00,   10.4,0
13/11/2025,19:00,    9.9,0
13/11/2025,20:00,   10.0,0
13/11/2025,21:00,    9.8,0
13/11/2025,22:00,    9.8,0
13/11/2025,23:00,   10.0,0
14/11/2025,00:00,    9.5,0
14/11/2025,01:00,    9.3,0
14/11/2025,02:00,    8.9,0
14/11/2025,03:00,    8.6,0
14/11/2025,04:00,    9.2,0
14/11/2025,05:00,    8.8,0
14/11/2025,06:00,    8.3,0
14/11/2025,07:00,    8.2,0
14/11/2025,08:00,    7.7,0
14/11/2025,09:00,    8.3,0
14/11/2025,10:00,    7.8,0
14/11/2025,11:00,    7.8,0
14/11/2025,12:00,    8.2,0
14/11/2025,13:00,    8.4,0
14/11/2025,14:00,    8.2,0
14/11/2025,15:00,    7.9,0
14/11/2025,16:00,    6.3,0
14/11/2025,17:00,    2.0,0
14/11/2025,18:00,    1.6,0
14/11/2025,19:00,    1.5,0
14/11/2025,20:00,    1.9,0
14/11/2025,21:00,    1.5,0
14/11/2025,22:00,    2.9,0
14/11/2025,23:00,    4.6,0
15/11/2025,00:00,    4.6,0
15/11/2025,01:00,    2.7,0
15/11/2025,02:00,    4.7,0
15/11/2025,03:00,    5.6,0
15/11/2025,04:00,    5.9,0
15/11/2025,05:00,    5.4,0
15/11/2025,06:00,    5.1,0
15/11/2025,07:00,    2.1,0
15/11/2025,08:00,    5.3,0
15/11/2025,09:00,    5.7,0
15/11/2025,10:00,    6.2,0
15/11/2025,11:00,    6.0,0
15/11/2025,12:00,    5.9,0
15/11/2025,13:00,    6.2,0
15/11/2025,14:00,    5.7,0
15/11/2025,15:00,    5.4,0
15/11/2025,16:00,    1.8,0
15/11/2025,17:00,    4.3,0
15/11/2025,18:00,    5.0,0
15/11/2025,19:00,    4.8,0
15/11/2025,20:00,    4.5,0
15/11/2025,21:00,    5.2,0
15/11/2025,22:00,    5.4,0
15/11/2025,23:00,    5.5,0
16/11/2025,00:00,    4.5,0
16/11/2025,01:00,    4.2,0
16/11/2025,02:00,    4.8,0
16/11/2025,03:00,    4.6,0
16/11/2025,04:00,    4.4,0
16/11/2025,05:00,    3.9,0
16/11/2025,06:00,    2.5,0
16/11/2025,07:00,    0.7,0
16/11/2025,08:00,    1.9,0
16/11/2025,09:00,    0.8,0
16/11/2025,10:00,    3.8,0
16/11/2025,11:00,    3.2,0
16/11/2025,12:00,    2.6,0
16/11/2025,13:00,    1.7,0
16/11/2025,14:00,    4.2,0
16/11/2025,15:00,    5.5,0
16/11/2025,16:00,    3.4,0
16/11/2025,17:00,    2.4,0
16/11/2025,18:00,    5.1,0
16/11/2025,19:00,    5.4,0
16/11/2025,20:00,    2.7,0
16/11/2025,21:00,    4.5,0
16/11/2025,22:00,    4.4,0
16/11/2025,23:00,    2.5,0
17/11/2025,00:00,    2.5,0
17/11/2025,01:00,    3.3,0
17/11/2025,02:00,    4.0,0
17/11/2025,03:00,    4.6,0
17/11/2025,04:00,    5.0,0
17/11/2025,05:00,    5.4,0
17/11/2025,06:00,    5.1,0
17/11/2025,07:00,    4.1,0
17/11/2025,08:00,    4.0,0
17/11/2025,09:00,    4.2,0
17/11/2025,10:00,    5.8,0
17/11/2025,11:00,    6.2,0
17/11/2025,12:00,    6.4,0
17/11/2025,13:00,    6.0,0
17/11/2025,14:00,    4.7,0
17/11/2025,15:00,    4.3,0
17/11/2025,16:00,    4.0,0
17/11/2025,17:00,    3.6,0
17/11/2025,18:00,    3.3,0
17/11/2025,19:00,    2.8,0
17/11/2025,20:00,    2.4,0
17/11/2025,21:00,    2.2,0
17/11/2025,22:00,    1.5,0
17/11/2025,23:00,    1.1,0
18/11/2025,00:00,    0.6,0
18/11/2025,01:00,    0.1,0
18/11/2025,02:00,   -0.7,0
18/11/2025,03:00,   -1.5,0
18/11/2025,04:00,   -1.5,0
18/11/2025,05:00,   -2.2,0
18/11/2025,06:00,   -2.8,0
18/11/2025,07:00,   -3.1,0
18/11/2025,08:00,   -3.2,0
18/11/2025,09:00,   -3.1,0
18/11/2025,10:00,   -3.0,0
18/11/2025,11:00,   -2.8,0
18/11/2025,12:00,   -1.1,0
18/11/2025,13:00,   -0.2,0
18/11/2025,14:00,   -0.9,0
18/11/2025,15:00,   -2.5,0
18/11/2025,16:00,   -3.1,0
18/11/2025,17:00,   -3.3,0
18/11/2025,18:00,   -2.2,0
18/11/2025,19:00,   -1.5,0
18/11/2025,20:00,   -2.1,0
18/11/2025,21:00,   -2.4,0
18/11/2025,22:00,   -2.3,0
18/11/2025,23:00,   -2.4,0
19/11/2025,00:00,   -2.4,0
19/11/2025,01:00,   -3.3,0
19/11/2025,02:00,   -3.0,0
19/11/2025,03:00,   -2.7,0
19/11/2025,04:00,   -2.0,0
19/11/2025,05:00,   -1.8,0
19/11/2025,06:00,   -1.3,0
19/11/2025,07:00,    0.1,0
19/11/2025,08:00,    1.0,0
19/11/2025,09:00,    1.5,0
19/11/2025,10:00,    3.2,0
19/11/2025,11:00,    3.0,0
19/11/2025,12:00,    2.8,0
19/11/2025,13:00,    2.5,0
19/11/2025,14:00,    1.1,0
19/11/2025,15:00,    0.3,0
19/11/2025,16:00,   -0.4,0
19/11/2025,17:00,   -0.8,0
19/11/2025,18:00,   -0.7,0
19/11/2025,19:00,   -0.7,0
19/11/2025,20:00,   -1.1,0
19/11/2025,21:00,   -3.1,0
19/11/2025,22:00,   -0.8,0
19/11/2025,23:00,   -0.9,0
20/11/2025,00:00,   -0.4,0
20/11/2025,01:00,   -0.3,0
20/11/2025,02:00,   -0.5,0
20/11/2025,03:00,   -0.6,0
20/11/2025,04:00,   -1.2,0
20/11/2025,05:00,   -5.8,0
20/11/2025,06:00,   -6.2,0
20/11/2025,07:00,   -6.6,0
20/11/2025,08:00,   -6.6,0
20/11/2025,09:00,   -6.6,0
20/11/2025,10:00,   -4.4,0
20/11/2025,11:00,   -3.4,0
20/11/2025,12:00,   -3.8,0
20/11/2025,13:00,   -3.6,0
20/11/2025,14:00,   -4.1,0
20/11/2025,15:00,   -4.7,0
20/11/2025,16:00,   -5.0,0
20/11/2025,17:00,   -5.5,0
20/11/2025,18:00,   -5.5,0
20/11/2025,19:00,   -5.3,0
20/11/2025,20:00,   -5.5,0
20/11/2025,21:00,   -6.1,0
20/11/2025,22:00,   -6.8,0
20/11/2025,23:00,   -6.6,0
21/11/2025,00:00,   -6.6,0
21/11/2025,01:00,   -8.1,0
21/11/2025,02:00,   -8.3,0
21/11/2025,03:00,   -8.3,0
21/11/2025,04:00,   -8.3,0
21/11/2025,05:00,   -8.7,0
21/11/2025,06:00,   -8.7,0
21/11/2025,07:00,   -9.2,0
21/11/2025,08:00,   -9.1,0
21/11/2025,09:00,   -9.2,0
21/11/2025,10:00,   -9.2,0
21/11/2025,11:00,   -9.5,0
21/11/2025,12:00,   -9.3,0
21/11/2025,13:00,   -9.4,0
21/11/2025,14:00,   -9.6,0
21/11/2025,15:00,   -9.4,0
21/11/2025,16:00,   -9.4,0
21/11/2025,17:00,   -9.5,0
21/11/2025,18:00,   -8.9,0
21/11/2025,19:00,   -8.8,0
21/11/2025,20:00,   -9.0,0
21/11/2025,21:00,   -9.1,0
21/11/2025,22:00,   -9.1,0
21/11/2025,23:00,   -9.0,0
22/11/2025,00:00,   -9.0,0
22/11/2025,01:00,   -8.9,0
22/11/2025,02:00,   -8.7,0
22/11/2025,03:00,   -8.3,0
22/11/2025,04:00,   -8.2,0
22/11/2025,05:00,   -8.3,0
22/11/2025,06:00,   -8.9,0
22/11/2025,07:00,   -9.1,0
22/11/2025,08:00,   -9.5,0
22/11/2025,09:00,   -9.5,0
22/11/2025,10:00,   -9.0,0
22/11/2025,11:00,   -8.4,0
22/11/2025,12:00,   -7.6,0
22/11/2025,13:00,   -6.7,0
22/11/2025,14:00,   -6.5,0
22/11/2025,15:00,   -6.4,0
22/11/2025,16:00,   -7.2,0
22/11/2025,17:00,   -7.5,0
22/11/2025,18:00,   -7.5,0
22/11/2025,19:00,   -7.5,0
22/11/2025,20:00,   -7.2,0
22/11/2025,21:00,   -7.3,0
22/11/2025,22:00,   -7.4,0
22/11/2025,23:00,   -7.1,0
23/11/2025,00:00,   -7.0,0
23/11/2025,01:00,   -7.1,0
23/11/2025,02:00,   -6.6,0
23/11/2025,03:00,   -6.4,0
23/11/2025,04:00,   -6.3,0
23/11/2025,05:00,   -5.7,0
23/11/2025,06:00,   -5.3,0
23/11/2025,07:00,   -5.0,0
23/11/2025,08:00,   -4.6,0
23/11/2025,09:00,   -4.1,0
23/11/2025,10:00,   -0.8,0
23/11/2025,11:00,   -2.1,0
23/11/2025,12:00,   -0.6,0
23/11/2025,13:00,    1.6,0
23/11/2025,14:00,    1.5,0
23/11/2025,15:00,    1.0,0
23/11/2025,16:00,    0.7,0
23/11/2025,17:00,    1.4,0
23/11/2025,18:00,    3.3,0
23/11/2025,19:00,    4.1,0
23/11/2025,20:00,    3.8,0
23/11/2025,21:00,    3.0,0
23/11/2025,22:00,    3.9,0
23/11/2025,23:00,    3.4,0
24/11/2025,00:00,    3.0,0
24/11/2025,01:00,    2.4,0
24/11/2025,02:00,    2.0,0
24/11/2025,03:00,    1.7,0
24/11/2025,04:00,    1.3,0
24/11/2025,05:00,    1.9,0
24/11/2025,06:00,    1.9,0
24/11/2025,07:00,    2.2,0
24/11/2025,08:00,    2.4,0
24/11/2025,09:00,    2.8,0
24/11/2025,10:00,    2.8,0
24/11/2025,11:00,    2.3,0
24/11/2025,12:00,    1.9,0
24/11/2025,13:00,    1.8,0
24/11/2025,14:00,    1.1,0
24/11/2025,15:00,    0.9,0
24/11/2025,16:00,    1.0,0
24/11/2025,17:00,    0.8,0
24/11/2025,18:00,    1.4,0
24/11/2025,19:00,    1.7,0
24/11/2025,20:00,    1.4,0
24/11/2025,21:00,    2.3,0
24/11/2025,22:00,    1.7,0
24/11/2025,23:00,    1.1,0
25/11/2025,00:00,    0.2,0
25/11/2025,01:00,    0.1,0
25/11/2025,02:00,   -1.1,0
25/11/2025,03:00,   -2.1,0
25/11/2025,04:00,   -1.8,0
25/11/2025,05:00,   -2.4,0
25/11/2025,06:00,   -1.7,0
25/11/2025,07:00,   -2.3,0
25/11/2025,08:00,   -3.0,0
25/11/2025,09:00,   -3.5,0
25/11/2025,10:00,   -3.0,0
25/11/2025,11:00,   -2.9,0
25/11/2025,12:00,   -2.6,0
25/11/2025,13:00,   -2.7,0
25/11/2025,14:00,   -2.9,0
25/11/2025,15:00,   -3.4,0
25/11/2025,16:00,   -3.9,0
25/11/2025,17:00,   -4.3,0
25/11/2025,18:00,   -4.6,0
25/11/2025,19:00,   -4.7,0
25/11/2025,20:00,   -4.7,0
25/11/2025,21:00,   -4.8,0
25/11/2025,22:00,   -4.9,0
25/11/2025,23:00,   -4.9,0
26/11/2025,00:00,   -4.9,0
26/11/2025,01:00,   -5.0,0
26/11/2025,02:00,   -4.8,0
26/11/2025,03:00,   -5.0,0
26/11/2025,04:00,   -4.8,0
26/11/2025,05:00,   -5.1,0
26/11/2025,06:00,   -5.3,0
26/11/2025,07:00,   -5.1,0
26/11/2025,08:00,   -4.3,0
26/11/2025,09:00,   -4.1,0
26/11/2025,10:00,   -3.5,0
26/11/2025,11:00,   -2.4,0
26/11/2025,12:00,   -2.2,0
26/11/2025,13:00,   -2.0,0
26/11/2025,14:00,   -3.7,0
26/11/2025,15:00,   -4.2,0
26/11/2025,16:00,   -3.8,0
26/11/2025,17:00,   -4.2,0
26/11/2025,18:00,   -4.4,0
26/11/2025,19:00,   -4.6,0
26/11/2025,20:00,   -4.6,0
26/11/2025,21:00,   -4.9,0
26/11/2025,22:00,   -5.3,0
26/11/2025,23:00,   -5.4,0
27/11/2025,00:00,   -5.7,0
27/11/2025,01:00,   -5.8,0
27/11/2025,02:00,   -6.5,0
27/11/2025,03:00,   -6.5,0
27/11/2025,04:00,   -6.7,0
27/11/2025,05:00,   -6.7,0
27/11/2025,06:00,   -7.1,0
27/11/2025,07:00,   -7.3,0
27/11/2025,08:00,   -7.4,0
27/11/2025,09:00,   -6.7,0
27/11/2025,10:00,   -5.6,0
27/11/2025,11:00,   -5.0,0
27/11/2025,12:00,   -4.9,0
27/11/2025,13:00,   -3.7,0
27/11/2025,14:00,   -4.4,0
27/11/2025,15:00,   -4.6,0
27/11/2025,16:00,   -4.1,0
27/11/2025,17:00,   -3.9,0
27/11/2025,18:00,   -3.8,0
27/11/2025,19:00,   -3.4,0
27/11/2025,20:00,   -3.7,0
27/11/2025,21:00,   -2.9,0
27/11/2025,22:00,   -2.6,0
27/11/2025,23:00,   -2.8,0
28/11/2025,00:00,   -2.7,0
28/11/2025,01:00,   -2.6,0
28/11/2025,02:00,   -2.7,0
28/11/2025,03:00,   -2.5,0
28/11/2025,04:00,   -2.4,0
28/11/2025,05:00,   -2.0,0
28/11/2025,06:00,   -2.0,0
28/11/2025,07:00,   -2.4,0
28/11/2025,08:00,   -2.2,0
28/11/2025,09:00,   -2.0,0
28/11/2025,10:00,   -1.0,0
28/11/2025,11:00,   -0.6,0
28/11/2025,12:00,   -0.1,0
28/11/2025,13:00,   -0.4,0
28/11/2025,14:00,   -0.4,0
28/11/2025,15:00,   -0.3,0
28/11/2025,16:00,   -0.8,0
28/11/2025,17:00,   -0.2,0
28/11/2025,18:00,    0.0,0
28/11/2025,19:00,    0.2,0
28/11/2025,20:00,    0.2,0
28/11/2025,21:00,    0.3,0
28/11/2025,22:00,    0.3,0
28/11/2025,23:00,    1.1,0
29/11/2025,00:00,    1.5,0
29/11/2025,01:00,    1.3,0
29/11/2025,02:00,    1.7,0
29/11/2025,03:00,    1.9,0
29/11/2025,04:00,    1.8,0
29/11/2025,05:00,    2.2,0
29/11/2025,06:00,    1.9,0
29/11/2025,07:00,    2.2,0
29/11/2025,08:00,    2.4,0
29/11/2025,09:00,    2.8,0
29/11/2025,10:00,    3.3,0
29/11/2025,11:00,    4.0,0
29/11/2025,12:00,    4.2,0
29/11/2025,13:00,    3.8,0
29/11/2025,14:00,    3.4,0
29/11/2025,15:00,    3.2,0
29/11/2025,16:00,    3.3,0
29/11/2025,17:00,    3.5,0
29/11/2025,18:00,    3.4,0
29/11/2025,19:00,    3.5,0
29/11/2025,20:00,    3.8,0
29/11/2025,21:00,    4.6,0
29/11/2025,22:00,    4.6,0
29/11/2025,23:00,    4.3,0
30/11/2025,00:00,    4.2,0
30/11/2025,01:00,    4.4,0
30/11/2025,02:00,    4.4,0
30/11/2025,03:00,    4.0,0
30/11/2025,04:00,    3.2,0
30/11/2025,05:00,    3.2,0
30/11/2025,06:00,    3.3,0
30/11/2025,07:00,    3.2,0
30/11/2025,08:00,    3.0,0
30/11/2025,09:00,    2.5,0
30/11/2025,10:00,    2.9,0
30/11/2025,11:00,    2.0,0
30/11/2025,12:00,    2.0,0
30/11/2025,13:00,    1.9,0
30/11/2025,14:00,    1.7,0
30/11/2025,15:00,    2.0,0
30/11/2025,16:00,    1.5,0
30/11/2025,17:00,    1.2,0
30/11/2025,18:00,    1.7,0
30/11/2025,19:00,    1.6,0
30/11/2025,20:00,    1.3,0
30/11/2025,21:00,    1.1,0
30/11/2025,22:00,    1.4,0
30/11/2025,23:00,    1.2,0
01/12/2025,00:00,    0.9,0
01/12/2025,01:00,   -2.0,0
01/12/2025,02:00,   -4.3,0
01/12/2025,03:00,   -4.1,0
01/12/2025,04:00,   -4.3,0
01/12/2025,05:00,   -3.9,0
01/12/2025,06:00,   -4.0,0
01/12/2025,07:00,   -3.9,0
01/12/2025,08:00,   -3.2,0
01/12/2025,09:00,   -3.7,0
01/12/2025,10:00,   -3.0,0
01/12/2025,11:00,   -3.4,0
01/12/2025,12:00,   -3.0,0
01/12/2025,13:00,   -2.6,0
01/12/2025,14:00,   -3.5,0
01/12/2025,15:00,   -3.0,0
01/12/2025,16:00,   -3.0,0
01/12/2025,17:00,   -2.9,0
01/12/2025,18:00,   -3.0,0
01/12/2025,19:00,   -3.1,0
01/12/2025,20:00,   -3.1,0
01/12/2025,21:00,   -3.0,0
01/12/2025,22:00,   -3.1,0
01/12/2025,23:00,   -3.1,0
02/12/2025,00:00,   -3.2,0
02/12/2025,01:00,   -3.2,0
02/12/2025,02:00,   -3.2,0
02/12/2025,03:00,   -2.8,0
02/12/2025,04:00,   -3.2,0
02/12/2025,05:00,   -3.4,0
02/12/2025,06:00,   -3.6,0
02/12/2025,07:00,   -3.7,0
02/12/2025,08:00,   -4.1,0
02/12/2025,09:00,   -4.1,0
02/12/2025,10:00,   -4.2,0
02/12/2025,11:00,   -3.0,0
02/12/2025,12:00,   -2.9,0
02/12/2025,13:00,   -2.2,0
02/12/2025,14:00,   -2.3,0
02/12/2025,15:00,   -2.5,0
02/12/2025,16:00,   -3.0,0
02/12/2025,17:00,   -3.0,0
02/12/2025,18:00,   -2.9,0
02/12/2025,19:00,   -2.8,0
02/12/2025,20:00,   -3.0,0
02/12/2025,21:00,   -3.0,0
02/12/2025,22:00,   -3.1,0
02/12/2025,23:00,   -3.6,0
03/12/2025,00:00,   -3.9,0
03/12/2025,01:00,   -3.9,0
03/12/2025,02:00,   -3.9,0
03/12/2025,03:00,   -3.8,0
03/12/2025,04:00,   -3.8,0
03/12/2025,05:00,   -3.6,0
03/12/2025,06:00,   -3.8,0
03/12/2025,07:00,   -3.6,0
03/12/2025,08:00,   -3.8,0
03/12/2025,09:00,   -3.5,0
03/12/2025,10:00,   -3.2,0
03/12/2025,11:00,   -3.4,0
03/12/2025,12:00,   -3.4,0
03/12/2025,13:00,   -3.0,0
03/12/2025,14:00,   -3.3,0
03/12/2025,15:00,   -3.4,0
03/12/2025,16:00,   -3.4,0
03/12/2025,17:00,   -3.5,0
03/12/2025,18:00,   -3.3,0
03/12/2025,19:00,   -3.5,0
03/12/2025,20:00,   -3.4,0
03/12/2025,21:00,   -3.3,0
03/12/2025,22:00,   -3.2,0
03/12/2025,23:00,   -3.3,0
04/12/2025,00:00,   -3.2,0
04/12/2025,01:00,   -3.3,0
04/12/2025,02:00,   -3.4,0
04/12/2025,03:00,   -3.5,0
04/12/2025,04:00,   -3.5,0
04/12/2025,05:00,   -3.6,0
04/12/2025,06:00,   -3.6,0
04/12/2025,07:00,   -3.4,0
04/12/2025,08:00,   -3.5,0
04/12/2025,09:00,   -3.0,0
04/12/2025,10:00,   -3.1,0
04/12/2025,11:00,   -2.7,0
04/12/2025,12:00,   -2.3,0
04/12/2025,13:00,   -2.4,0
04/12/2025,14:00,   -2.2,0
04/12/2025,15:00,   -2.7,0
04/12/2025,16:00,   -2.9,0
04/12/2025,17:00,   -2.7,0
04/12/2025,18:00,   -3.0,0
04/12/2025,19:00,   -2.8,0
04/12/2025,20:00,   -3.1,0
04/12/2025,21:00,   -3.8,0
04/12/2025,22:00,   -3.8,0
04/12/2025,23:00,   -3.9,0
05/12/2025,00:00,   -3.3,0
05/12/2025,01:00,   -3.8,0
05/12/2025,02:00,   -3.7,0
05/12/2025,03:00,   -3.3,0
05/12/2025,04:00,   -3.6,0
05/12/2025,05:00,   -3.7,0
05/12/2025,06:00,   -3.8,0
05/12/2025,07:00,   -3.9,0
05/12/2025,08:00,   -3.2,0
05/12/2025,09:00,   -2.5,0
05/12/2025,10:00,   -1.7,0
05/12/2025,11:00,   -2.6,0
05/12/2025,12:00,   -2.2,0
05/12/2025,13:00,   -3.0,0
05/12/2025,14:00,   -2.6,0
05/12/2025,15:00,   -3.0,0
05/12/2025,16:00,   -3.1,0
05/12/2025,17:00,   -3.2,0
05/12/2025,18:00,   -2.9,0
05/12/2025,19:00,   -3.2,0
05/12/2025,20:00,   -2.9,0
05/12/2025,21:00,   -2.8,0
05/12/2025,22:00,   -1.9,0
05/12/2025,23:00,    0.2,0
06/12/2025,00:00,    0.8,0
06/12/2025,01:00,    0.3,0
06/12/2025,02:00,   -0.6,0
06/12/2025,03:00,   -0.3,0
06/12/2025,04:00,    1.1,0
06/12/2025,05:00,    0.7,0
06/12/2025,06:00,    1.6,0
06/12/2025,07:00,    1.7,0
06/12/2025,08:00,    2.9,0
06/12/2025,09:00,    5.4,0
06/12/2025,10:00,    5.3,0
06/12/2025,11:00,    6.0,0
06/12/2025,12:00,    5.9,0
06/12/2025,13:00,    5.3,0
06/12/2025,14:00,    4.2,0
06/12/2025,15:00,    3.3,0
06/12/2025,16:00,    3.5,0
06/12/2025,17:00,    3.0,0
06/12/2025,18:00,    3.2,0
06/12/2025,19:00,    4.6,0
06/12/2025,20:00,    3.3,0
06/12/2025,21:00,    3.6,0
06/12/2025,22:00,    2.9,0
06/12/2025,23:00,    3.3,0
07/12/2025,00:00,    3.2,0
07/12/2025,01:00,    3.6,0
07/12/2025,02:00,    3.8,0
07/12/2025,03:00,    4.3,0
07/12/2025,04:00,    3.7,0
07/12/2025,05:00,    3.7,0
07/12/2025,06:00,    4.1,0
07/12/2025,07:00,    3.9,0
07/12/2025,08:00,    4.0,0
07/12/2025,09:00,    4.8,0
07/12/2025,10:00,    5.7,0
07/12/2025,11:00,    7.5,0
07/12/2025,12:00,    5.8,0
07/12/2025,13:00,    5.5,0
07/12/2025,14:00,    4.3,0
07/12/2025,15:00,    4.7,0
07/12/2025,16:00,    5.3,0
07/12/2025,17:00,    4.8,0
07/12/2025,18:00,    5.5,0
07/12/2025,19:00,    5.8,0
07/12/2025,20:00,    5.6,0
07/12/2025,21:00,    6.1,0
07/12/2025,22:00,    6.5,0
07/12/2025,23:00,    6.3,0
08/12/2025,00:00,    6.5,0
08/12/2025,01:00,    7.4,0
08/12/2025,02:00,    7.7,0
08/12/2025,03:00,    7.7,0
08/12/2025,04:00,    8.2,0
08/12/2025,05:00,    7.4,0
08/12/2025,06:00,    7.1,0
08/12/2025,07:00,    6.7,0
08/12/2025,08:00,    6.9,0
08/12/2025,09:00,    6.2,0
08/12/2025,10:00,    5.8,0
08/12/2025,11:00,    6.3,0
08/12/2025,12:00,    6.8,0
08/12/2025,13:00,    6.1,0
08/12/2025,14:00,    6.0,0
08/12/2025,15:00,    5.8,0
08/12/2025,16:00,    5.4,0
08/12/2025,17:00,    5.1,0
08/12/2025,18:00,    6.1,0
08/12/2025,19:00,    5.9,0
08/12/2025,20:00,    6.2,0
08/12/2025,21:00,    4.7,0
08/12/2025,22:00,    5.3,0
08/12/2025,23:00,    7.1,0
09/12/2025,00:00,    7.6,0
09/12/2025,01:00,    7.5,0
09/12/2025,02:00,    7.5,0
09/12/2025,03:00,    6.3,0
09/12/2025,04:00,    6.7,0
09/12/2025,05:00,    6.8,0
09/12/2025,06:00,    7.6,0
09/12/2025,07:00,    7.9,0
09/12/2025,08:00,    8.7,0
09/12/2025,09:00,    8.6,0
09/12/2025,10:00,    7.9,0
09/12/2025,11:00,    8.0,0
09/12/2025,12:00,    8.6,0
09/12/2025,13:00,    9.0,0
09/12/2025,14:00,    8.8,0
09/12/2025,15:00,    8.9,0
09/12/2025,16:00,    8.6,0
09/12/2025,17:00,    8.4,0
09/12/2025,18:00,    8.2,0
09/12/2025,19:00,    8.9,0
09/12/2025,20:00,    4.6,0
09/12/2025,21:00,    4.6,0
09/12/2025,22:00,    8.8,0
09/12/2025,23:00,    8.9,0
10/12/2025,00:00,    8.1,0
10/12/2025,01:00,    6.4,0
10/12/2025,02:00,    8.0,0
10/12/2025,03:00,    7.3,0
10/12/2025,04:00,    7.3,0
10/12/2025,05:00,    7.8,0
10/12/2025,06:00,    7.7,0
10/12/2025,07:00,    7.7,0
10/12/2025,08:00,    7.6,0
10/12/2025,09:00,    6.6,0
10/12/2025,10:00,    7.3,0
10/12/2025,11:00,    8.1,0
10/12/2025,12:00,    7.9,0
10/12/2025,13:00,    8.0,0
10/12/2025,14:00,    7.7,0
10/12/2025,15:00,    7.6,0
10/12/2025,16:00,    5.2,0
10/12/2025,17:00,    4.6,0
10/12/2025,18:00,    5.6,0
10/12/2025,19:00,    6.9,0
10/12/2025,20:00,    7.3,0
10/12/2025,21:00,    5.6,0
10/12/2025,22:00,    5.2,0
10/12/2025,23:00,    5.4,0
11/12/2025,00:00,    6.8,0
11/12/2025,01:00,    3.7,0
11/12/2025,02:00,    5.6,0
11/12/2025,03:00,    7.4,0
11/12/2025,04:00,    3.7,0
11/12/2025,05:00,    3.6,0
11/12/2025,06:00,    4.2,0
11/12/2025,07:00,    3.6,0
11/12/2025,08:00,    4.7,0
11/12/2025,09:00,    2.6,0
11/12/2025,10:00,    5.9,0
11/12/2025,11:00,    4.1,0
11/12/2025,12:00,    4.7,0
11/12/2025,13:00,    4.7,0
11/12/2025,14:00,    3.5,0
11/12/2025,15:00,    2.9,0
11/12/2025,16:00,    2.9,0
11/12/2025,17:00,    3.2,0
11/12/2025,18:00,    3.6,0
11/12/2025,19:00,    3.2,0
11/12/2025,20:00,    3.6,0
11/12/2025,21:00,    3.1,0
11/12/2025,22:00,    3.1,0
11/12/2025,23:00,    3.8,0
12/12/2025,00:00,    2.7,0
12/12/2025,01:00,    3.9,0
12/12/2025,02:00,    4.3,0
12/12/2025,03:00,    5.5,0
12/12/2025,04:00,    5.6,0
12/12/2025,05:00,    5.2,0
12/12/2025,06:00,    5.0,0
12/12/2025,07:00,    5.5,0
12/12/2025,08:00,    5.9,0
12/12/2025,09:00,    5.4,0
12/12/2025,10:00,    5.4,0
12/12/2025,11:00,    5.0,0
12/12/2025,12:00,    4.8,0
12/12/2025,13:00,    5.0,0
12/12/2025,14:00,    3.3,0
12/12/2025,15:00,    2.3,0
12/12/2025,16:00,    1.6,0
12/12/2025,17:00,    1.6,0
12/12/2025,18:00,    1.3,0
12/12/2025,19:00,    0.7,0
12/12/2025,20:00,    0.8,0
12/12/2025,21:00,    0.6,0
12/12/2025,22:00,    0.7,0
12/12/2025,23:00,    1.5,0
13/12/2025,00:00,    1.8,0
13/12/2025,01:00,    1.5,0
13/12/2025,02:00,    1.1,0
13/12/2025,03:00,    1.7,0
13/12/2025,04:00,    2.3,0
13/12/2025,05:00,    2.1,0
13/12/2025,06:00,    2.5,0
13/12/2025,07:00,    2.2,0
13/12/2025,08:00,    2.5,0
13/12/2025,09:00,    2.2,0
13/12/2025,10:00,    2.4,0
13/12/2025,11:00,    2.9,0
13/12/2025,12:00,    3.5,0
13/12/2025,13:00,    3.9,0
13/12/2025,14:00,    2.7,0
13/12/2025,15:00,    3.3,0
13/12/2025,16:00,    3.1,0
13/12/2025,17:00,    3.2,0
13/12/2025,18:00,    3.0,0
13/12/2025,19:00,    3.6,0
13/12/2025,20:00,    3.2,0
13/12/2025,21:00,    3.5,0
13/12/2025,22:00,    2.7,0
13/12/2025,23:00,    1.8,0
14/12/2025,00:00,    1.5,0
14/12/2025,01:00,    2.5,0
14/12/2025,02:00,    2.3,0
14/12/2025,03:00,    2.7,0
14/12/2025,04:00,    2.8,0
14/12/2025,05:00,    1.8,0
14/12/2025,06:00,    2.1,0
14/12/2025,07:00,    1.2,0
14/12/2025,08:00,    1.4,0
14/12/2025,09:00,    2.0,0
14/12/2025,10:00,    1.9,0
14/12/2025,11:00,    2.8,0
14/12/2025,12:00,    2.6,0
14/12/2025,13:00,    2.7,0
14/12/2025,14:00,    1.7,0
14/12/2025,15:00,    1.2,0
14/12/2025,16:00,    1.0,0
14/12/2025,17:00,    0.9,0
14/12/2025,18:00,    0.8,0
14/12/2025,19:00,    0.8,0
14/12/2025,20:00,    0.2,0
14/12/2025,21:00,    0.1,0
14/12/2025,22:00,   -0.3,0
14/12/2025,23:00,   -0.4,0
15/12/2025,00:00,   -1.0,0
15/12/2025,01:00,   -0.7,0
15/12/2025,02:00,   -1.1,0
15/12/2025,03:00,   -1.0,0
15/12/2025,04:00,   -1.3,0
15/12/2025,05:00,   -1.4,0
15/12/2025,06:00,   -1.0,0
15/12/2025,07:00,   -0.6,0
15/12/2025,08:00,   -0.6,0
15/12/2025,09:00,   -0.4,0
15/12/2025,10:00,   -0.5,0
15/12/2025,11:00,   -0.4,0
15/12/2025,12:00,   -0.7,0
15/12/2025,13:00,   -0.8,0
15/12/2025,14:00,   -0.8,0
15/12/2025,15:00,   -1.5,0
15/12/2025,16:00,   -1.7,0
15/12/2025,17:00,   -1.8,0
15/12/2025,18:00,   -2.0,0
15/12/2025,19:00,   -2.3,0
15/12/2025,20:00,   -2.5,0
15/12/2025,21:00,   -3.4,0
15/12/2025,22:00,   -4.0,0
15/12/2025,23:00,   -3.4,0
16/12/2025,00:00,   -3.5,0
16/12/2025,01:00,   -3.6,0
16/12/2025,02:00,   -3.7,0
16/12/2025,03:00,   -3.7,0
16/12/2025,04:00,   -3.7,0
16/12/2025,05:00,   -3.8,0
16/12/2025,06:00,   -4.0,0
16/12/2025,07:00,   -4.2,0
16/12/2025,08:00,   -4.8,0
16/12/2025,09:00,   -4.8,0
16/12/2025,10:00,   -4.8,0
16/12/2025,11:00,   -4.6,0
16/12/2025,12:00,   -4.7,0
16/12/2025,13:00,   -4.5,0
16/12/2025,14:00,   -4.3,0
16/12/2025,15:00,   -4.1,0
16/12/2025,16:00,   -3.8,0
16/12/2025,17:00,   -3.6,0
16/12/2025,18:00,   -3.5,0
16/12/2025,19:00,   -3.4,0
16/12/2025,20:00,   -3.2,0
16/12/2025,21:00,   -3.0,0
16/12/2025,22:00,   -2.8,0
16/12/2025,23:00,   -2.8,0
17/12/2025,00:00,   -2.9,0
17/12/2025,01:00,   -2.7,0
17/12/2025,02:00,   -2.6,0
17/12/2025,03:00,   -2.3,0
17/12/2025,04:00,   -2.2,0
17/12/2025,05:00,   -2.1,0
17/12/2025,06:00,   -1.9,0
17/12/2025,07:00,   -1.7,0
17/12/2025,08:00,   -1.6,0
17/12/2025,09:00,   -1.3,0
17/12/2025,10:00,   -0.8,0
17/12/2025,11:00,   -0.4,0
17/12/2025,12:00,   -0.5,0
17/12/2025,13:00,   -0.2,0
17/12/2025,14:00,   -0.4,0
17/12/2025,15:00,   -1.1,0
17/12/2025,16:00,   -1.3,0
17/12/2025,17:00,   -1.4,0
17/12/2025,18:00,   -1.6,0
17/12/2025,19:00,   -1.8,0
17/12/2025,20:00,   -1.6,0
17/12/2025,21:00,   -1.9,0
17/12/2025,22:00,   -1.9,0
17/12/2025,23:00,   -0.2,0
18/12/2025,00:00,    0.6,0
18/12/2025,01:00,   -0.7,0
18/12/2025,02:00,   -1.5,0
18/12/2025,03:00,   -1.8,0
18/12/2025,04:00,   -1.4,0
18/12/2025,05:00,   -1.3,0
18/12/2025,06:00,   -1.5,0
18/12/2025,07:00,   -1.1,0
18/12/2025,08:00,   -0.9,0
18/12/2025,09:00,   -0.8,0
18/12/2025,10:00,    0.6,0
18/12/2025,11:00,    0.5,0
18/12/2025,12:00,   -0.3,0
18/12/2025,13:00,   -0.9,0
18/12/2025,14:00,    2.4,*
18/12/2025,15:00,   -2.1,*
18/12/2025,16:00,   -3.0,0
18/12/2025,17:00,   -1.9,0
18/12/2025,18:00,   -3.3,0
18/12/2025,19:00,   -3.3,0
18/12/2025,20:00,   -3.1,0
18/12/2025,21:00,    2.1,0
18/12/2025,22:00,    1.3,0
18/12/2025,23:00,   -0.2,0
19/12/2025,00:00,   -1.1,0
19/12/2025,01:00,   -2.1,0
19/12/2025,02:00,   -3.0,0
19/12/2025,03:00,   -3.7,0
19/12/2025,04:00,   -3.2,0
19/12/2025,05:00,   -3.3,0
19/12/2025,06:00,   -2.9,0
19/12/2025,07:00,   -2.0,0
19/12/2025,08:00,   -1.0,0
19/12/2025,09:00,   -1.1,0
19/12/2025,10:00,    0.5,0
19/12/2025,11:00,    1.8,0
19/12/2025,12:00,    2.2,0
19/12/2025,13:00,    2.0,0
19/12/2025,14:00,    1.6,0
19/12/2025,15:00,    1.5,0
19/12/2025,16:00,    1.9,0
19/12/2025,17:00,    2.0,0
19/12/2025,18:00,    1.9,0
19/12/2025,19:00,    1.9,0
19/12/2025,20:00,    1.9,0
19/12/2025,21:00,    1.9,0
19/12/2025,22:00,    1.9,0
19/12/2025,23:00,   -0.2,0
20/12/2025,00:00,    1.4,0
20/12/2025,01:00,    0.9,0
20/12/2025,02:00,    1.1,0
20/12/2025,03:00,    0.3,0
20/12/2025,04:00,    1.2,0
20/12/2025,05:00,    0.2,0
20/12/2025,06:00,    0.4,0
20/12/2025,07:00,    0.8,0
20/12/2025,08:00,    1.1,0
20/12/2025,09:00,   -0.9,0
20/12/2025,10:00,   -0.7,0
20/12/2025,11:00,   -0.5,0
20/12/2025,12:00,   -0.7,0
20/12/2025,13:00,   -0.7,0
20/12/2025,14:00,   -1.3,0
20/12/2025,15:00,   -0.7,0
20/12/2025,16:00,   -0.9,0
20/12/2025,17:00,    0.6,0
20/12/2025,18:00,    0.0,0
20/12/2025,19:00,   -0.4,0
20/12/2025,20:00,   -0.1,0
20/12/2025,21:00,   -0.9,0
20/12/2025,22:00,   -0.5,0
20/12/2025,23:00,   -0.4,0
21/12/2025,00:00,   -0.7,0
21/12/2025,01:00,   -0.8,0
21/12/2025,02:00,   -0.5,0
21/12/2025,03:00,   -0.7,0
21/12/2025,04:00,   -0.7,0
21/12/2025,05:00,   -0.5,0
21/12/2025,06:00,   -0.8,0
21/12/2025,07:00,   -1.2,0
21/12/2025,08:00,   -1.3,0
21/12/2025,09:00,   -1.3,0
21/12/2025,10:00,   -1.4,0
21/12/2025,11:00,   -1.1,0
21/12/2025,12:00,   -1.4,0
21/12/2025,13:00,   -1.7,0
21/12/2025,14:00,   -1.8,0
21/12/2025,15:00,   -2.0,0
21/12/2025,16:00,   -2.2,0
21/12/2025,17:00,   -2.2,0
21/12/2025,18:00,   -2.2,0
21/12/2025,19:00,   -2.4,0
21/12/2025,20:00,   -2.5,0
21/12/2025,21:00,   -2.5,0
21/12/2025,22:00,   -2.6,0
21/12/2025,23:00,   -2.6,0
22/12/2025,00:00,   -2.4,0
22/12/2025,01:00,   -3.0,0
22/12/2025,02:00,   -3.1,0
22/12/2025,03:00,   -3.2,0
22/12/2025,04:00,   -3.3,0
22/12/2025,05:00,   -3.4,0
22/12/2025,06:00,   -3.4,0
22/12/2025,07:00,   -3.5,0
22/12/2025,08:00,   -3.3,0
22/12/2025,09:00,   -3.2,0
22/12/2025,10:00,   -3.3,0
22/12/2025,11:00,   -3.2,0
22/12/2025,12:00,   -2.9,0
22/12/2025,13:00,   -3.2,0
22/12/2025,14:00,   -3.3,0
22/12/2025,15:00,   -3.6,0
22/12/2025,16:00,   -3.7,0
22/12/2025,17:00,   -3.7,0
22/12/2025,18:00,   -3.6,0
22/12/2025,19:00,   -3.7,0
22/12/2025,20:00,   -3.7,0
22/12/2025,21:00,   -3.8,0
22/12/2025,22:00,   -3.8,0
22/12/2025,23:00,   -3.7,0
23/12/2025,00:00,   -3.9,0
23/12/2025,01:00,   -3.9,0
23/12/2025,02:00,   -3.8,0
23/12/2025,03:00,   -3.8,0
23/12/2025,04:00,   -4.0,0
23/12/2025,05:00,   -4.0,0
23/12/2025,06:00,   -4.1,0
23/12/2025,07:00,   -4.2,0
23/12/2025,08:00,   -4.3,0
23/12/2025,09:00,   -4.1,0
23/12/2025,10:00,   -3.8,0
23/12/2025,11:00,   -3.7,0
23/12/2025,12:00,   -3.4,0
23/12/2025,13:00,   -3.3,0
23/12/2025,14:00,   -3.3,0
23/12/2025,15:00,   -3.3,0
23/12/2025,16:00,   -3.5,0
23/12/2025,17:00,   -3.3,0
23/12/2025,18:00,   -3.4,0
23/12/2025,19:00,   -3.0,0
23/12/2025,20:00,   -2.8,0
23/12/2025,21:00,   -2.5,0
23/12/2025,22:00,   -2.3,0
23/12/2025,23:00,   -2.2,0
24/12/2025,00:00,   -2.1,0
24/12/2025,01:00,   -1.9,0
24/12/2025,02:00,   -1.7,0
24/12/2025,03:00,   -1.4,0
24/12/2025,04:00,   -1.5,0
24/12/2025,05:00,   -1.6,0
24/12/2025,06:00,   -1.6,0
24/12/2025,07:00,   -1.6,0
24/12/2025,08:00,   -1.6,0
24/12/2025,09:00,   -1.2,0
24/12/2025,10:00,   -1.3,0
24/12/2025,11:00,   -1.2,0
24/12/2025,12:00,   -1.2,0
24/12/2025,13:00,   -1.6,0
24/12/2025,14:00,   -2.3,0
24/12/2025,15:00,   -3.0,0
24/12/2025,16:00,   -3.9,0
24/12/2025,17:00,   -4.8,0
24/12/2025,18:00,   -5.4,0
24/12/2025,19:00,   -5.7,0
24/12/2025,20:00,   -6.2,0
24/12/2025,21:00,   -6.4,0
24/12/2025,22:00,   -6.6,0
24/12/2025,23:00,   -6.9,0
25/12/2025,00:00,   -6.8,0
25/12/2025,01:00,   -6.9,0
25/12/2025,02:00,   -7.1,0
25/12/2025,03:00,   -7.0,0
25/12/2025,04:00,   -7.0,0
25/12/2025,05:00,   -6.8,0
25/12/2025,06:00,   -6.8,0
25/12/2025,07:00,   -6.7,0
25/12/2025,08:00,   -6.5,0
25/12/2025,09:00,   -6.2,0
25/12/2025,10:00,   -5.7,0
25/12/2025,11:00,   -5.5,0
25/12/2025,12:00,   -5.3,0
25/12/2025,13:00,   -5.7,0
25/12/2025,14:00,   -5.9,0
25/12/2025,15:00,   -6.2,0
25/12/2025,16:00,   -6.3,0
25/12/2025,17:00,   -6.3,0
25/12/2025,18:00,   -6.5,0
25/12/2025,19:00,   -6.4,0
25/12/2025,20:00,   -6.3,0
25/12/2025,21:00,   -6.3,0
25/12/2025,22:00,   -6.3,0
25/12/2025,23:00,   -6.3,0
26/12/2025,00:00,   -6.2,0
26/12/2025,01:00,   -6.1,0
26/12/2025,02:00,   -6.1,0
26/12/2025,03:00,   -6.2,0
26/12/2025,04:00,   -6.7,0
26/12/2025,05:00,   -6.9,0
26/12/2025,06:00,   -7.0,0
26/12/2025,07:00,   -6.9,0
26/12/2025,08:00,   -6.6,0
26/12/2025,09:00,   -6.0,0
26/12/2025,10:00,   -5.4,0
26/12/2025,11:00,   -4.6,0
26/12/2025,12:00,   -5.1,0
26/12/2025,13:00,   -4.8,0
26/12/2025,14:00,   -4.6,0
26/12/2025,15:00,   -4.2,0
26/12/2025,16:00,   -4.5,0
26/12/2025,17:00,   -4.7,0
26/12/2025,18:00,   -5.3,0
26/12/2025,19:00,   -5.3,0
26/12/2025,20:00,   -5.7,0
26/12/2025,21:00,   -5.8,0
26/12/2025,22:00,   -6.0,0
26/12/2025,23:00,   -5.2,0
27/12/2025,00:00,   -4.4,0
27/12/2025,01:00,   -3.9,0
27/12/2025,02:00,   -3.3,0
27/12/2025,03:00,   -4.6,0
27/12/2025,04:00,   -4.2,0
27/12/2025,05:00,   -4.6,0
27/12/2025,06:00,   -4.7,0
27/12/2025,07:00,   -4.9,0
27/12/2025,08:00,   -4.7,0
27/12/2025,09:00,   -4.4,0
27/12/2025,10:00,   -3.6,0
27/12/2025,11:00,   -3.1,0
27/12/2025,12:00,   -2.7,0
27/12/2025,13:00,   -2.0,0
27/12/2025,14:00,   -1.5,0
27/12/2025,15:00,   -1.5,0
27/12/2025,16:00,   -1.4,0
27/12/2025,17:00,   -0.8,0
27/12/2025,18:00,   -0.1,0
27/12/2025,19:00,    0.4,0
27/12/2025,20:00,    0.5,0
27/12/2025,21:00,    1.2,0
27/12/2025,22:00,    2.2,0
27/12/2025,23:00,    2.5,0
28/12/2025,00:00,    2.4,0
28/12/2025,01:00,    3.2,0
28/12/2025,02:00,    3.5,0
28/12/2025,03:00,    2.9,0
28/12/2025,04:00,    3.7,0
28/12/2025,05:00,    3.9,0
28/12/2025,06:00,    5.0,0
28/12/2025,07:00,    4.6,0
28/12/2025,08:00,    4.6,0
28/12/2025,09:00,    5.0,0
28/12/2025,10:00,    5.9,0
28/12/2025,11:00,    6.1,0
28/12/2025,12:00,    6.9,0
28/12/2025,13:00,    5.4,0
28/12/2025,14:00,    4.5,0
28/12/2025,15:00,    4.6,0
28/12/2025,16:00,    4.8,0
28/12/2025,17:00,    4.2,0
28/12/2025,18:00,    3.5,0
28/12/2025,19:00,    2.5,0
28/12/2025,20:00,    2.4,0
28/12/2025,21:00,    1.0,0
28/12/2025,22:00,    1.0,0
28/12/2025,23:00,    0.4,0
29/12/2025,00:00,    0.4,0
29/12/2025,01:00,    0.4,0
29/12/2025,02:00,    0.2,0
29/12/2025,03:00,    0.5,0
29/12/2025,04:00,    0.8,0
29/12/2025,05:00,    0.3,0
29/12/2025,06:00,    0.6,0
29/12/2025,07:00,    0.4,0
29/12/2025,08:00,    0.6,0
29/12/2025,09:00,    0.9,0
29/12/2025,10:00,    1.4,0
29/12/2025,11:00,    2.0,0
29/12/2025,12:00,    1.9,0
29/12/2025,13:00,    2.0,0
29/12/2025,14:00,    1.9,0
29/12/2025,15:00,    2.4,0
29/12/2025,16:00,    2.4,0
29/12/2025,17:00,    2.9,0
29/12/2025,18:00,    2.8,0
29/12/2025,19:00,    2.8,0
29/12/2025,20:00,    2.2,0
29/12/2025,21:00,    1.8,0
29/12/2025,22:00,    2.1,0
29/12/2025,23:00,    2.1,0
30/12/2025,00:00,    1.3,0
30/12/2025,01:00,    1.6,0
30/12/2025,02:00,    2.2,0
30/12/2025,03:00,    1.7,0
30/12/2025,04:00,    1.2,0
30/12/2025,05:00,    1.3,0
30/12/2025,06:00,    0.9,0
30/12/2025,07:00,    2.2,0
30/12/2025,08:00,    2.4,0
30/12/2025,09:00,    2.0,0
30/12/2025,10:00,    1.3,0
30/12/2025,11:00,    2.0,0
30/12/2025,12:00,    2.0,0
30/12/2025,13:00,    1.4,0
30/12/2025,14:00,    0.6,0
30/12/2025,15:00,   -0.3,0
30/12/2025,16:00,   -1.5,0
30/12/2025,17:00,   -2.2,0
30/12/2025,18:00,   -2.5,0
30/12/2025,19:00,   -2.5,0
30/12/2025,20:00,   -2.5,0
30/12/2025,21:00,   -2.8,0
30/12/2025,22:00,   -2.6,0
30/12/2025,23:00,   -3.8,0
31/12/2025,00:00,   -4.3,0
31/12/2025,01:00,   -6.9,0
31/12/2025,02:00,   -8.8,0
31/12/2025,03:00,   -8.8,0
31/12/2025,04:00,   -9.1,0
31/12/2025,05:00,   -9.3,0
31/12/2025,06:00,   -9.5,0
31/12/2025,07:00,   -9.2,0
31/12/2025,08:00,   -9.1,0
31/12/2025,09:00,   -8.8,0
31/12/2025,10:00,   -5.8,0
31/12/2025,11:00,   -4.3,0
31/12/2025,12:00,   -3.8,0
31/12/2025,13:00,   -3.9,0
31/12/2025,14:00,   -5.1,0
31/12/2025,15:00,   -4.4,0
31/12/2025,16:00,   -4.0,0
31/12/2025,17:00,   -4.3,0
31/12/2025,18:00,   -3.6,0
31/12/2025,19:00,   -3.5,0
31/12/2025,20:00,   -3.5,0
31/12/2025,21:00,   -3.1,0
31/12/2025,22:00,   -3.3,0
31/12/2025,23:00,   -2.1,0
01/01/2026,00:00,   -1.4,0
01/01/2026,01:00,   -1.2,0
01/01/2026,02:00,   -1.1,0
01/01/2026,03:00,   -1.2,0
01/01/2026,04:00,   -1.2,0
01/01/2026,05:00,   -1.7,0
01/01/2026,06:00,   -2.3,0
01/01/2026,07:00,   -2.2,0
01/01/2026,08:00,    0.3,0
01/01/2026,09:00,   -1.3,0
01/01/2026,10:00,    4.3,0
01/01/2026,11:00,    4.9,0
01/01/2026,12:00,    5.1,0
01/01/2026,13:00,    4.4,0
01/01/2026,14:00,    3.5,0
01/01/2026,15:00,    3.4,0
01/01/2026,16:00,    2.4,0
01/01/2026,17:00,    3.2,0
01/01/2026,18:00,    2.6,0
01/01/2026,19:00,    2.1,0
01/01/2026,20:00,    1.4,0
01/01/2026,21:00,    1.6,0
01/01/2026,22:00,    0.7,0
01/01/2026,23:00,    1.6,0
02/01/2026,00:00,    1.6,0
02/01/2026,01:00,    0.7,0
02/01/2026,02:00,    1.8,0
02/01/2026,03:00,    2.0,0
02/01/2026,04:00,    2.2,0
02/01/2026,05:00,    1.8,0
02/01/2026,06:00,    1.9,0
02/01/2026,07:00,    1.6,0
02/01/2026,08:00,    1.8,0
02/01/2026,09:00,    1.7,0
02/01/2026,10:00,    2.1,0
02/01/2026,11:00,    2.3,0
02/01/2026,12:00,    2.2,0
02/01/2026,13:00,    2.1,0
02/01/2026,14:00,    2.8,0
02/01/2026,15:00,    1.8,0
02/01/2026,16:00,    0.8,0
02/01/2026,17:00,   -0.5,0
02/01/2026,18:00,   -0.8,0
02/01/2026,19:00,    0.4,0
02/01/2026,20:00,    1.0,0
02/01/2026,21:00,    0.9,0
02/01/2026,22:00,   -0.6,0
02/01/2026,23:00,   -0.6,0
03/01/2026,00:00,   -1.4,0
03/01/2026,01:00,   -1.4,0
03/01/2026,02:00,   -1.0,0
03/01/2026,03:00,   -1.6,0
03/01/2026,04:00,   -2.8,0
03/01/2026,05:00,   -3.3,0
03/01/2026,06:00,   -3.7,0
03/01/2026,07:00,   -2.7,0
03/01/2026,08:00,    1.4,0
03/01/2026,09:00,   -2.7,0
03/01/2026,10:00,   -3.9,0
03/01/2026,11:00,   -3.7,0
03/01/2026,12:00,   -3.2,0
03/01/2026,13:00,   -2.7,0
03/01/2026,14:00,   -2.8,0
03/01/2026,15:00,   -1.6,0
03/01/2026,16:00,   -1.9,0
03/01/2026,17:00,   -1.7,0
03/01/2026,18:00,   -0.9,0
03/01/2026,19:00,   -1.1,0
03/01/2026,20:00,    0.9,0
03/01/2026,21:00,   -0.4,0
03/01/2026,22:00,   -0.4,0
03/01/2026,23:00,   -0.3,0
04/01/2026,00:00,    1.1,0
04/01/2026,01:00,   -1.2,0
04/01/2026,02:00,   -0.6,0
04/01/2026,03:00,   -1.6,0
04/01/2026,04:00,   -4.9,0
04/01/2026,05:00,   -9.2,0
04/01/2026,06:00,   -9.8,0
04/01/2026,07:00,  -10.3,0
04/01/2026,08:00,  -10.6,0
04/01/2026,09:00,  -11.3,0
04/01/2026,10:00,  -11.0,0
04/01/2026,11:00,  -10.1,0
04/01/2026,12:00,   -9.7,0
04/01/2026,13:00,   -9.6,0
04/01/2026,14:00,   -9.9,0
04/01/2026,15:00,  -10.2,0
04/01/2026,16:00,  -10.0,0
04/01/2026,17:00,   -9.8,0
04/01/2026,18:00,  -10.0,0
04/01/2026,19:00,  -10.3,0
04/01/2026,20:00,  -10.5,0
04/01/2026,21:00,  -10.7,0
04/01/2026,22:00,  -10.8,0
04/01/2026,23:00,  -10.9,0
05/01/2026,00:00,  -10.8,0
05/01/2026,01:00,  -10.7,0
05/01/2026,02:00,  -10.6,0
05/01/2026,03:00,  -10.6,0
05/01/2026,04:00,  -11.1,0
05/01/2026,05:00,  -11.7,0
05/01/2026,06:00,  -11.9,0
05/01/2026,07:00,  -11.2,0
05/01/2026,08:00,  -11.2,0
05/01/2026,09:00,  -11.2,0
05/01/2026,10:00,  -11.0,0
05/01/2026,11:00,   -9.5,0
05/01/2026,12:00,   -9.5,0
05/01/2026,13:00,   -9.3,0
05/01/2026,14:00,   -9.6,0
05/01/2026,15:00,   -9.7,0
05/01/2026,16:00,   -9.7,0
05/01/2026,17:00,   -8.8,0
05/01/2026,18:00,   -8.6,0
05/01/2026,19:00,   -8.6,0
05/01/2026,20:00,   -7.8,0
05/01/2026,21:00,   -7.3,0
05/01/2026,22:00,   -7.9,0
05/01/2026,23:00,   -8.5,0
06/01/2026,00:00,   -8.3,0
06/01/2026,01:00,   -8.8,0
06/01/2026,02:00,   -8.8,0
06/01/2026,03:00,   -8.6,0
06/01/2026,04:00,   -9.0,0
06/01/2026,05:00,   -9.0,0
06/01/2026,06:00,   -8.7,0
06/01/2026,07:00,   -8.5,0
06/01/2026,08:00,   -8.6,0
06/01/2026,09:00,   -8.8,0
06/01/2026,10:00,   -7.8,0
06/01/2026,11:00,   -7.3,0
06/01/2026,12:00,   -7.2,0
06/01/2026,13:00,   -7.1,0
06/01/2026,14:00,   -7.9,0
06/01/2026,15:00,   -8.4,0
06/01/2026,16:00,   -9.0,0
06/01/2026,17:00,   -9.2,0
06/01/2026,18:00,   -9.5,0
06/01/2026,19:00,   -9.6,0
06/01/2026,20:00,   -9.8,0
06/01/2026,21:00,  -10.1,0
06/01/2026,22:00,  -10.5,0
06/01/2026,23:00,  -10.5,0
07/01/2026,00:00,  -10.1,0
07/01/2026,01:00,  -10.1,0
07/01/2026,02:00,  -10.3,0
07/01/2026,03:00,  -10.1,0
07/01/2026,04:00,  -10.5,0
07/01/2026,05:00,  -10.8,0
07/01/2026,06:00,  -11.7,0
07/01/2026,07:00,  -12.1,0
07/01/2026,08:00,  -12.4,0
07/01/2026,09:00,  -12.4,0
07/01/2026,10:00,  -12.6,0
07/01/2026,11:00,  -10.1,0
07/01/2026,12:00,   -7.4,0
07/01/2026,13:00,   -7.0,0
07/01/2026,14:00,   -7.2,0
07/01/2026,15:00,   -5.8,0
07/01/2026,16:00,   -5.7,0
07/01/2026,17:00,   -6.1,0
07/01/2026,18:00,   -6.3,0
07/01/2026,19:00,   -5.9,0
07/01/2026,20:00,   -6.0,0
07/01/2026,21:00,   -6.2,0
07/01/2026,22:00,   -6.5,0
07/01/2026,23:00,   -6.8,0
08/01/2026,00:00,   -6.8,0
08/01/2026,01:00,   -5.8,0
08/01/2026,02:00,   -4.4,0
08/01/2026,03:00,   -4.1,0
08/01/2026,04:00,   -3.5,0
08/01/2026,05:00,   -1.6,0
08/01/2026,06:00,    0.3,0
08/01/2026,07:00,    0.1,0
08/01/2026,08:00,    0.2,0
08/01/2026,09:00,    1.6,0
08/01/2026,10:00,    2.8,0
08/01/2026,11:00,    2.4,0
08/01/2026,12:00,    3.0,0
08/01/2026,13:00,    2.0,0
08/01/2026,14:00,    2.2,0
08/01/2026,15:00,    2.1,0
08/01/2026,16:00,    2.8,0
08/01/2026,17:00,    4.1,0
08/01/2026,18:00,    3.8,0
08/01/2026,19:00,    3.6,0
08/01/2026,20:00,    2.2,0
08/01/2026,21:00,    2.9,0
08/01/2026,22:00,    4.3,0
08/01/2026,23:00,    3.4,0
09/01/2026,00:00,    2.8,0
09/01/2026,01:00,    2.7,0
09/01/2026,02:00,    2.6,0
09/01/2026,03:00,    2.7,0
09/01/2026,04:00,    2.1,0
09/01/2026,05:00,    0.9,0
09/01/2026,06:00,    0.7,0
09/01/2026,07:00,   -0.3,0
09/01/2026,08:00,   -0.8,0
09/01/2026,09:00,   -1.1,0
09/01/2026,10:00,   -0.5,0
09/01/2026,11:00,   -0.8,0
09/01/2026,12:00,   -2.6,0
09/01/2026,13:00,   -1.4,0
09/01/2026,14:00,   -1.5,0
09/01/2026,15:00,   -2.1,0
09/01/2026,16:00,   -2.7,0
09/01/2026,17:00,   -2.7,0
09/01/2026,18:00,   -3.0,0
09/01/2026,19:00,   -3.4,0
09/01/2026,20:00,   -3.3,0
09/01/2026,21:00,   -4.4,0
09/01/2026,22:00,   -5.1,0
09/01/2026,23:00,   -4.8,0
10/01/2026,00:00,   -4.5,0
10/01/2026,01:00,   -5.1,0
10/01/2026,02:00,   -5.3,0
10/01/2026,03:00,   -6.1,0
10/01/2026,04:00,   -6.0,0
10/01/2026,05:00,   -5.9,0
10/01/2026,06:00,   -6.2,0
10/01/2026,07:00,   -6.7,0
10/01/2026,08:00,   -6.3,0
10/01/2026,09:00,   -6.1,0
10/01/2026,10:00,   -5.7,0
10/01/2026,11:00,   -6.1,0
10/01/2026,12:00,   -3.7,0
10/01/2026,13:00,   -4.2,0
10/01/2026,14:00,   -4.7,0
10/01/2026,15:00,   -5.5,0
10/01/2026,16:00,   -5.8,0
10/01/2026,17:00,   -5.7,0
10/01/2026,18:00,   -5.8,0
10/01/2026,19:00,   -6.4,0
10/01/2026,20:00,   -6.1,0
10/01/2026,21:00,   -6.9,0
10/01/2026,22:00,   -5.4,0
10/01/2026,23:00,   -6.0,0
11/01/2026,00:00,   -5.8,0
11/01/2026,01:00,   -5.9,0
11/01/2026,02:00,   -6.3,0
11/01/2026,03:00,   -7.3,0
11/01/2026,04:00,   -7.8,0
11/01/2026,05:00,   -7.8,0
11/01/2026,06:00,   -7.7,0
11/01/2026,07:00,   -7.4,0
11/01/2026,08:00,   -7.3,0
11/01/2026,09:00,   -6.9,0
11/01/2026,10:00,   -6.5,0
11/01/2026,11:00,   -6.0,0
11/01/2026,12:00,   -5.4,0
11/01/2026,13:00,   -5.6,0
11/01/2026,14:00,   -5.6,0
11/01/2026,15:00,   -6.1,0
11/01/2026,16:00,   -5.9,0
11/01/2026,17:00,   -5.5,0
11/01/2026,18:00,   -5.3,0
11/01/2026,19:00,   -5.7,0
11/01/2026,20:00,   -5.1,0
11/01/2026,21:00,   -4.8,0
11/01/2026,22:00,   -4.6,0
11/01/2026,23:00,   -4.5,0
12/01/2026,00:00,   -3.8,0
12/01/2026,01:00,   -2.2,0
12/01/2026,02:00,   -1.4,0
12/01/2026,03:00,    0.1,0
12/01/2026,04:00,    2.6,0
12/01/2026,05:00,    1.2,0
12/01/2026,06:00,    0.4,0
12/01/2026,07:00,    0.6,0
12/01/2026,08:00,    5.6,*
12/01/2026,09:00,    3.7,0
12/01/2026,10:00,    3.2,0
12/01/2026,11:00,    4.4,0
12/01/2026,12:00,    4.1,0
12/01/2026,13:00,    3.7,0
12/01/2026,14:00,    6.6,0
12/01/2026,15:00,    6.6,0
12/01/2026,16:00,    6.2,0
12/01/2026,17:00,    6.1,0
12/01/2026,18:00,    6.0,0
12/01/2026,19:00,    7.1,0
12/01/2026,20:00,    6.9,0
12/01/2026,21:00,    6.5,0
12/01/2026,22:00,    6.4,0
12/01/2026,23:00,    5.8,0
13/01/2026,00:00,    5.5,0
13/01/2026,01:00,    5.1,0
13/01/2026,02:00,    4.3,0
13/01/2026,03:00,    4.3,0
13/01/2026,04:00,    3.8,0
13/01/2026,05:00,    3.9,0
13/01/2026,06:00,    3.4,0
13/01/2026,07:00,    3.7,0
13/01/2026,08:00,    3.3,0
13/01/2026,09:00,    3.3,0
13/01/2026,10:00,    3.3,0
13/01/2026,11:00,    3.2,0
13/01/2026,12:00,    3.1,0
13/01/2026,13:00,    3.2,0
13/01/2026,14:00,    3.3,0
13/01/2026,15:00,    3.2,0
13/01/2026,16:00,    3.3,0
13/01/2026,17:00,    3.5,0
13/01/2026,18:00,    3.6,0
13/01/2026,19:00,    4.2,0
13/01/2026,20:00,    4.1,0
13/01/2026,21:00,    4.7,0
13/01/2026,22:00,    4.9,0
13/01/2026,23:00,    4.7,0
14/01/2026,00:00,    4.5,0
14/01/2026,01:00,    4.5,0
14/01/2026,02:00,    4.5,0
14/01/2026,03:00,    4.4,0
14/01/2026,04:00,    4.9,0
14/01/2026,05:00,    5.2,0
14/01/2026,06:00,    5.2,0
14/01/2026,07:00,    5.1,0
14/01/2026,08:00,    5.7,0
14/01/2026,09:00,    5.9,0
14/01/2026,10:00,    5.4,0
14/01/2026,11:00,    5.3,0
14/01/2026,12:00,    5.3,0
14/01/2026,13:00,    5.2,0
14/01/2026,14:00,    4.8,0
14/01/2026,15:00,    4.5,0
14/01/2026,16:00,    4.0,0
14/01/2026,17:00,    3.6,0
14/01/2026,18:00,    2.7,0
14/01/2026,19:00,    3.6,0
14/01/2026,20:00,    3.4,0
14/01/2026,21:00,    3.2,0
14/01/2026,22:00,    3.0,0
14/01/2026,23:00,    3.2,0
15/01/2026,00:00,    2.6,0
15/01/2026,01:00,    2.6,0
15/01/2026,02:00,    2.1,0
15/01/2026,03:00,   -2.4,0
15/01/2026,04:00,   -2.5,0
15/01/2026,05:00,   -1.4,0
15/01/2026,06:00,   -1.6,0
15/01/2026,07:00,   -1.7,0
15/01/2026,08:00,   -1.4,0
15/01/2026,09:00,   -0.4,0
15/01/2026,10:00,    0.1,0
15/01/2026,11:00,    0.0,0
15/01/2026,12:00,    0.1,0
15/01/2026,13:00,   -0.9,0
15/01/2026,14:00,   -1.6,0
15/01/2026,15:00,   -2.6,0
15/01/2026,16:00,   -2.9,0
15/01/2026,17:00,   -3.4,0
15/01/2026,18:00,   -3.7,0
15/01/2026,19:00,   -3.7,0
15/01/2026,20:00,   -3.9,0
15/01/2026,21:00,   -4.1,0
15/01/2026,22:00,   -4.1,0
15/01/2026,23:00,   -3.5,0
16/01/2026,00:00,    0.1,0
16/01/2026,01:00,   -1.4,0
16/01/2026,02:00,   -3.0,0
16/01/2026,03:00,   -2.8,0
16/01/2026,04:00,   -0.6,0
16/01/2026,05:00,   -5.2,0
16/01/2026,06:00,   -5.4,0
16/01/2026,07:00,   -5.1,0
16/01/2026,08:00,   -4.8,0
16/01/2026,09:00,   -4.3,0
16/01/2026,10:00,   -4.0,0
16/01/2026,11:00,   -3.7,0
16/01/2026,12:00,   -3.5,0
16/01/2026,13:00,   -3.5,0
16/01/2026,14:00,   -3.6,0
16/01/2026,15:00,   -3.5,0
16/01/2026,16:00,   -3.6,0
16/01/2026,17:00,   -3.6,0
16/01/2026,18:00,   -3.6,0
16/01/2026,19:00,   -3.7,0
16/01/2026,20:00,   -3.4,0
16/01/2026,21:00,   -3.1,0
16/01/2026,22:00,   -3.5,0
16/01/2026,23:00,   -3.5,0
17/01/2026,00:00,   -3.4,0
17/01/2026,01:00,   -3.5,0
17/01/2026,02:00,   -3.3,0
17/01/2026,03:00,   -3.3,0
17/01/2026,04:00,   -3.3,0
17/01/2026,05:00,   -3.3,0
17/01/2026,06:00,   -3.3,0
17/01/2026,07:00,   -3.3,0
17/01/2026,08:00,   -3.5,0
17/01/2026,09:00,   -3.4,0
17/01/2026,10:00,   -3.2,0
17/01/2026,11:00,   -3.8,0
17/01/2026,12:00,   -3.2,0
17/01/2026,13:00,   -3.2,0
17/01/2026,14:00,   -3.3,0
17/01/2026,15:00,   -3.4,0
17/01/2026,16:00,   -3.6,0
17/01/2026,17:00,   -3.5,0
17/01/2026,18:00,   -3.6,0
17/01/2026,19:00,   -3.5,0
17/01/2026,20:00,   -3.5,0
17/01/2026,21:00,   -3.4,0
17/01/2026,22:00,   -3.5,0
17/01/2026,23:00,   -3.4,0
18/01/2026,00:00,   -3.3,0
18/01/2026,01:00,   -3.1,0
18/01/2026,02:00,   -3.0,0
18/01/2026,03:00,   -2.9,0
18/01/2026,04:00,   -2.8,0
18/01/2026,05:00,   -2.8,0
18/01/2026,06:00,   -2.7,0
18/01/2026,07:00,   -2.8,0
18/01/2026,08:00,   -2.8,0
18/01/2026,09:00,   -2.7,0
18/01/2026,10:00,   -2.5,0
18/01/2026,11:00,   -2.9,0
18/01/2026,12:00,   -3.2,0
18/01/2026,13:00,   -3.4,0
18/01/2026,14:00,   -3.3,0
18/01/2026,15:00,   -3.4,0
18/01/2026,16:00,   -3.7,0
18/01/2026,17:00,   -3.9,0
18/01/2026,18:00,   -3.9,0
18/01/2026,19:00,   -4.0,0
18/01/2026,20:00,   -3.9,0
18/01/2026,21:00,   -4.0,0
18/01/2026,22:00,   -4.1,0
18/01/2026,23:00,   -4.2,0
19/01/2026,00:00,   -4.2,0
19/01/2026,01:00,   -4.3,0
19/01/2026,02:00,   -4.3,0
19/01/2026,03:00,   -4.4,0
19/01/2026,04:00,   -4.6,0
19/01/2026,05:00,   -4.7,0
19/01/2026,06:00,   -5.0,0
19/01/2026,07:00,   -5.2,0
19/01/2026,08:00,   -5.4,0
19/01/2026,09:00,   -5.4,0
19/01/2026,10:00,   -5.7,0
19/01/2026,11:00,   -5.4,0
19/01/2026,12:00,   -5.8,0
19/01/2026,13:00,   -6.3,0
19/01/2026,14:00,   -6.4,0
19/01/2026,15:00,   -6.4,0
19/01/2026,16:00,   -7.0,0
19/01/2026,17:00,   -6.7,0
19/01/2026,18:00,   -6.6,0
19/01/2026,19:00,   -6.3,0
19/01/2026,20:00,   -6.3,0
19/01/2026,21:00,   -6.4,0
19/01/2026,22:00,   -6.4,0
19/01/2026,23:00,   -6.6,0
20/01/2026,00:00,   -6.7,0
20/01/2026,01:00,   -7.2,0
20/01/2026,02:00,   -7.1,0
20/01/2026,03:00,   -7.0,0
20/01/2026,04:00,   -6.4,0
20/01/2026,05:00,   -6.7,0
20/01/2026,06:00,   -6.5,0
20/01/2026,07:00,   -6.1,0
20/01/2026,08:00,   -6.1,0
20/01/2026,09:00,   -6.1,0
20/01/2026,10:00,   -5.1,0
20/01/2026,11:00,   -5.0,0
20/01/2026,12:00,   -5.2,0
20/01/2026,13:00,   -4.5,0
20/01/2026,14:00,   -4.5,0
20/01/2026,15:00,   -5.3,0
20/01/2026,16:00,   -5.4,0
20/01/2026,17:00,   -5.4,0
20/01/2026,18:00,   -5.5,0
20/01/2026,19:00,   -5.5,0
20/01/2026,20:00,   -5.7,0
20/01/2026,21:00,   -5.7,0
20/01/2026,22:00,   -6.0,0
20/01/2026,23:00,   -6.0,0
21/01/2026,00:00,   -6.0,0
21/01/2026,01:00,   -6.3,0
21/01/2026,02:00,   -6.8,0
21/01/2026,03:00,   -7.5,0
21/01/2026,04:00,   -7.9,0
21/01/2026,05:00,   -7.4,0
21/01/2026,06:00,   -6.5,0
21/01/2026,07:00,   -5.8,0
21/01/2026,08:00,   -5.1,0
21/01/2026,09:00,   -5.0,0
21/01/2026,10:00,   -4.6,0
21/01/2026,11:00,   -4.4,0
21/01/2026,12:00,   -3.0,0
21/01/2026,13:00,   -3.3,0
21/01/2026,14:00,   -4.4,0
21/01/2026,15:00,   -4.7,0
21/01/2026,16:00,   -4.8,0
21/01/2026,17:00,   -4.7,0
21/01/2026,18:00,   -5.0,0
21/01/2026,19:00,   -4.9,0
21/01/2026,20:00,   -5.7,0
21/01/2026,21:00,   -5.5,0
21/01/2026,22:00,   -6.0,0
21/01/2026,23:00,   -6.7,0
22/01/2026,00:00,   -6.3,0
22/01/2026,01:00,   -6.1,0
22/01/2026,02:00,   -5.3,0
22/01/2026,03:00,   -4.6,0
22/01/2026,04:00,   -3.7,0
22/01/2026,05:00,   -4.9,0
22/01/2026,06:00,   -3.4,0
22/01/2026,07:00,   -2.0,0
22/01/2026,08:00,   -2.2,0
22/01/2026,09:00,   -2.3,0
22/01/2026,10:00,   -1.3,0
22/01/2026,11:00,   -2.4,0
22/01/2026,12:00,   -2.2,0
22/01/2026,13:00,   -2.7,0
22/01/2026,14:00,   -2.1,0
22/01/2026,15:00,   -2.2,0
22/01/2026,16:00,   -2.1,0
22/01/2026,17:00,   -2.5,0
22/01/2026,18:00,   -2.2,0
22/01/2026,19:00,   -1.9,0
22/01/2026,20:00,   -2.3,0
22/01/2026,21:00,   -2.2,0
22/01/2026,22:00,   -1.8,0
22/01/2026,23:00,   -2.8,0
23/01/2026,00:00,   -2.9,0
23/01/2026,01:00,   -1.5,0
23/01/2026,02:00,   -2.3,0
23/01/2026,03:00,   -1.5,0
23/01/2026,04:00,   -0.2,0
23/01/2026,05:00,   -2.4,0
23/01/2026,06:00,   -2.1,0
23/01/2026,07:00,   -0.2,0
23/01/2026,08:00,   -3.9,0
23/01/2026,09:00,   -4.0,0
23/01/2026,10:00,   -3.4,0
23/01/2026,11:00,   -4.9,0
23/01/2026,12:00,   -5.2,0
23/01/2026,13:00,   -5.9,0
23/01/2026,14:00,   -4.3,0
23/01/2026,15:00,   -5.4,0
23/01/2026,16:00,   -6.0,0
23/01/2026,17:00,   -6.1,0
23/01/2026,18:00,   -6.2,0
23/01/2026,19:00,   -6.3,0
23/01/2026,20:00,   -6.6,0
23/01/2026,21:00,   -6.7,0
23/01/2026,22:00,   -6.8,0
23/01/2026,23:00,   -6.8,0
24/01/2026,00:00,   -6.9,0
24/01/2026,01:00,   -6.9,0
24/01/2026,02:00,   -6.9,0
24/01/2026,03:00,   -7.0,0
24/01/2026,04:00,   -6.9,0
24/01/2026,05:00,   -7.0,0
24/01/2026,06:00,   -7.0,0
24/01/2026,07:00,   -7.2,0
24/01/2026,08:00,   -7.2,0
24/01/2026,09:00,   -7.0,0
24/01/2026,10:00,   -6.8,0
24/01/2026,11:00,   -6.7,0
24/01/2026,12:00,   -6.8,0
24/01/2026,13:00,   -6.4,0
24/01/2026,14:00,   -6.0,0
24/01/2026,15:00,   -5.9,0
24/01/2026,16:00,   -5.9,0
24/01/2026,17:00,   -5.9,0
24/01/2026,18:00,   -5.9,0
24/01/2026,19:00,   -5.8,0
24/01/2026,20:00,   -5.8,0
24/01/2026,21:00,   -6.0,0
24/01/2026,22:00,   -6.0,0
24/01/2026,23:00,   -6.3,0
25/01/2026,00:00,   -6.7,0
25/01/2026,01:00,   -7.1,0
25/01/2026,02:00,   -7.1,0
25/01/2026,03:00,   -6.0,0
25/01/2026,04:00,   -6.7,0
25/01/2026,05:00,   -7.6,0
25/01/2026,06:00,   -7.7,0
25/01/2026,07:00,   -8.0,0
25/01/2026,08:00,   -7.5,0
25/01/2026,09:00,   -7.4,0
25/01/2026,10:00,   -6.2,0
25/01/2026,11:00,   -4.1,0
25/01/2026,12:00,   -4.3,0
25/01/2026,13:00,   -4.1,0
25/01/2026,14:00,   -2.9,0
25/01/2026,15:00,   -2.8,0
25/01/2026,16:00,   -4.5,0
25/01/2026,17:00,   -3.7,0
25/01/2026,18:00,   -4.5,0
25/01/2026,19:00,   -4.4,0
25/01/2026,20:00,   -4.4,0
25/01/2026,21:00,   -4.3,0
25/01/2026,22:00,   -4.6,0
25/01/2026,23:00,   -4.3,0
26/01/2026,00:00,   -5.0,0
26/01/2026,01:00,   -5.1,0
26/01/2026,02:00,   -5.7,0
26/01/2026,03:00,   -5.9,0
26/01/2026,04:00,   -7.4,0
26/01/2026,05:00,   -7.0,0
26/01/2026,06:00,   -6.3,0
26/01/2026,07:00,   -5.6,0
26/01/2026,08:00,   -5.6,0
26/01/2026,09:00,   -5.5,0
26/01/2026,10:00,   -4.8,0
26/01/2026,11:00,   -3.9,0
26/01/2026,12:00,   -4.2,0
26/01/2026,13:00,   -3.7,0
26/01/2026,14:00,   -3.4,0
26/01/2026,15:00,   -4.3,0
26/01/2026,16:00,   -4.0,0
26/01/2026,17:00,   -3.8,0
26/01/2026,18:00,   -3.5,0
26/01/2026,19:00,   -1.5,0
26/01/2026,20:00,   -2.5,0
26/01/2026,21:00,   -2.7,0
26/01/2026,22:00,   -2.7,0
26/01/2026,23:00,   -2.1,0
27/01/2026,00:00,   -0.8,0
27/01/2026,01:00,   -0.2,0
27/01/2026,02:00,   -0.3,0
27/01/2026,03:00,    0.2,0
27/01/2026,04:00,   -1.3,0
27/01/2026,05:00,    3.0,0
27/01/2026,06:00,    2.3,0
27/01/2026,07:00,    0.6,0
27/01/2026,08:00,    1.1,0
27/01/2026,09:00,    1.7,0
27/01/2026,10:00,    1.4,0
27/01/2026,11:00,    1.7,0
27/01/2026,12:00,    0.9,0
27/01/2026,13:00,    0.7,0
27/01/2026,14:00,    0.9,0
27/01/2026,15:00,   -2.1,0
27/01/2026,16:00,   -5.9,0
27/01/2026,17:00,   -5.9,0
27/01/2026,18:00,   -6.2,0
27/01/2026,19:00,   -6.5,0
27/01/2026,20:00,   -6.5,0
27/01/2026,21:00,   -6.5,0
27/01/2026,22:00,   -6.7,0
27/01/2026,23:00,   -6.7,0
28/01/2026,00:00,   -6.6,0
28/01/2026,01:00,   -6.5,0
28/01/2026,02:00,   -6.7,0
28/01/2026,03:00,   -6.6,0
28/01/2026,04:00,   -6.6,0
28/01/2026,05:00,   -6.2,0
28/01/2026,06:00,   -6.2,0
28/01/2026,07:00,   -6.2,0
28/01/2026,08:00,   -6.4,0
28/01/2026,09:00,   -6.2,0
28/01/2026,10:00,   -6.0,0
28/01/2026,11:00,   -5.6,0
28/01/2026,12:00,   -5.3,0
28/01/2026,13:00,   -5.0,0
28/01/2026,14:00,   -4.7,0
28/01/2026,15:00,   -4.8,0
28/01/2026,16:00,   -5.1,0
28/01/2026,17:00,   -5.1,0
28/01/2026,18:00,   -5.1,0
28/01/2026,19:00,   -5.7,0
28/01/2026,20:00,   -5.8,0
28/01/2026,21:00,   -6.0,0
28/01/2026,22:00,   -5.6,0
28/01/2026,23:00,   -4.7,0
29/01/2026,00:00,   -4.8,0
29/01/2026,01:00,   -4.9,0
29/01/2026,02:00,   -5.4,0
29/01/2026,03:00,   -5.2,0
29/01/2026,04:00,   -5.4,0
29/01/2026,05:00,   -5.3,0
29/01/2026,06:00,   -5.4,0
29/01/2026,07:00,   -4.5,0
29/01/2026,08:00,   -4.2,0
29/01/2026,09:00,   -3.7,0
29/01/2026,10:00,   -2.7,0
29/01/2026,11:00,   -2.2,0
29/01/2026,12:00,   -2.3,0
29/01/2026,13:00,   -2.5,0
29/01/2026,14:00,   -2.9,0
29/01/2026,15:00,   -3.9,0
29/01/2026,16:00,   -3.5,0
29/01/2026,17:00,   -3.4,0
29/01/2026,18:00,   -3.3,0
29/01/2026,19:00,   -3.7,0
29/01/2026,20:00,   -3.5,0
29/01/2026,21:00,   -3.7,0
29/01/2026,22:00,   -3.4,0
29/01/2026,23:00,   -2.6,0
30/01/2026,00:00,   -3.0,0
30/01/2026,01:00,   -2.8,0
30/01/2026,02:00,   -2.0,0
30/01/2026,03:00,   -4.9,0
30/01/2026,04:00,   -3.9,0
30/01/2026,05:00,   -3.6,0
30/01/2026,06:00,   -3.3,0
30/01/2026,07:00,   -4.7,0
30/01/2026,08:00,   -4.7,0
30/01/2026,09:00,   -2.9,0
30/01/2026,10:00,   -2.9,0
30/01/2026,11:00,   -4.9,0
30/01/2026,12:00,   -2.3,0
30/01/2026,13:00,   -1.1,0
30/01/2026,14:00,   -0.9,0
30/01/2026,15:00,   -1.7,0
30/01/2026,16:00,   -3.4,0
30/01/2026,17:00,   -2.5,0
30/01/2026,18:00,   -2.4,0
30/01/2026,19:00,   -2.8,0
30/01/2026,20:00,   -3.3,0
30/01/2026,21:00,   -3.5,0
30/01/2026,22:00,   -4.5,0
30/01/2026,23:00,   -3.7,0
31/01/2026,00:00,   -4.4,0
31/01/2026,01:00,   -5.5,0
31/01/2026,02:00,   -6.6,0
31/01/2026,03:00,   -7.3,0
31/01/2026,04:00,   -7.6,0
31/01/2026,05:00,   -6.5,0
31/01/2026,06:00,   -6.1,0
31/01/2026,07:00,   -6.6,0
31/01/2026,08:00,   -6.2,0
31/01/2026,09:00,   -5.7,0
31/01/2026,10:00,   -5.4,0
31/01/2026,11:00,   -5.0,0
31/01/2026,12:00,   -4.9,0
31/01/2026,13:00,   -4.0,0
31/01/2026,14:00,   -4.1,0
31/01/2026,15:00,   -6.3,0
31/01/2026,16:00,   -5.2,0
31/01/2026,17:00,   -4.7,0
31/01/2026,18:00,   -4.3,0
31/01/2026,19:00,   -4.3,0
31/01/2026,20:00,   -4.3,0
31/01/2026,21:00,   -4.9,0
31/01/2026,22:00,   -5.7,0
31/01/2026,23:00,   -5.0,0
01/02/2026,00:00,   -4.5,0
01/02/2026,01:00,   -4.8,0
01/02/2026,02:00,   -5.2,0
01/02/2026,03:00,   -5.7,0
01/02/2026,04:00,   -5.0,0
01/02/2026,05:00,   -4.8,0
01/02/2026,06:00,   -4.4,0
01/02/2026,07:00,   -4.2,0
01/02/2026,08:00,   -4.3,0
01/02/2026,09:00,   -4.0,0
01/02/2026,10:00,   -2.9,0
01/02/2026,11:00,   -2.4,0
01/02/2026,12:00,   -2.0,0
01/02/2026,13:00,   -2.2,0
01/02/2026,14:00,   -0.9,0
01/02/2026,15:00,   -2.8,0
01/02/2026,16:00,   -3.3,0
01/02/2026,17:00,   -3.5,0
01/02/2026,18:00,   -3.3,0
01/02/2026,19:00,   -3.5,0
01/02/2026,20:00,   -2.9,0
01/02/2026,21:00,   -2.3,0
01/02/2026,22:00,   -2.9,0
01/02/2026,23:00,   -3.9,0
02/02/2026,00:00,   -3.3,0
02/02/2026,01:00,   -1.0,0
02/02/2026,02:00,   -1.5,0
02/02/2026,03:00,   -4.0,0
02/02/2026,04:00,   -2.1,0
02/02/2026,05:00,   -3.5,0
02/02/2026,06:00,   -2.8,0
02/02/2026,07:00,   -4.0,0
02/02/2026,08:00,   -1.8,0
02/02/2026,09:00,    0.3,0
02/02/2026,10:00,    1.7,0
02/02/2026,11:00,    0.7,0
02/02/2026,12:00,    0.6,0
02/02/2026,13:00,    0.1,0
02/02/2026,14:00,   -4.8,0
02/02/2026,15:00,   -6.2,0
02/02/2026,16:00,   -6.3,0
02/02/2026,17:00,   -6.4,0
02/02/2026,18:00,   -6.4,0
02/02/2026,19:00,   -6.6,0
02/02/2026,20:00,   -6.7,0
02/02/2026,21:00,   -6.7,0
02/02/2026,22:00,   -6.9,0
02/02/2026,23:00,   -6.9,0
03/02/2026,00:00,   -6.9,0
03/02/2026,01:00,   -6.9,0
03/02/2026,02:00,   -7.3,0
03/02/2026,03:00,   -7.3,0
03/02/2026,04:00,   -7.4,0
03/02/2026,05:00,   -7.4,0
03/02/2026,06:00,   -7.4,0
03/02/2026,07:00,   -7.3,0
03/02/2026,08:00,   -4.6,0
03/02/2026,09:00,   -2.2,0
03/02/2026,10:00,   -1.5,0
03/02/2026,11:00,   -2.3,0
03/02/2026,12:00,   -1.6,0
03/02/2026,13:00,   -2.9,0
03/02/2026,14:00,   -1.2,0
03/02/2026,15:00,   -2.1,0
03/02/2026,16:00,   -2.8,0
03/02/2026,17:00,   -2.0,0
03/02/2026,18:00,   -1.6,*
03/02/2026,19:00,   -6.3,0
03/02/2026,20:00,   -6.2,0
03/02/2026,21:00,   -6.3,0
03/02/2026,22:00,   -6.6,0
03/02/2026,23:00,   -6.6,0
04/02/2026,00:00,   -6.8,0
04/02/2026,01:00,   -6.8,0
04/02/2026,02:00,   -6.9,0
04/02/2026,03:00,   -6.7,0
04/02/2026,04:00,   -6.4,0
04/02/2026,05:00,   -6.1,0
04/02/2026,06:00,   -6.0,0
04/02/2026,07:00,   -6.1,0
04/02/2026,08:00,   -5.8,0
04/02/2026,09:00,   -5.4,0
04/02/2026,10:00,   -4.7,0
04/02/2026,11:00,   -4.2,0
04/02/2026,12:00,   -4.6,0
04/02/2026,13:00,   -3.8,0
04/02/2026,14:00,   -3.4,0
04/02/2026,15:00,   -3.3,0
04/02/2026,16:00,   -4.2,0
04/02/2026,17:00,   -4.5,0
04/02/2026,18:00,   -4.6,0
04/02/2026,19:00,   -4.9,0
04/02/2026,20:00,   -6.6,0
04/02/2026,21:00,   -6.8,0
04/02/2026,22:00,   -5.9,0
04/02/2026,23:00,   -5.2,0
05/02/2026,00:00,   -5.0,0
05/02/2026,01:00,   -3.9,0
05/02/2026,02:00,   -1.8,0
05/02/2026,03:00,   -2.5,0
05/02/2026,04:00,   -2.6,0
05/02/2026,05:00,   -1.5,0
05/02/2026,06:00,   -1.0,0
05/02/2026,07:00,   -1.4,0
05/02/2026,08:00,    0.7,0
05/02/2026,09:00,    0.5,0
05/02/2026,10:00,    1.2,0
05/02/2026,11:00,    1.2,0
05/02/2026,12:00,    4.0,0
05/02/2026,13:00,    2.3,0
05/02/2026,14:00,    1.6,0
05/02/2026,15:00,    1.3,0
05/02/2026,16:00,    0.6,0
05/02/2026,17:00,   -1.2,0
05/02/2026,18:00,   -3.7,0
05/02/2026,19:00,   -4.6,0
05/02/2026,20:00,   -4.5,0
05/02/2026,21:00,   -4.3,0
05/02/2026,22:00,   -4.1,0
05/02/2026,23:00,   -4.4,0
06/02/2026,00:00,   -4.5,0
06/02/2026,01:00,   -4.8,0
06/02/2026,02:00,   -4.9,0
06/02/2026,03:00,   -4.9,0
06/02/2026,04:00,   -5.0,0
06/02/2026,05:00,   -5.1,0
06/02/2026,06:00,   -3.9,0
06/02/2026,07:00,   -3.9,0
06/02/2026,08:00,   -2.7,0
06/02/2026,09:00,   -1.5,0
06/02/2026,10:00,   -0.8,0
06/02/2026,11:00,    0.9,0
06/02/2026,12:00,    2.4,0
06/02/2026,13:00,    2.1,0
06/02/2026,14:00,    2.6,0
06/02/2026,15:00,    2.8,0
06/02/2026,16:00,    2.1,0
06/02/2026,17:00,    1.1,0
06/02/2026,18:00,    0.8,0
06/02/2026,19:00,    1.6,0
06/02/2026,20:00,    1.1,0
06/02/2026,21:00,    2.1,0
06/02/2026,22:00,    1.4,0
06/02/2026,23:00,    0.7,0
07/02/2026,00:00,   -0.2,0
07/02/2026,01:00,   -0.2,0
07/02/2026,02:00,    1.0,0
07/02/2026,03:00,    0.2,0
07/02/2026,04:00,   -1.7,0
07/02/2026,05:00,   -2.2,0
07/02/2026,06:00,   -2.5,0
07/02/2026,07:00,   -2.8,0
07/02/2026,08:00,   -3.1,0
07/02/2026,09:00,   -3.0,0
07/02/2026,10:00,   -2.5,0
07/02/2026,11:00,   -2.1,0
07/02/2026,12:00,   -0.2,0
07/02/2026,13:00,   -1.9,0
07/02/2026,14:00,   -1.7,0
07/02/2026,15:00,   -1.4,0
07/02/2026,16:00,   -2.0,0
07/02/2026,17:00,   -3.0,0
07/02/2026,18:00,   -3.3,0
07/02/2026,19:00,   -2.4,0
07/02/2026,20:00,   -2.6,0
07/02/2026,21:00,   -3.3,0
07/02/2026,22:00,   -3.0,0
07/02/2026,23:00,   -2.9,0
08/02/2026,00:00,   -3.4,0
08/02/2026,01:00,   -3.6,0
08/02/2026,02:00,   -3.4,0
08/02/2026,03:00,   -3.4,0
08/02/2026,04:00,   -3.7,0
08/02/2026,05:00,   -3.8,0
08/02/2026,06:00,   -3.7,0
08/02/2026,07:00,   -4.0,0
08/02/2026,08:00,   -3.7,0
08/02/2026,09:00,   -3.3,0
08/02/2026,10:00,   -2.7,0
08/02/2026,11:00,   -2.2,0
08/02/2026,12:00,   -2.3,0
08/02/2026,13:00,   -1.9,0
08/02/2026,14:00,   -3.1,0
08/02/2026,15:00,   -3.3,0
08/02/2026,16:00,   -3.4,0
08/02/2026,17:00,   -3.4,0
08/02/2026,18:00,   -3.4,0
08/02/2026,19:00,   -3.5,0
08/02/2026,20:00,   -3.5,0
08/02/2026,21:00,   -3.5,0
08/02/2026,22:00,   -3.5,0
08/02/2026,23:00,   -3.6,0
09/02/2026,00:00,   -3.7,0
09/02/2026,01:00,   -3.6,0
09/02/2026,02:00,   -3.6,0
09/02/2026,03:00,   -3.6,0
09/02/2026,04:00,   -3.6,0
09/02/2026,05:00,   -3.6,0
09/02/2026,06:00,   -3.6,0
09/02/2026,07:00,   -3.6,0
09/02/2026,08:00,   -3.7,0
09/02/2026,09:00,   -4.2,0
09/02/2026,10:00,   -4.0,0
09/02/2026,11:00,   -3.8,0
09/02/2026,12:00,   -3.7,0
09/02/2026,13:00,   -3.4,0
09/02/2026,14:00,   -2.9,0
09/02/2026,15:00,   -2.8,0
09/02/2026,16:00,   -3.1,0
09/02/2026,17:00,   -3.3,0
09/02/2026,18:00,   -4.0,0
09/02/2026,19:00,   -3.7,0
09/02/2026,20:00,   -3.6,0
09/02/2026,21:00,   -3.6,0
09/02/2026,22:00,   -3.4,0
09/02/2026,23:00,   -3.1,0
10/02/2026,00:00,   -1.6,0
10/02/2026,01:00,   -1.0,0
10/02/2026,02:00,   -1.1,0
10/02/2026,03:00,   -1.0,0
10/02/2026,04:00,   -1.4,0
10/02/2026,05:00,   -1.3,0
10/02/2026,06:00,   -2.4,0
10/02/2026,07:00,   -3.2,0
10/02/2026,08:00,   -2.9,*
10/02/2026,09:00,    0.3,0
10/02/2026,10:00,    1.1,0
10/02/2026,11:00,    1.6,0
10/02/2026,12:00,    1.1,0
10/02/2026,13:00,    1.3,0
10/02/2026,14:00,    1.8,0
10/02/2026,15:00,    1.2,0
10/02/2026,16:00,    2.4,0
10/02/2026,17:00,    2.1,0
10/02/2026,18:00,    1.4,0
10/02/2026,19:00,    1.6,0
10/02/2026,20:00,    1.4,0
10/02/2026,21:00,    2.9,0
10/02/2026,22:00,    2.9,0
10/02/2026,23:00,    3.0,0
11/02/2026,00:00,    3.8,0
11/02/2026,01:00,    2.7,0
11/02/2026,02:00,    4.8,0
11/02/2026,03:00,    3.7,0
11/02/2026,04:00,    0.7,0
11/02/2026,05:00,    0.2,0
11/02/2026,06:00,    0.2,0
11/02/2026,07:00,   -0.7,0
11/02/2026,08:00,    1.3,0
11/02/2026,09:00,    1.4,0
11/02/2026,10:00,    2.3,0
11/02/2026,11:00,    3.2,0
11/02/2026,12:00,    4.2,0
11/02/2026,13:00,    4.2,0
11/02/2026,14:00,    4.4,0
11/02/2026,15:00,    4.0,0
11/02/2026,16:00,    3.2,0
11/02/2026,17:00,    1.9,0
11/02/2026,18:00,    2.2,0
11/02/2026,19:00,    3.3,0
11/02/2026,20:00,    5.1,0
11/02/2026,21:00,    5.1,0
11/02/2026,22:00,    4.4,0
11/02/2026,23:00,    4.2,0
12/02/2026,00:00,    4.4,0
12/02/2026,01:00,    3.5,0
12/02/2026,02:00,    1.7,0
12/02/2026,03:00,   -0.6,0
12/02/2026,04:00,   -0.4,0
12/02/2026,05:00,    0.2,0
12/02/2026,06:00,   -0.6,0
12/02/2026,07:00,    0.3,0
12/02/2026,08:00,   -0.5,0
12/02/2026,09:00,    0.1,0
12/02/2026,10:00,    1.9,0
12/02/2026,11:00,    2.6,0
12/02/2026,12:00,    2.7,0
12/02/2026,13:00,    2.5,0
12/02/2026,14:00,    3.0,0
12/02/2026,15:00,    2.8,0
12/02/2026,16:00,    2.4,0
12/02/2026,17:00,    1.8,0
12/02/2026,18:00,    1.6,0
12/02/2026,19:00,    1.1,0
12/02/2026,20:00,    0.8,0
12/02/2026,21:00,    0.1,0
12/02/2026,22:00,   -0.2,0
12/02/2026,23:00,   -0.5,0
13/02/2026,00:00,   -1.1,0
13/02/2026,01:00,   -1.6,0
13/02/2026,02:00,   -1.7,0
13/02/2026,03:00,    0.3,0
13/02/2026,04:00,    0.5,0
13/02/2026,05:00,   -1.0,0
13/02/2026,06:00,   -0.3,0
13/02/2026,07:00,   -0.1,0
13/02/2026,08:00,    1.5,0
13/02/2026,09:00,    1.6,0
13/02/2026,10:00,    1.8,0
13/02/2026,11:00,    3.2,0
13/02/2026,12:00,    3.2,0
13/02/2026,13:00,    2.3,0
13/02/2026,14:00,    1.2,0
13/02/2026,15:00,    0.1,0
13/02/2026,16:00,   -2.9,0
13/02/2026,17:00,   -3.8,0
13/02/2026,18:00,   -4.3,0
13/02/2026,19:00,   -4.4,0
13/02/2026,20:00,   -4.5,0
13/02/2026,21:00,   -4.6,0
13/02/2026,22:00,   -4.7,0
13/02/2026,23:00,   -4.7,0
14/02/2026,00:00,   -4.5,0
14/02/2026,01:00,   -4.3,0
14/02/2026,02:00,   -4.2,0
14/02/2026,03:00,   -4.4,0
14/02/2026,04:00,   -4.8,0
14/02/2026,05:00,   -4.9,0
14/02/2026,06:00,   -4.9,0
14/02/2026,07:00,   -4.7,0
14/02/2026,08:00,   -4.6,0
14/02/2026,09:00,   -4.4,0
14/02/2026,10:00,   -4.1,0
14/02/2026,11:00,   -4.1,0
14/02/2026,12:00,   -4.0,0
14/02/2026,13:00,   -3.8,0
14/02/2026,14:00,   -3.5,0
14/02/2026,15:00,   -3.4,0
14/02/2026,16:00,   -3.3,0
14/02/2026,17:00,   -3.2,0
14/02/2026,18:00,   -3.1,0
14/02/2026,19:00,   -3.0,0
14/02/2026,20:00,   -3.0,0
14/02/2026,21:00,   -2.9,0
14/02/2026,22:00,   -2.9,0
14/02/2026,23:00,   -2.8,0
15/02/2026,00:00,   -3.0,0
15/02/2026,01:00,   -3.1,0
15/02/2026,02:00,   -3.1,0
15/02/2026,03:00,   -3.5,0
15/02/2026,04:00,   -4.1,0
15/02/2026,05:00,   -4.3,0
15/02/2026,06:00,   -4.8,0
15/02/2026,07:00,   -5.5,0
15/02/2026,08:00,   -5.7,0
15/02/2026,09:00,   -3.2,0
15/02/2026,10:00,   -0.2,0
15/02/2026,11:00,   -0.6,0
15/02/2026,12:00,    0.7,0
15/02/2026,13:00,    2.2,0
15/02/2026,14:00,    2.6,0
15/02/2026,15:00,    2.5,0
15/02/2026,16:00,    1.8,0
15/02/2026,17:00,    0.4,0
15/02/2026,18:00,    0.7,0
15/02/2026,19:00,    1.3,0
15/02/2026,20:00,    2.4,0
15/02/2026,21:00,    2.1,0
15/02/2026,22:00,    2.4,0
15/02/2026,23:00,    3.1,0
16/02/2026,00:00,    2.7,0
16/02/2026,01:00,    1.5,0
16/02/2026,02:00,    1.9,0
16/02/2026,03:00,    3.9,0
16/02/2026,04:00,    2.4,0
16/02/2026,05:00,    1.4,0
16/02/2026,06:00,    3.8,0
16/02/2026,07:00,    4.6,0
16/02/2026,08:00,    3.2,0
16/02/2026,09:00,    2.6,0
16/02/2026,10:00,    2.6,0
16/02/2026,11:00,    2.2,0
16/02/2026,12:00,    1.8,0
16/02/2026,13:00,    1.3,0
16/02/2026,14:00,    1.6,0
16/02/2026,15:00,    0.6,0
16/02/2026,16:00,    0.3,0
16/02/2026,17:00,   -0.6,0
16/02/2026,18:00,   -0.9,0
16/02/2026,19:00,   -1.4,0
16/02/2026,20:00,   -2.9,0
16/02/2026,21:00,   -2.3,0
16/02/2026,22:00,   -4.4,0
16/02/2026,23:00,   -2.5,0
17/02/2026,00:00,   -3.6,0
17/02/2026,01:00,   -4.3,0
17/02/2026,02:00,   -4.5,0
17/02/2026,03:00,   -4.5,0
17/02/2026,04:00,   -3.2,0
17/02/2026,05:00,   -3.9,0
17/02/2026,06:00,   -3.5,0
17/02/2026,07:00,   -3.6,0
17/02/2026,08:00,   -3.0,0
17/02/2026,09:00,   -2.6,0
17/02/2026,10:00,   -1.5,0
17/02/2026,11:00,   -1.5,0
17/02/2026,12:00,   -1.3,0
17/02/2026,13:00,   -0.6,0
17/02/2026,14:00,   -0.9,0
17/02/2026,15:00,   -2.7,0
17/02/2026,16:00,   -3.5,0
17/02/2026,17:00,   -3.5,0
17/02/2026,18:00,   -3.4,0
17/02/2026,19:00,   -3.4,0
17/02/2026,20:00,   -3.0,0
17/02/2026,21:00,   -2.8,0
17/02/2026,22:00,   -2.1,0
17/02/2026,23:00,   -1.3,0
18/02/2026,00:00,   -1.9,0
18/02/2026,01:00,   -1.7,0
18/02/2026,02:00,   -2.0,0
18/02/2026,03:00,   -1.5,0
18/02/2026,04:00,   -1.5,0
18/02/2026,05:00,   -1.3,0
18/02/2026,06:00,   -0.7,0
18/02/2026,07:00,   -0.9,0
18/02/2026,08:00,   -0.6,0
18/02/2026,09:00,   -0.4,0
18/02/2026,10:00,    0.8,0
18/02/2026,11:00,   -0.1,0
18/02/2026,12:00,    2.6,0
18/02/2026,13:00,    2.7,0
18/02/2026,14:00,    4.2,0
18/02/2026,15:00,    3.3,0
18/02/2026,16:00,    3.0,0
18/02/2026,17:00,    2.3,0
18/02/2026,18:00,    3.9,0
18/02/2026,19:00,    2.7,0
18/02/2026,20:00,    2.0,0
18/02/2026,21:00,    0.6,0
18/02/2026,22:00,    0.1,0
18/02/2026,23:00,    0.7,0
19/02/2026,00:00,    0.9,0
19/02/2026,01:00,   -5.0,0
19/02/2026,02:00,   -5.6,0
19/02/2026,03:00,   -5.1,0
19/02/2026,04:00,   -5.8,0
19/02/2026,05:00,   -6.2,0
19/02/2026,06:00,   -6.2,0
19/02/2026,07:00,   -6.2,0
19/02/2026,08:00,   -5.5,0
19/02/2026,09:00,   -3.2,0
19/02/2026,10:00,   -0.8,0
19/02/2026,11:00,    0.4,0
19/02/2026,12:00,    0.8,0
19/02/2026,13:00,    1.0,0
19/02/2026,14:00,    0.3,0
19/02/2026,15:00,    0.0,0
19/02/2026,16:00,   -0.2,0
19/02/2026,17:00,   -0.6,0
19/02/2026,18:00,   -2.1,0
19/02/2026,19:00,   -2.2,0
19/02/2026,20:00,   -2.0,0
19/02/2026,21:00,   -2.8,0
19/02/2026,22:00,   -1.1,0
19/02/2026,23:00,   -1.9,0
20/02/2026,00:00,   -1.4,0
20/02/2026,01:00,   -0.8,0
20/02/2026,02:00,   -1.0,0
20/02/2026,03:00,   -0.6,0
20/02/2026,04:00,   -0.3,0
20/02/2026,05:00,   -0.9,0
20/02/2026,06:00,   -1.6,0
20/02/2026,07:00,   -1.2,0
20/02/2026,08:00,   -1.4,0
20/02/2026,09:00,   -0.5,0
20/02/2026,10:00,    0.4,0
20/02/2026,11:00,    1.3,0
20/02/2026,12:00,    2.1,0
20/02/2026,13:00,    1.8,0
20/02/2026,14:00,    2.3,0
20/02/2026,15:00,    1.8,0
20/02/2026,16:00,    1.7,0
20/02/2026,17:00,    1.4,0
20/02/2026,18:00,    0.7,0
20/02/2026,19:00,    0.4,0
20/02/2026,20:00,    0.6,0
20/02/2026,21:00,   -0.1,0
20/02/2026,22:00,   -0.1,0
20/02/2026,23:00,   -0.3,0
21/02/2026,00:00,   -0.4,0
21/02/2026,01:00,   -1.6,0
21/02/2026,02:00,   -1.4,0
21/02/2026,03:00,    0.1,0
21/02/2026,04:00,    0.6,0
21/02/2026,05:00,    1.2,0
21/02/2026,06:00,    1.0,0
21/02/2026,07:00,    1.2,0
21/02/2026,08:00,    1.5,0
21/02/2026,09:00,    2.9,0
21/02/2026,10:00,    3.8,0
21/02/2026,11:00,    4.3,0
21/02/2026,12:00,    4.8,0
21/02/2026,13:00,    5.0,0
21/02/2026,14:00,    5.8,0
21/02/2026,15:00,    5.3,0
21/02/2026,16:00,    4.4,0
21/02/2026,17:00,    5.7,0
21/02/2026,18:00,    4.9,0
21/02/2026,19:00,    3.7,0
21/02/2026,20:00,    4.5,0
21/02/2026,21:00,    3.7,0
21/02/2026,22:00,    3.7,0
21/02/2026,23:00,    3.9,0
22/02/2026,00:00,    4.8,0
22/02/2026,01:00,    5.2,0
22/02/2026,02:00,    5.5,0
22/02/2026,03:00,    6.1,0
22/02/2026,04:00,    6.5,0
22/02/2026,05:00,    6.8,0
22/02/2026,06:00,    6.5,0
22/02/2026,07:00,    6.4,0
22/02/2026,08:00,    6.6,0
22/02/2026,09:00,    7.0,0
22/02/2026,10:00,    7.6,0
22/02/2026,11:00,    7.6,0
22/02/2026,12:00,    9.3,0
22/02/2026,13:00,    9.8,0
22/02/2026,14:00,    9.3,0
22/02/2026,15:00,    9.4,0
22/02/2026,16:00,    9.3,0
22/02/2026,17:00,    9.6,0
22/02/2026,18:00,    8.5,0
22/02/2026,19:00,    7.2,0
22/02/2026,20:00,    5.8,0
22/02/2026,21:00,    7.1,0
22/02/2026,22:00,    6.9,0
22/02/2026,23:00,    6.8,0
23/02/2026,00:00,    7.1,0
23/02/2026,01:00,    7.1,0
23/02/2026,02:00,    5.9,0
23/02/2026,03:00,    4.0,0
23/02/2026,04:00,    4.3,0
23/02/2026,05:00,    4.9,0
23/02/2026,06:00,    5.1,0
23/02/2026,07:00,    5.7,0
23/02/2026,08:00,    5.9,0
23/02/2026,09:00,    6.5,0
23/02/2026,10:00,    7.1,0
23/02/2026,11:00,    8.0,0
23/02/2026,12:00,    9.2,0
23/02/2026,13:00,    8.0,0
23/02/2026,14:00,    7.1,0
23/02/2026,15:00,    7.3,0
23/02/2026,16:00,    6.3,0
23/02/2026,17:00,    6.6,0
23/02/2026,18:00,    6.1,0
23/02/2026,19:00,    5.3,0
23/02/2026,20:00,    5.4,0
23/02/2026,21:00,    5.4,0
23/02/2026,22:00,    5.5,0
23/02/2026,23:00,    6.0,0
24/02/2026,00:00,    6.3,0
24/02/2026,01:00,    6.2,0
24/02/2026,02:00,    6.1,0
24/02/2026,03:00,    7.0,0
24/02/2026,04:00,    6.9,0
24/02/2026,05:00,    6.8,0
24/02/2026,06:00,    6.8,0
24/02/2026,07:00,    6.9,0
24/02/2026,08:00,    7.4,0
24/02/2026,09:00,    7.8,0
24/02/2026,10:00,    8.5,0
24/02/2026,11:00,    8.1,0
24/02/2026,12:00,    8.1,0
24/02/2026,13:00,    8.3,0
24/02/2026,14:00,    8.9,0
24/02/2026,15:00,    8.1,0
24/02/2026,16:00,    7.2,0
24/02/2026,17:00,    7.0,0
24/02/2026,18:00,    6.4,0
24/02/2026,19:00,    5.9,0
24/02/2026,20:00,    5.0,0
24/02/2026,21:00,    5.4,0
24/02/2026,22:00,    4.9,0
24/02/2026,23:00,    4.3,0
25/02/2026,00:00,    3.9,0
25/02/2026,01:00,    4.3,0
25/02/2026,02:00,    3.5,0
25/02/2026,03:00,    3.4,0
25/02/2026,04:00,    3.2,0
25/02/2026,05:00,    3.5,0
25/02/2026,06:00,    3.8,0
25/02/2026,07:00,    4.0,0
25/02/2026,08:00,    4.8,0
25/02/2026,09:00,    7.3,0
25/02/2026,10:00,    6.4,0
25/02/2026,11:00,    7.9,0
25/02/2026,12:00,    7.1,0
25/02/2026,13:00,    7.0,0
25/02/2026,14:00,    7.7,0
25/02/2026,15:00,    5.9,0
25/02/2026,16:00,    5.7,0
25/02/2026,17:00,    5.9,0
25/02/2026,18:00,    6.1,0
25/02/2026,19:00,    5.5,0
25/02/2026,20:00,    5.4,0
25/02/2026,21:00,    4.9,0
25/02/2026,22:00,    4.6,0
25/02/2026,23:00,    4.5,0
26/02/2026,00:00,    4.6,0
26/02/2026,01:00,    4.7,0
26/02/2026,02:00,    5.5,0
26/02/2026,03:00,    5.8,0
26/02/2026,04:00,    6.1,0
26/02/2026,05:00,    5.0,0
26/02/2026,06:00,    3.7,0
26/02/2026,07:00,    3.4,0
26/02/2026,08:00,    3.5,0
26/02/2026,09:00,    3.7,0
26/02/2026,10:00,    4.5,0
26/02/2026,11:00,    5.2,0
26/02/2026,12:00,    5.7,0
26/02/2026,13:00,    5.8,0
26/02/2026,14:00,    5.8,0
26/02/2026,15:00,    4.9,0
26/02/2026,16:00,    4.3,0
26/02/2026,17:00,    4.7,0
26/02/2026,18:00,    4.0,0
26/02/2026,19:00,    3.7,0
26/02/2026,20:00,    4.0,0
26/02/2026,21:00,    4.0,0
26/02/2026,22:00,    4.2,0
26/02/2026,23:00,    3.8,0
27/02/2026,00:00,    3.5,0
27/02/2026,01:00,    3.3,0
27/02/2026,02:00,    2.8,0
27/02/2026,03:00,    2.6,0
27/02/2026,04:00,    2.4,0
27/02/2026,05:00,    2.1,0
27/02/2026,06:00,    1.8,0
27/02/2026,07:00,    1.4,0
27/02/2026,08:00,    1.4,0
27/02/2026,09:00,    2.9,0
27/02/2026,10:00,    4.7,0
27/02/2026,11:00,    3.5,0
27/02/2026,12:00,    3.8,0
27/02/2026,13:00,    4.5,0
27/02/2026,14:00,    4.2,0
27/02/2026,15:00,    3.0,0
27/02/2026,16:00,    2.2,0
27/02/2026,17:00,    1.7,0
27/02/2026,18:00,    1.6,0
27/02/2026,19:00,    1.7,0
27/02/2026,20:00,    1.8,0
27/02/2026,21:00,    1.6,0
27/02/2026,22:00,    1.7,0
27/02/2026,23:00,    1.2,0
28/02/2026,00:00,    0.9,0
28/02/2026,01:00,    1.3,0
28/02/2026,02:00,    1.0,0
28/02/2026,03:00,    1.2,0
28/02/2026,04:00,    0.9,0
28/02/2026,05:00,    1.0,0
28/02/2026,06:00,    0.6,0
28/02/2026,07:00,    1.1,0
28/02/2026,08:00,   -0.1,0
28/02/2026,09:00,    2.4,0
28/02/2026,10:00,    2.9,0
28/02/2026,11:00,    3.2,0
28/02/2026,12:00,    3.0,0
28/02/2026,13:00,    2.9,0
28/02/2026,14:00,    3.6,0
28/02/2026,15:00,    2.6,0
28/02/2026,16:00,    0.8,0
28/02/2026,17:00,   -0.1,0
28/02/2026,18:00,   -0.3,0
28/02/2026,19:00,   -0.6,0
28/02/2026,20:00,   -0.4,0
28/02/2026,21:00,   -1.1,0
28/02/2026,22:00,   -1.7,0
28/02/2026,23:00,   -1.7,0
01/03/2026,00:00,   -1.7,0
01/03/2026,01:00,   -1.5,0
01/03/2026,02:00,   -1.0,0
01/03/2026,03:00,   -0.9,0
01/03/2026,04:00,   -0.6,0
01/03/2026,05:00,   -0.8,0
01/03/2026,06:00,   -0.8,0
01/03/2026,07:00,   -0.7,0
01/03/2026,08:00,   -0.5,0
01/03/2026,09:00,   -0.1,0
01/03/2026,10:00,    0.6,0
01/03/2026,11:00,    1.1,0
01/03/2026,12:00,    1.6,0
01/03/2026,13:00,    1.1,0
01/03/2026,14:00,    0.7,0
01/03/2026,15:00,    0.7,0
01/03/2026,16:00,    0.1,0
01/03/2026,17:00,    0.0,0
01/03/2026,18:00,   -0.4,0
01/03/2026,19:00,   -0.6,0
01/03/2026,20:00,   -0.7,0
01/03/2026,21:00,   -0.8,0
01/03/2026,22:00,   -0.7,0
01/03/2026,23:00,   -1.0,0
02/03/2026,00:00,   -1.5,0
02/03/2026,01:00,   -1.4,0
02/03/2026,02:00,   -1.5,0
02/03/2026,03:00,   -1.9,0
02/03/2026,04:00,   -2.2,0
02/03/2026,05:00,   -2.2,0
02/03/2026,06:00,   -1.9,0
02/03/2026,07:00,   -1.7,0
02/03/2026,08:00,   -1.3,0
02/03/2026,09:00,   -0.3,0
02/03/2026,10:00,   -1.3,0
02/03/2026,11:00,   -0.9,0
02/03/2026,12:00,   -0.2,0
02/03/2026,13:00,    0.3,0
02/03/2026,14:00,    0.7,0
02/03/2026,15:00,    0.6,0
02/03/2026,16:00,   -0.3,0
02/03/2026,17:00,   -0.4,0
02/03/2026,18:00,   -0.6,0
02/03/2026,19:00,   -0.7,0
02/03/2026,20:00,   -0.9,0
02/03/2026,21:00,   -1.7,0
02/03/2026,22:00,   -2.4,0
02/03/2026,23:00,   -1.6,0
03/03/2026,00:00,   -1.3,0
03/03/2026,01:00,   -2.0,0
03/03/2026,02:00,   -2.3,0
03/03/2026,03:00,   -2.2,0
03/03/2026,04:00,   -2.6,0
03/03/2026,05:00,   -2.9,0
03/03/2026,06:00,   -3.0,0
03/03/2026,07:00,   -2.9,0
03/03/2026,08:00,   -2.3,0
03/03/2026,09:00,   -1.6,0
03/03/2026,10:00,    0.8,0
03/03/2026,11:00,    0.1,0
03/03/2026,12:00,    0.2,0
03/03/2026,13:00,    0.1,0
03/03/2026,14:00,    0.7,0
03/03/2026,15:00,    0.6,0
03/03/2026,16:00,   -0.3,0
03/03/2026,17:00,   -1.2,0
03/03/2026,18:00,   -1.6,0
03/03/2026,19:00,   -1.7,0
03/03/2026,20:00,   -1.8,0
03/03/2026,21:00,   -1.8,0
03/03/2026,22:00,   -2.0,0
03/03/2026,23:00,   -2.1,0
04/03/2026,00:00,   -2.2,0
04/03/2026,01:00,   -2.4,0
04/03/2026,02:00,   -2.0,0
04/03/2026,03:00,   -2.4,0
04/03/2026,04:00,   -2.1,0
04/03/2026,05:00,   -2.2,0
04/03/2026,06:00,   -2.5,0
04/03/2026,07:00,   -2.5,0
04/03/2026,08:00,   -2.4,0
04/03/2026,09:00,   -1.9,0
04/03/2026,10:00,   -0.1,0
04/03/2026,11:00,    0.7,0
04/03/2026,12:00,    0.9,0
04/03/2026,13:00,    1.1,0
04/03/2026,14:00,    0.9,0
04/03/2026,15:00,    0.8,0
04/03/2026,16:00,   -0.1,0
04/03/2026,17:00,   -0.2,0
04/03/2026,18:00,   -0.7,0
04/03/2026,19:00,   -1.0,0
04/03/2026,20:00,   -1.0,0
04/03/2026,21:00,   -1.4,0
04/03/2026,22:00,   -2.2,0
04/03/2026,23:00,   -2.7,0
05/03/2026,00:00,   -2.8,0
05/03/2026,01:00,   -3.6,0
05/03/2026,02:00,   -4.2,0
05/03/2026,03:00,   -4.2,0
05/03/2026,04:00,   -4.2,0
05/03/2026,05:00,   -3.9,0
05/03/2026,06:00,   -3.9,0
05/03/2026,07:00,   -3.6,0
05/03/2026,08:00,   -3.2,0
05/03/2026,09:00,   -2.3,0
05/03/2026,10:00,   -1.8,0
05/03/2026,11:00,   -0.6,0
05/03/2026,12:00,    0.0,0
05/03/2026,13:00,    0.3,0
05/03/2026,14:00,    0.0,0
05/03/2026,15:00,   -0.2,0
05/03/2026,16:00,   -0.3,0
05/03/2026,17:00,   -0.7,0
05/03/2026,18:00,   -1.0,0
05/03/2026,19:00,   -0.8,0
05/03/2026,20:00,   -1.0,0
05/03/2026,21:00,   -1.1,0
05/03/2026,22:00,   -1.1,0
05/03/2026,23:00,   -1.0,0
06/03/2026,00:00,   -1.0,0
06/03/2026,01:00,   -0.8,0
06/03/2026,02:00,   -0.7,0
06/03/2026,03:00,   -0.8,0
06/03/2026,04:00,   -1.0,0
06/03/2026,05:00,   -0.7,0
06/03/2026,06:00,   -0.5,0
06/03/2026,07:00,   -0.5,0
06/03/2026,08:00,   -0.7,0
06/03/2026,09:00,   -0.2,0
06/03/2026,10:00,   -0.4,0
06/03/2026,11:00,    0.3,0
06/03/2026,12:00,    0.4,0
06/03/2026,13:00,    0.7,0
06/03/2026,14:00,    0.6,0
06/03/2026,15:00,    0.5,0
06/03/2026,16:00,    0.4,0
06/03/2026,17:00,   -0.4,0
06/03/2026,18:00,   -0.8,0
06/03/2026,19:00,   -0.4,0
06/03/2026,20:00,   -0.3,0
06/03/2026,21:00,   -0.2,0
06/03/2026,22:00,   -0.2,0
06/03/2026,23:00,    0.0,0
07/03/2026,00:00,    0.0,0
07/03/2026,01:00,   -0.1,0
07/03/2026,02:00,   -0.6,0
07/03/2026,03:00,   -0.2,0
07/03/2026,04:00,   -0.5,0
07/03/2026,05:00,   -0.1,0
07/03/2026,06:00,   -0.2,0
07/03/2026,07:00,   -0.4,0
07/03/2026,08:00,    0.6,0
07/03/2026,09:00,    1.2,0
07/03/2026,10:00,    1.3,0
07/03/2026,11:00,    2.0,0
07/03/2026,12:00,    1.9,0
07/03/2026,13:00,    1.9,0
07/03/2026,14:00,    1.7,0
07/03/2026,15:00,    0.9,0
07/03/2026,16:00,    0.3,0
07/03/2026,17:00,    0.4,0
07/03/2026,18:00,    0.6,0
07/03/2026,19:00,    0.3,0
07/03/2026,20:00,    0.1,0
07/03/2026,21:00,    0.5,0
07/03/2026,22:00,   -0.1,0
07/03/2026,23:00,   -0.8,0
08/03/2026,00:00,   -1.1,0
08/03/2026,01:00,   -1.4,0
08/03/2026,02:00,   -1.6,0
08/03/2026,03:00,   -1.6,0
08/03/2026,04:00,   -1.7,0
08/03/2026,05:00,   -1.9,0
08/03/2026,06:00,   -1.7,0
08/03/2026,07:00,   -2.1,0
08/03/2026,08:00,   -1.9,0
08/03/2026,09:00,   -1.3,0
08/03/2026,10:00,   -0.5,0
08/03/2026,11:00,    1.5,0
08/03/2026,12:00,    1.6,0
08/03/2026,13:00,    2.0,0
08/03/2026,14:00,    1.1,0
08/03/2026,15:00,    1.2,0
08/03/2026,16:00,    0.1,0
08/03/2026,17:00,   -0.4,0
08/03/2026,18:00,   -1.0,0
08/03/2026,19:00,   -1.6,0
08/03/2026,20:00,   -1.3,0
08/03/2026,21:00,   -1.0,0
08/03/2026,22:00,   -1.4,0
08/03/2026,23:00,   -1.6,0
09/03/2026,00:00,   -1.8,0
09/03/2026,01:00,   -2.0,0
09/03/2026,02:00,   -2.3,0
09/03/2026,03:00,   -2.7,0
09/03/2026,04:00,   -2.8,0
09/03/2026,05:00,   -2.7,0
09/03/2026,06:00,   -2.5,0
09/03/2026,07:00,   -2.5,0
09/03/2026,08:00,   -2.7,0
09/03/2026,09:00,   -0.9,0
09/03/2026,10:00,   -0.5,0
09/03/2026,11:00,   -0.3,0
09/03/2026,12:00,    0.3,0
09/03/2026,13:00,    0.0,0
09/03/2026,14:00,   -0.7,0
09/03/2026,15:00,   -1.0,0
09/03/2026,16:00,   -1.7,0
09/03/2026,17:00,   -1.6,0
09/03/2026,18:00,   -1.8,0
09/03/2026,19:00,   -1.8,0
09/03/2026,20:00,   -1.5,0
09/03/2026,21:00,   -1.8,0
09/03/2026,22:00,   -2.0,0
09/03/2026,23:00,   -2.2,0
10/03/2026,00:00,   -2.1,0
10/03/2026,01:00,   -2.1,0
10/03/2026,02:00,   -2.1,0
10/03/2026,03:00,   -2.1,0
10/03/2026,04:00,   -2.2,0
10/03/2026,05:00,   -2.1,0
10/03/2026,06:00,   -2.1,0
10/03/2026,07:00,   -1.8,0
10/03/2026,08:00,   -1.5,0
10/03/2026,09:00,   -1.2,0
10/03/2026,10:00,   -1.2,0
10/03/2026,11:00,   -0.2,0
10/03/2026,12:00,   -0.4,0
10/03/2026,13:00,   -1.0,0
10/03/2026,14:00,   -0.8,0
10/03/2026,15:00,   -1.1,0
10/03/2026,16:00,   -1.4,0
10/03/2026,17:00,   -1.5,0
10/03/2026,18:00,   -1.8,0
10/03/2026,19:00,   -2.0,0
10/03/2026,20:00,   -2.7,0
10/03/2026,21:00,   -1.7,0
10/03/2026,22:00,   -1.2,0
10/03/2026,23:00,   -1.0,0
11/03/2026,00:00,   -1.1,0
11/03/2026,01:00,   -0.9,0
11/03/2026,02:00,   -0.7,0
11/03/2026,03:00,    0.6,0
11/03/2026,04:00,   -1.3,0
11/03/2026,05:00,   -1.9,0
11/03/2026,06:00,   -2.0,0
11/03/2026,07:00,   -1.0,0
11/03/2026,08:00,   -0.3,0
11/03/2026,09:00,    0.9,0
11/03/2026,10:00,    2.1,0
11/03/2026,11:00,    1.9,0
11/03/2026,12:00,    1.4,0
11/03/2026,13:00,    1.6,0
11/03/2026,14:00,    1.8,0
11/03/2026,15:00,    2.1,0
11/03/2026,16:00,    2.3,0
11/03/2026,17:00,    2.4,0
11/03/2026,18:00,    2.2,0
11/03/2026,19:00,    2.2,0
11/03/2026,20:00,    2.4,0
11/03/2026,21:00,    0.9,0
11/03/2026,22:00,    0.7,0
11/03/2026,23:00,    0.5,0
12/03/2026,00:00,    0.2,0
12/03/2026,01:00,   -0.8,0
12/03/2026,02:00,   -1.3,0
12/03/2026,03:00,   -1.4,0
12/03/2026,04:00,   -1.3,0
12/03/2026,05:00,   -1.6,0
12/03/2026,06:00,   -1.8,0
12/03/2026,07:00,   -1.9,0
12/03/2026,08:00,   -1.8,0
12/03/2026,09:00,   -1.7,0
12/03/2026,10:00,   -1.5,0
12/03/2026,11:00,   -1.4,0
12/03/2026,12:00,   -0.8,0
12/03/2026,13:00,   -0.5,0
12/03/2026,14:00,   -0.5,0
12/03/2026,15:00,   -0.1,0
12/03/2026,16:00,    0.2,0
12/03/2026,17:00,    0.1,0
12/03/2026,18:00,   -1.0,0
12/03/2026,19:00,   -1.4,0
12/03/2026,20:00,   -1.2,0
12/03/2026,21:00,   -1.3,0
12/03/2026,22:00,   -1.3,0
12/03/2026,23:00,   -1.2,0
13/03/2026,00:00,   -1.1,0
13/03/2026,01:00,   -0.8,0
13/03/2026,02:00,   -0.9,0
13/03/2026,03:00,   -1.1,0
13/03/2026,04:00,   -0.9,0
13/03/2026,05:00,   -1.2,0
13/03/2026,06:00,   -1.9,0
13/03/2026,07:00,   -2.1,0
13/03/2026,08:00,   -1.3,0
13/03/2026,09:00,    0.6,0
13/03/2026,10:00,    1.2,0
13/03/2026,11:00,    1.9,0
13/03/2026,12:00,    2.6,0
13/03/2026,13:00,    3.7,0
13/03/2026,14:00,    4.1,0
13/03/2026,15:00,    3.3,0
13/03/2026,16:00,    3.5,0
13/03/2026,17:00,    1.2,0
13/03/2026,18:00,    0.6,0
13/03/2026,19:00,    2.2,0
13/03/2026,20:00,    2.2,0
13/03/2026,21:00,    0.6,0
13/03/2026,22:00,    2.6,0
13/03/2026,23:00,    1.8,0
14/03/2026,00:00,    0.8,0
14/03/2026,01:00,    0.7,0
14/03/2026,02:00,    0.5,0
14/03/2026,03:00,   -0.6,0
14/03/2026,04:00,   -1.1,0
14/03/2026,05:00,   -1.0,0
14/03/2026,06:00,   -0.8,0
14/03/2026,07:00,   -1.5,0
14/03/2026,08:00,   -3.3,0
14/03/2026,09:00,   -1.2,0
14/03/2026,10:00,   -1.0,0
14/03/2026,11:00,   -0.8,0
14/03/2026,12:00,   -1.0,0
14/03/2026,13:00,   -0.5,0
14/03/2026,14:00,   -1.7,0
14/03/2026,15:00,   -1.7,0
14/03/2026,16:00,   -2.8,0
14/03/2026,17:00,   -3.0,0
14/03/2026,18:00,   -3.2,0
14/03/2026,19:00,   -3.3,0
14/03/2026,20:00,   -3.4,0
14/03/2026,21:00,   -3.6,0
14/03/2026,22:00,   -4.2,0
14/03/2026,23:00,   -4.4,0
15/03/2026,00:00,   -4.7,0
15/03/2026,01:00,   -4.9,0
15/03/2026,02:00,   -5.0,0
15/03/2026,03:00,   -5.3,0
15/03/2026,04:00,   -5.4,0
15/03/2026,05:00,   -5.7,0
15/03/2026,06:00,   -5.6,0
15/03/2026,07:00,   -5.4,0
15/03/2026,08:00,   -5.0,0
15/03/2026,09:00,   -4.7,0
15/03/2026,10:00,   -4.0,0
15/03/2026,11:00,   -3.1,0
15/03/2026,12:00,   -2.3,0
15/03/2026,13:00,   -0.7,0
15/03/2026,14:00,   -1.8,0
15/03/2026,15:00,   -2.0,0
15/03/2026,16:00,   -1.7,0
15/03/2026,17:00,   -1.8,0
15/03/2026,18:00,   -2.0,0
15/03/2026,19:00,   -2.0,0
15/03/2026,20:00,   -1.9,0
15/03/2026,21:00,   -1.9,0
15/03/2026,22:00,   -1.7,0
15/03/2026,23:00,   -1.5,0
16/03/2026,00:00,   -1.6,0
16/03/2026,01:00,   -1.5,0
16/03/2026,02:00,   -1.5,0
16/03/2026,03:00,   -1.7,0
16/03/2026,04:00,   -1.8,0
16/03/2026,05:00,   -1.9,0
16/03/2026,06:00,   -2.9,0
16/03/2026,07:00,   -3.2,0
16/03/2026,08:00,   -3.0,0
16/03/2026,09:00,   -2.0,0
16/03/2026,10:00,   -0.9,0
16/03/2026,11:00,    0.4,0
16/03/2026,12:00,    1.6,0
16/03/2026,13:00,    1.8,0
16/03/2026,14:00,    2.9,0
16/03/2026,15:00,    4.4,0
16/03/2026,16:00,    2.9,0
16/03/2026,17:00,    2.3,0
16/03/2026,18:00,    1.9,0
16/03/2026,19:00,    1.1,0
16/03/2026,20:00,    1.4,0
16/03/2026,21:00,    1.7,0
16/03/2026,22:00,    1.8,0
16/03/2026,23:00,    1.4,0
17/03/2026,00:00,    0.8,0
17/03/2026,01:00,    0.0,0
17/03/2026,02:00,   -0.4,0
17/03/2026,03:00,   -0.1,0
17/03/2026,04:00,   -1.9,0
17/03/2026,05:00,   -2.0,0
17/03/2026,06:00,   -2.5,0
17/03/2026,07:00,   -2.5,0
17/03/2026,08:00,   -1.8,0
17/03/2026,09:00,   -1.2,0
17/03/2026,10:00,    0.0,0
17/03/2026,11:00,    0.5,0
17/03/2026,12:00,    1.1,0
17/03/2026,13:00,    1.4,0
17/03/2026,14:00,    1.8,0
17/03/2026,15:00,    2.2,0
17/03/2026,16:00,    0.5,0
17/03/2026,17:00,    0.1,0
17/03/2026,18:00,    1.0,0
17/03/2026,19:00,    1.9,0
17/03/2026,20:00,    2.7,0
17/03/2026,21:00,    1.2,0
17/03/2026,22:00,    0.0,0
17/03/2026,23:00,   -0.4,0
18/03/2026,00:00,   -2.3,0
18/03/2026,01:00,   -2.7,0
18/03/2026,02:00,   -2.2,0
18/03/2026,03:00,   -2.2,0
18/03/2026,04:00,   -2.0,0
18/03/2026,05:00,   -2.5,0
18/03/2026,06:00,   -2.9,0
18/03/2026,07:00,   -3.7,0
18/03/2026,08:00,   -4.8,0
18/03/2026,09:00,   -5.1,0
18/03/2026,10:00,   -5.9,0
18/03/2026,11:00,   -7.2,0
18/03/2026,12:00,   -6.5,0
18/03/2026,13:00,   -6.7,0
18/03/2026,14:00,   -6.8,0
18/03/2026,15:00,   -6.7,0
18/03/2026,16:00,   -6.5,0
18/03/2026,17:00,   -6.3,0
18/03/2026,18:00,   -5.2,0
18/03/2026,19:00,   -4.8,0
18/03/2026,20:00,   -4.5,0
18/03/2026,21:00,   -4.7,0
18/03/2026,22:00,   -4.7,0
18/03/2026,23:00,   -4.5,0
19/03/2026,00:00,   -3.6,0
19/03/2026,01:00,   -3.8,0
19/03/2026,02:00,   -4.0,0
19/03/2026,03:00,   -4.0,0
19/03/2026,04:00,   -3.8,0
19/03/2026,05:00,   -3.8,0
19/03/2026,06:00,   -3.8,0
19/03/2026,07:00,   -3.9,0
19/03/2026,08:00,   -3.6,0
19/03/2026,09:00,   -2.7,0
19/03/2026,10:00,   -2.3,0
19/03/2026,11:00,   -1.4,0
19/03/2026,12:00,   -0.4,0
19/03/2026,13:00,   -0.8,0
19/03/2026,14:00,   -1.0,0
19/03/2026,15:00,   -0.5,0
19/03/2026,16:00,   -1.6,0
19/03/2026,17:00,   -1.8,0
19/03/2026,18:00,   -2.1,0
19/03/2026,19:00,   -2.3,0
19/03/2026,20:00,   -2.6,0
19/03/2026,21:00,   -2.3,0
19/03/2026,22:00,   -2.3,0
19/03/2026,23:00,   -2.3,0
20/03/2026,00:00,   -2.5,0
20/03/2026,01:00,   -2.7,0
20/03/2026,02:00,   -3.0,0
20/03/2026,03:00,   -3.4,0
20/03/2026,04:00,   -4.1,0
20/03/2026,05:00,   -5.0,0
20/03/2026,06:00,   -5.3,0
20/03/2026,07:00,   -4.8,0
20/03/2026,08:00,   -3.8,0
20/03/2026,09:00,   -3.0,0
20/03/2026,10:00,   -1.8,0
20/03/2026,11:00,   -0.8,0
20/03/2026,12:00,    0.2,0
20/03/2026,13:00,    1.2,0
20/03/2026,14:00,    1.4,0
20/03/2026,15:00,    1.1,0
20/03/2026,16:00,    0.2,0
20/03/2026,17:00,   -0.1,0
20/03/2026,18:00,   -0.7,0
20/03/2026,19:00,   -1.1,0
20/03/2026,20:00,   -0.1,0
20/03/2026,21:00,   -1.2,0
20/03/2026,22:00,   -2.2,0
20/03/2026,23:00,   -1.8,0
21/03/2026,00:00,   -2.0,0
21/03/2026,01:00,   -3.2,0
21/03/2026,02:00,   -3.7,0
21/03/2026,03:00,   -3.7,0
21/03/2026,04:00,   -4.6,0
21/03/2026,05:00,   -4.9,0
21/03/2026,06:00,   -5.1,0
21/03/2026,07:00,   -4.5,0
21/03/2026,08:00,   -4.2,0
21/03/2026,09:00,   -3.3,0
21/03/2026,10:00,   -2.5,0
21/03/2026,11:00,   -1.3,0
21/03/2026,12:00,   -0.4,0
21/03/2026,13:00,    0.0,0
21/03/2026,14:00,    0.4,0
21/03/2026,15:00,   -0.2,0
21/03/2026,16:00,   -0.5,0
21/03/2026,17:00,   -1.6,0
21/03/2026,18:00,   -2.1,0
21/03/2026,19:00,   -2.0,0
21/03/2026,20:00,   -2.1,0
21/03/2026,21:00,   -2.6,0
21/03/2026,22:00,   -2.6,0
21/03/2026,23:00,   -2.7,0
22/03/2026,00:00,   -3.4,0
22/03/2026,01:00,   -3.5,0
22/03/2026,02:00,   -3.2,0
22/03/2026,03:00,   -3.3,0
22/03/2026,04:00,   -3.8,0
22/03/2026,05:00,   -4.5,0
22/03/2026,06:00,   -4.8,0
22/03/2026,07:00,   -4.8,0
22/03/2026,08:00,   -5.0,0
22/03/2026,09:00,   -5.4,0
22/03/2026,10:00,   -5.0,0
22/03/2026,11:00,   -4.1,0
22/03/2026,12:00,   -4.0,0
22/03/2026,13:00,   -4.1,0
22/03/2026,14:00,   -4.1,0
22/03/2026,15:00,   -5.1,0
22/03/2026,16:00,   -5.2,0
22/03/2026,17:00,   -4.9,0
22/03/2026,18:00,   -5.1,0
22/03/2026,19:00,   -5.1,0
22/03/2026,20:00,   -5.5,0
22/03/2026,21:00,   -5.5,0
22/03/2026,22:00,   -5.4,0
22/03/2026,23:00,   -5.2,0
23/03/2026,00:00,   -5.0,0
23/03/2026,01:00,   -5.0,0
23/03/2026,02:00,   -5.3,0
23/03/2026,03:00,   -5.2,0
23/03/2026,04:00,   -5.6,0
23/03/2026,05:00,   -7.1,0
23/03/2026,06:00,   -6.7,0
23/03/2026,07:00,   -5.8,0
23/03/2026,08:00,   -5.4,0
23/03/2026,09:00,   -4.3,0
23/03/2026,10:00,   -3.3,0
23/03/2026,11:00,   -1.7,0
23/03/2026,12:00,   -1.8,0
23/03/2026,13:00,   -1.4,0
23/03/2026,14:00,   -0.6,0
23/03/2026,15:00,   -0.5,0
23/03/2026,16:00,   -1.2,0
23/03/2026,17:00,   -1.4,0
23/03/2026,18:00,   -2.0,0
23/03/2026,19:00,   -2.6,0
23/03/2026,20:00,   -3.2,0
23/03/2026,21:00,   -2.2,0
23/03/2026,22:00,   -2.6,0
23/03/2026,23:00,   -2.6,0
24/03/2026,00:00,   -2.9,0
24/03/2026,01:00,   -2.7,0
24/03/2026,02:00,   -2.8,0
24/03/2026,03:00,   -3.0,0
24/03/2026,04:00,   -3.1,0
24/03/2026,05:00,   -2.9,0
24/03/2026,06:00,   -3.1,0
24/03/2026,07:00,   -2.8,0
24/03/2026,08:00,   -2.7,0
24/03/2026,09:00,   -1.8,0
24/03/2026,10:00,   -0.7,0
24/03/2026,11:00,    0.2,0
24/03/2026,12:00,    0.7,0
24/03/2026,13:00,    1.7,0
24/03/2026,14:00,    2.3,0
24/03/2026,15:00,    2.6,0
24/03/2026,16:00,    1.9,0
24/03/2026,17:00,    1.2,0
24/03/2026,18:00,    1.0,0
24/03/2026,19:00,    0.5,0
24/03/2026,20:00,   -0.3,0
24/03/2026,21:00,    0.2,0
24/03/2026,22:00,    0.0,0
24/03/2026,23:00,    1.0,0
25/03/2026,00:00,    2.2,0
25/03/2026,01:00,    1.6,0
25/03/2026,02:00,    1.6,0
25/03/2026,03:00,    1.4,0
25/03/2026,04:00,    0.5,0
25/03/2026,05:00,    0.6,0
25/03/2026,06:00,    1.9,0
25/03/2026,07:00,    2.2,0
25/03/2026,08:00,    4.0,0
25/03/2026,09:00,    5.9,0
25/03/2026,10:00,    7.4,0
25/03/2026,11:00,    8.5,0
25/03/2026,12:00,    7.6,0
25/03/2026,13:00,    6.9,0
25/03/2026,14:00,    7.5,0
25/03/2026,15:00,    7.4,0
25/03/2026,16:00,    7.2,0
25/03/2026,17:00,    5.8,0
25/03/2026,18:00,    3.6,0
25/03/2026,19:00,    1.3,0
25/03/2026,20:00,   -0.6,0
25/03/2026,21:00,   -1.3,0
25/03/2026,22:00,   -3.2,0
25/03/2026,23:00,   -4.3,0
26/03/2026,00:00,   -5.4,0
26/03/2026,01:00,   -5.8,0
26/03/2026,02:00,   -6.5,0
26/03/2026,03:00,   -6.5,0
26/03/2026,04:00,   -6.4,0
26/03/2026,05:00,   -6.7,0
26/03/2026,06:00,   -6.5,0
26/03/2026,07:00,   -6.3,0
26/03/2026,08:00,   -5.4,0
26/03/2026,09:00,   -4.8,0
26/03/2026,10:00,   -4.1,0
26/03/2026,11:00,   -3.9,0
26/03/2026,12:00,   -3.7,0
26/03/2026,13:00,   -3.0,0
26/03/2026,14:00,   -3.1,0
26/03/2026,15:00,   -3.2,0
26/03/2026,16:00,   -4.0,0
26/03/2026,17:00,   -4.4,0
26/03/2026,18:00,   -5.0,0
26/03/2026,19:00,   -5.4,0
26/03/2026,20:00,   -5.9,0
26/03/2026,21:00,   -6.4,0
26/03/2026,22:00,   -6.4,0
26/03/2026,23:00,   -7.4,0
27/03/2026,00:00,   -7.8,0
27/03/2026,01:00,   -8.1,0
27/03/2026,02:00,   -8.1,0
27/03/2026,03:00,   -9.0,0
27/03/2026,04:00,   -9.0,0
27/03/2026,05:00,   -8.9,0
27/03/2026,06:00,   -9.1,0
27/03/2026,07:00,   -9.1,0
27/03/2026,08:00,   -7.3,0
27/03/2026,09:00,   -6.6,0
27/03/2026,10:00,   -5.2,0
27/03/2026,11:00,   -3.8,0
27/03/2026,12:00,   -3.2,0
27/03/2026,13:00,   -2.8,0
27/03/2026,14:00,   -2.4,0
27/03/2026,15:00,   -2.2,0
27/03/2026,16:00,   -3.3,0
27/03/2026,17:00,   -3.6,0
27/03/2026,18:00,   -4.1,0
27/03/2026,19:00,   -3.6,0
27/03/2026,20:00,   -3.3,0
27/03/2026,21:00,   -3.6,0
27/03/2026,22:00,   -3.2,0
27/03/2026,23:00,   -3.2,0
28/03/2026,00:00,   -2.8,0
28/03/2026,01:00,   -2.8,0
28/03/2026,02:00,   -2.9,0
28/03/2026,03:00,   -2.8,0
28/03/2026,04:00,   -3.2,0
28/03/2026,05:00,   -3.4,0
28/03/2026,06:00,   -3.2,0
28/03/2026,07:00,   -2.7,0
28/03/2026,08:00,   -1.3,0
28/03/2026,09:00,    0.3,0
28/03/2026,10:00,    0.4,0
28/03/2026,11:00,    1.6,0
28/03/2026,12:00,    2.4,0
28/03/2026,13:00,    3.9,0
28/03/2026,14:00,    2.7,0
28/03/2026,15:00,    3.0,0
28/03/2026,16:00,    1.7,0
28/03/2026,17:00,    1.1,0
28/03/2026,18:00,    0.7,0
28/03/2026,19:00,    0.2,0
28/03/2026,20:00,   -0.1,0
28/03/2026,21:00,   -0.1,0
28/03/2026,22:00,   -0.2,0
28/03/2026,23:00,    0.0,0
29/03/2026,00:00,   -0.7,0
29/03/2026,01:00,   -1.1,0
29/03/2026,02:00,   -1.9,0
29/03/2026,03:00,   -2.8,0
29/03/2026,04:00,   -4.2,0
29/03/2026,05:00,   -4.3,0
29/03/2026,06:00,   -4.6,0
29/03/2026,07:00,   -4.7,0
29/03/2026,08:00,   -4.7,0
29/03/2026,09:00,   -5.1,0
29/03/2026,10:00,   -3.7,0
29/03/2026,11:00,   -2.3,0
29/03/2026,12:00,   -1.9,0
29/03/2026,13:00,   -2.2,0
29/03/2026,14:00,   -1.7,0
29/03/2026,15:00,   -1.2,0
29/03/2026,16:00,   -1.8,0
29/03/2026,17:00,   -2.0,0
29/03/2026,18:00,   -2.1,0
29/03/2026,19:00,   -2.1,0
29/03/2026,20:00,   -2.6,0
29/03/2026,21:00,   -2.6,0
29/03/2026,22:00,   -2.1,0
29/03/2026,23:00,   -2.7,0
30/03/2026,00:00,   -2.8,0
30/03/2026,01:00,   -2.8,0
30/03/2026,02:00,   -2.8,0
30/03/2026,03:00,   -2.4,0
30/03/2026,04:00,   -2.0,0
30/03/2026,05:00,   -0.2,0
30/03/2026,06:00,   -0.1,0
30/03/2026,07:00,    3.0,0
30/03/2026,08:00,    4.0,0
30/03/2026,09:00,    4.5,0
30/03/2026,10:00,    4.9,0
30/03/2026,11:00,    5.9,0
30/03/2026,12:00,    5.6,0
30/03/2026,13:00,    5.7,0
30/03/2026,14:00,    4.9,0
30/03/2026,15:00,    4.3,0
30/03/2026,16:00,    2.8,0
30/03/2026,17:00,    1.3,0
30/03/2026,18:00,    0.0,0
30/03/2026,19:00,   -0.9,0
30/03/2026,20:00,   -1.5,0
30/03/2026,21:00,   -1.8,0
30/03/2026,22:00,   -2.4,0
30/03/2026,23:00,   -3.5,0
31/03/2026,00:00,   -4.4,0
31/03/2026,01:00,   -4.8,0
31/03/2026,02:00,   -5.2,0
31/03/2026,03:00,   -5.5,0
31/03/2026,04:00,   -5.6,0
31/03/2026,05:00,   -5.9,0
31/03/2026,06:00,   -5.9,0
31/03/2026,07:00,   -5.9,0
31/03/2026,08:00,   -5.6,0
31/03/2026,09:00,   -5.1,0
31/03/2026,10:00,   -4.3,0
31/03/2026,11:00,   -3.9,0
31/03/2026,12:00,   -3.7,0
31/03/2026,13:00,   -3.5,0
31/03/2026,14:00,   -3.3,0
31/03/2026,15:00,   -3.3,0
31/03/2026,16:00,   -3.6,0
31/03/2026,17:00,   -4.0,0
31/03/2026,18:00,   -4.3,0
31/03/2026,19:00,   -4.8,0
31/03/2026,20:00,   -5.3,0
31/03/2026,21:00,   -5.8,0
31/03/2026,22:00,   -6.4,0
31/03/2026,23:00,   -6.8,0
01/04/2026,00:00,   -6.8,0
01/04/2026,01:00,   -6.8,0
01/04/2026,02:00,   -6.8,0
01/04/2026,03:00,   -7.0,0
01/04/2026,04:00,   -7.1,0
01/04/2026,05:00,   -7.5,0
01/04/2026,06:00,   -7.4,0
01/04/2026,07:00,   -7.0,0
01/04/2026,08:00,   -6.5,0
01/04/2026,09:00,   -5.9,0
01/04/2026,10:00,   -5.4,0
01/04/2026,11:00,   -5.2,0
01/04/2026,12:00,   -4.6,0
01/04/2026,13:00,   -4.8,0
01/04/2026,14:00,   -4.6,0
01/04/2026,15:00,   -4.8,0
01/04/2026,16:00,   -4.6,0
01/04/2026,17:00,   -4.8,0
01/04/2026,18:00,   -4.8,0
01/04/2026,19:00,   -4.6,0
01/04/2026,20:00,   -3.8,0
01/04/2026,21:00,   -3.4,0
01/04/2026,22:00,   -2.9,0
01/04/2026,23:00,   -3.1,0
02/04/2026,00:00,   -2.8,0
02/04/2026,01:00,   -2.9,0
02/04/2026,02:00,   -2.8,0
02/04/2026,03:00,   -3.0,0
02/04/2026,04:00,   -3.2,0
02/04/2026,05:00,   -3.0,0
02/04/2026,06:00,   -3.6,0
02/04/2026,07:00,   -3.8,0
02/04/2026,08:00,   -2.1,0
02/04/2026,09:00,    0.1,0
02/04/2026,10:00,    1.7,0
02/04/2026,11:00,    2.2,0
02/04/2026,12:00,    2.2,0
02/04/2026,13:00,    2.4,0
02/04/2026,14:00,    2.8,0
02/04/2026,15:00,    2.9,0
02/04/2026,16:00,    1.5,0
02/04/2026,17:00,    1.0,0
02/04/2026,18:00,    0.6,0
02/04/2026,19:00,    0.4,0
02/04/2026,20:00,    0.3,0
02/04/2026,21:00,   -0.1,0
02/04/2026,22:00,   -0.2,0
02/04/2026,23:00,   -0.4,0
03/04/2026,00:00,   -0.3,0
03/04/2026,01:00,   -1.0,0
03/04/2026,02:00,   -1.5,0
03/04/2026,03:00,   -2.5,0
03/04/2026,04:00,   -3.1,0
03/04/2026,05:00,   -2.5,0
03/04/2026,06:00,   -2.1,0
03/04/2026,07:00,   -1.5,0
03/04/2026,08:00,   -0.5,0
03/04/2026,09:00,    0.6,0
03/04/2026,10:00,    2.8,0
03/04/2026,11:00,    3.0,0
03/04/2026,12:00,    3.9,0
03/04/2026,13:00,    5.0,0
03/04/2026,14:00,    5.4,0
03/04/2026,15:00,    6.0,0
03/04/2026,16:00,    4.0,0
03/04/2026,17:00,    3.4,0
03/04/2026,18:00,    3.1,0
03/04/2026,19:00,    3.2,0
03/04/2026,20:00,    2.9,0
03/04/2026,21:00,    3.0,0
03/04/2026,22:00,    2.9,0
03/04/2026,23:00,    3.6,0
04/04/2026,00:00,    3.4,0
04/04/2026,01:00,    3.2,0
04/04/2026,02:00,    3.3,0
04/04/2026,03:00,    3.0,0
04/04/2026,04:00,    3.1,0
04/04/2026,05:00,    3.4,0
04/04/2026,06:00,    3.8,0
04/04/2026,07:00,    4.4,0
04/04/2026,08:00,    5.4,0
04/04/2026,09:00,    5.8,0
04/04/2026,10:00,    6.0,0
04/04/2026,11:00,    6.5,0
04/04/2026,12:00,    7.4,0
04/04/2026,13:00,    8.0,0
04/04/2026,14:00,    8.5,0
04/04/2026,15:00,    8.4,0
04/04/2026,16:00,    8.2,0
04/04/2026,17:00,    7.9,0
04/04/2026,18:00,    7.5,0
04/04/2026,19:00,    6.7,0
04/04/2026,20:00,    6.5,0
04/04/2026,21:00,    6.7,0
04/04/2026,22:00,    6.9,0
04/04/2026,23:00,    6.9,0
05/04/2026,00:00,    6.9,0
05/04/2026,01:00,    6.6,0
05/04/2026,02:00,    5.5,0
05/04/2026,03:00,    5.4,0
05/04/2026,04:00,    5.7,0
05/04/2026,05:00,    8.5,0
05/04/2026,06:00,    9.3,0
05/04/2026,07:00,    9.4,0
05/04/2026,08:00,    8.7,0
05/04/2026,09:00,    9.3,0
05/04/2026,10:00,    9.6,0
05/04/2026,11:00,   10.1,0
05/04/2026,12:00,    9.7,0
05/04/2026,13:00,   10.3,0
05/04/2026,14:00,   10.5,0
05/04/2026,15:00,   10.2,0
05/04/2026,16:00,    9.9,0
05/04/2026,17:00,    9.6,0
05/04/2026,18:00,    9.8,0
05/04/2026,19:00,    9.2,0
05/04/2026,20:00,    8.3,0
05/04/2026,21:00,    7.8,0
05/04/2026,22:00,    8.0,0
05/04/2026,23:00,    8.1,0
06/04/2026,00:00,    8.5,0
06/04/2026,01:00,    7.6,0
06/04/2026,02:00,    7.4,0
06/04/2026,03:00,    7.8,0
06/04/2026,04:00,    7.5,0
06/04/2026,05:00,    6.9,0
06/04/2026,06:00,    6.4,0
06/04/2026,07:00,    6.5,0
06/04/2026,08:00,    7.1,0
06/04/2026,09:00,    7.6,0
06/04/2026,10:00,    8.0,0
06/04/2026,11:00,    9.1,0
06/04/2026,12:00,    9.6,0
06/04/2026,13:00,    9.8,0
06/04/2026,14:00,    9.7,0
06/04/2026,15:00,    9.5,0
06/04/2026,16:00,    9.3,0
06/04/2026,17:00,    8.7,0
06/04/2026,18:00,    7.8,0
06/04/2026,19:00,    7.9,0
06/04/2026,20:00,    8.2,0
06/04/2026,21:00,    7.8,0
06/04/2026,22:00,    7.8,0
06/04/2026,23:00,    7.8,0
07/04/2026,00:00,    7.5,0
07/04/2026,01:00,    7.5,0
07/04/2026,02:00,    7.2,0
07/04/2026,03:00,    7.3,0
07/04/2026,04:00,    7.3,0
07/04/2026,05:00,    7.7,0
07/04/2026,06:00,    7.7,0
07/04/2026,07:00,    8.1,0
07/04/2026,08:00,    8.7,0
07/04/2026,09:00,    8.9,0
07/04/2026,10:00,    9.3,0
07/04/2026,11:00,    9.7,0
07/04/2026,12:00,   10.1,0
07/04/2026,13:00,   10.3,0
07/04/2026,14:00,   10.6,0
07/04/2026,15:00,   10.0,0
07/04/2026,16:00,   10.6,0
07/04/2026,17:00,    9.5,0
07/04/2026,18:00,    8.7,0
07/04/2026,19:00,    8.3,0
07/04/2026,20:00,    8.2,0
07/04/2026,21:00,    8.6,0
07/04/2026,22:00,    8.3,0
07/04/2026,23:00,    8.4,0
08/04/2026,00:00,    8.5,0
08/04/2026,01:00,    8.1,0
08/04/2026,02:00,    7.7,0
08/04/2026,03:00,    7.7,0
08/04/2026,04:00,    7.6,0
08/04/2026,05:00,    7.4,0
08/04/2026,06:00,    7.5,0
08/04/2026,07:00,    7.7,0
08/04/2026,08:00,    8.3,0
08/04/2026,09:00,    8.8,0
08/04/2026,10:00,    9.4,0
08/04/2026,11:00,    9.8,0
08/04/2026,12:00,    9.9,0
08/04/2026,13:00,   10.0,0
08/04/2026,14:00,   10.2,0
08/04/2026,15:00,   10.4,0
08/04/2026,16:00,   10.2,0
08/04/2026,17:00,    9.7,0
08/04/2026,18:00,    9.2,0
08/04/2026,19:00,    8.6,0
08/04/2026,20:00,    8.9,0
08/04/2026,21:00,    8.7,0
08/04/2026,22:00,    9.0,0
08/04/2026,23:00,    9.0,0
09/04/2026,00:00,    9.0,0
09/04/2026,01:00,    8.7,0
09/04/2026,02:00,    8.5,0
09/04/2026,03:00,    8.3,0
09/04/2026,04:00,    8.5,0
09/04/2026,05:00,    9.3,0
09/04/2026,06:00,    9.8,0
09/04/2026,07:00,   10.1,0
09/04/2026,08:00,   11.1,0
09/04/2026,09:00,   11.6,0
09/04/2026,10:00,   12.2,0
09/04/2026,11:00,   12.7,0
09/04/2026,12:00,   12.5,0
09/04/2026,13:00,   12.5,0
09/04/2026,14:00,   12.4,0
09/04/2026,15:00,   12.1,0
09/04/2026,16:00,   11.6,0
09/04/2026,17:00,   10.7,0
09/04/2026,18:00,   10.1,0
09/04/2026,19:00,    8.9,0
09/04/2026,20:00,    8.0,0
09/04/2026,21:00,    8.4,0
09/04/2026,22:00,    8.2,0
09/04/2026,23:00,    7.9,0
10/04/2026,00:00,    7.6,0
10/04/2026,01:00,    7.6,0
10/04/2026,02:00,    7.7,0
10/04/2026,03:00,    7.5,0
10/04/2026,04:00,    7.6,0
10/04/2026,05:00,    7.2,0
10/04/2026,06:00,    8.0,0
10/04/2026,07:00,    8.0,0
10/04/2026,08:00,    8.5,0
10/04/2026,09:00,    8.9,0
10/04/2026,10:00,   10.2,0
10/04/2026,11:00,   11.2,0
10/04/2026,12:00,   11.0,0
10/04/2026,13:00,   11.3,0
10/04/2026,14:00,   11.1,0
10/04/2026,15:00,   11.2,0
10/04/2026,16:00,   11.3,0
10/04/2026,17:00,   11.0,0
10/04/2026,18:00,   11.0,0
10/04/2026,19:00,    8.8,0
10/04/2026,20:00,    9.1,0
10/04/2026,21:00,    9.1,0
10/04/2026,22:00,    9.0,0
10/04/2026,23:00,    8.3,0
11/04/2026,00:00,    7.6,0
11/04/2026,01:00,    7.1,0
11/04/2026,02:00,    6.6,0
11/04/2026,03:00,    6.6,0
11/04/2026,04:00,    5.9,0
11/04/2026,05:00,    6.4,0
11/04/2026,06:00,    6.8,0
11/04/2026,07:00,    7.3,0
11/04/2026,08:00,    8.4,0
11/04/2026,09:00,   10.0,0
11/04/2026,10:00,    8.3,0
11/04/2026,11:00,    9.0,0
11/04/2026,12:00,   11.1,0
11/04/2026,13:00,   11.5,0
11/04/2026,14:00,   11.4,0
11/04/2026,15:00,   11.4,0
11/04/2026,16:00,   11.0,0
11/04/2026,17:00,   10.4,0
11/04/2026,18:00,    9.7,0
11/04/2026,19:00,    9.5,0
11/04/2026,20:00,    9.2,0
11/04/2026,21:00,    9.3,0
11/04/2026,22:00,    6.6,0
11/04/2026,23:00,    7.7,0
12/04/2026,00:00,    6.4,0
12/04/2026,01:00,    4.3,0
12/04/2026,02:00,    3.8,0
12/04/2026,03:00,    3.1,0
12/04/2026,04:00,    3.1,0
12/04/2026,05:00,    3.0,0
12/04/2026,06:00,    3.0,0
12/04/2026,07:00,    3.1,0
12/04/2026,08:00,    3.2,0
12/04/2026,09:00,    3.2,0
12/04/2026,10:00,    3.4,0
12/04/2026,11:00,    3.3,0
12/04/2026,12:00,    3.2,0
12/04/2026,13:00,    3.0,0
12/04/2026,14:00,    2.7,0
12/04/2026,15:00,    2.8,0
12/04/2026,16:00,    2.4,0
12/04/2026,17:00,    2.1,0
12/04/2026,18:00,    1.8,0
12/04/2026,19:00,    1.8,0
12/04/2026,20:00,    1.6,0
12/04/2026,21:00,    1.4,0
12/04/2026,22:00,    1.5,0
12/04/2026,23:00,    1.3,0
13/04/2026,00:00,    1.2,0
13/04/2026,01:00,    1.0,0
13/04/2026,02:00,    0.6,0
13/04/2026,03:00,    0.6,0
13/04/2026,04:00,    0.2,0
13/04/2026,05:00,   -0.1,0
13/04/2026,06:00,   -0.1,0
13/04/2026,07:00,   -0.1,0
13/04/2026,08:00,    0.0,0
13/04/2026,09:00,    0.4,0
13/04/2026,10:00,    0.2,0
13/04/2026,11:00,    0.5,0
13/04/2026,12:00,    0.3,0
13/04/2026,13:00,    0.4,0
13/04/2026,14:00,    0.4,0
13/04/2026,15:00,    0.1,0
13/04/2026,16:00,    0.2,0
13/04/2026,17:00,    0.1,0
13/04/2026,18:00,    0.2,0
13/04/2026,19:00,    0.4,0
13/04/2026,20:00,    0.2,0
13/04/2026,21:00,    0.5,0
13/04/2026,22:00,    0.7,0
13/04/2026,23:00,    0.7,0
14/04/2026,00:00,    0.6,0
14/04/2026,01:00,    1.0,0
14/04/2026,02:00,    1.0,0
14/04/2026,03:00,    0.6,0
14/04/2026,04:00,    0.9,0
14/04/2026,05:00,    0.9,0
14/04/2026,06:00,    0.4,0
14/04/2026,07:00,    0.3,0
14/04/2026,08:00,    0.5,0
14/04/2026,09:00,    1.3,0
14/04/2026,10:00,    2.3,0
14/04/2026,11:00,    2.1,0
14/04/2026,12:00,    2.4,0
14/04/2026,13:00,    2.3,0
14/04/2026,14:00,    3.0,0
14/04/2026,15:00,    2.9,0
14/04/2026,16:00,    3.0,0
14/04/2026,17:00,    2.9,0
14/04/2026,18:00,    2.7,0
14/04/2026,19:00,    2.3,0
14/04/2026,20:00,    2.2,0
14/04/2026,21:00,    2.2,0
14/04/2026,22:00,    2.1,0
14/04/2026,23:00,    2.3,0
15/04/2026,00:00,    2.3,0
15/04/2026,01:00,    2.2,0
15/04/2026,02:00,    2.0,0
15/04/2026,03:00,    2.2,0
15/04/2026,04:00,    2.1,0
15/04/2026,05:00,    2.1,0
15/04/2026,06:00,    2.1,0
15/04/2026,07:00,    2.3,0
15/04/2026,08:00,    2.2,0
15/04/2026,09:00,    2.7,0
15/04/2026,10:00,    3.0,0
15/04/2026,11:00,    4.0,0
15/04/2026,12:00,    4.2,0
15/04/2026,13:00,    5.7,0
15/04/2026,14:00,    5.6,0
15/04/2026,15:00,    5.9,0
15/04/2026,16:00,    5.5,0
15/04/2026,17:00,    4.7,0
15/04/2026,18:00,    4.3,0
15/04/2026,19:00,    4.1,0
15/04/2026,20:00,    4.4,0
15/04/2026,21:00,    5.0,0
15/04/2026,22:00,    4.7,0
15/04/2026,23:00,    4.2,0
16/04/2026,00:00,    3.5,0
16/04/2026,01:00,    3.6,0
16/04/2026,02:00,    4.4,0
16/04/2026,03:00,    4.4,0
16/04/2026,04:00,    4.6,0
16/04/2026,05:00,    4.7,0
16/04/2026,06:00,    4.6,0
16/04/2026,07:00,    4.4,0
16/04/2026,08:00,    5.1,0
16/04/2026,09:00,    5.9,0
16/04/2026,10:00,    7.0,0
16/04/2026,11:00,    7.2,0
16/04/2026,12:00,    7.5,0
16/04/2026,13:00,    7.7,0
16/04/2026,14:00,    8.2,0
16/04/2026,15:00,    8.1,0
16/04/2026,16:00,    7.6,0
16/04/2026,17:00,    7.1,0
16/04/2026,18:00,    6.4,0
16/04/2026,19:00,    5.8,0
16/04/2026,20:00,    6.0,0
16/04/2026,21:00,    6.1,0
16/04/2026,22:00,    5.6,0
16/04/2026,23:00,    5.6,0
17/04/2026,00:00,    5.6,0
17/04/2026,01:00,    4.5,0
17/04/2026,02:00,    4.6,0
17/04/2026,03:00,    4.3,0
17/04/2026,04:00,    4.3,0
17/04/2026,05:00,    3.9,0
17/04/2026,06:00,    3.8,0
17/04/2026,07:00,    3.6,0
17/04/2026,08:00,    5.1,0
17/04/2026,09:00,    6.0,0
17/04/2026,10:00,    6.3,0
17/04/2026,11:00,    6.9,0
17/04/2026,12:00,    8.2,0
17/04/2026,13:00,    8.3,0
17/04/2026,14:00,    8.5,0
17/04/2026,15:00,    8.1,0
17/04/2026,16:00,    7.7,0
17/04/2026,17:00,    6.6,0
17/04/2026,18:00,    6.3,0
17/04/2026,19:00,    6.0,0
17/04/2026,20:00,    6.2,0
17/04/2026,21:00,    6.4,0
17/04/2026,22:00,    6.3,0
17/04/2026,23:00,    6.5,0
18/04/2026,00:00,    6.5,0
18/04/2026,01:00,    6.0,0
18/04/2026,02:00,    5.3,0
18/04/2026,03:00,    5.3,0
18/04/2026,04:00,    5.4,0
18/04/2026,05:00,    4.7,0
18/04/2026,06:00,    4.7,0
18/04/2026,07:00,    4.9,0
18/04/2026,08:00,    6.4,0
18/04/2026,09:00,    6.7,0
18/04/2026,10:00,    8.0,0
18/04/2026,11:00,    8.2,0
18/04/2026,12:00,    9.9,0
18/04/2026,13:00,    9.4,0
18/04/2026,14:00,   10.7,0
18/04/2026,15:00,   10.0,0
18/04/2026,16:00,    9.0,0
18/04/2026,17:00,    7.2,0
18/04/2026,18:00,    7.0,0
18/04/2026,19:00,    6.8,0
18/04/2026,20:00,    7.0,0
18/04/2026,21:00,    7.5,0
18/04/2026,22:00,    8.1,0
18/04/2026,23:00,    7.9,0
19/04/2026,00:00,    8.0,0
19/04/2026,01:00,    8.1,0
19/04/2026,02:00,    7.8,0
19/04/2026,03:00,    8.2,0
19/04/2026,04:00,    7.2,0
19/04/2026,05:00,    6.3,0
19/04/2026,06:00,    5.8,0
19/04/2026,07:00,    5.8,0
19/04/2026,08:00,    7.0,0
19/04/2026,09:00,    8.0,0
19/04/2026,10:00,    8.0,0
19/04/2026,11:00,    9.7,0
19/04/2026,12:00,    9.3,0
19/04/2026,13:00,    7.6,0
19/04/2026,14:00,    7.7,0
19/04/2026,15:00,    7.6,0
19/04/2026,16:00,    7.7,0
19/04/2026,17:00,    7.8,0
19/04/2026,18:00,    7.4,0
19/04/2026,19:00,    8.2,0
19/04/2026,20:00,    8.7,0
19/04/2026,21:00,    8.9,0
19/04/2026,22:00,    8.4,0
19/04/2026,23:00,    7.2,0
20/04/2026,00:00,    6.9,0
20/04/2026,01:00,    6.4,0
20/04/2026,02:00,    5.8,0
20/04/2026,03:00,    5.8,0
20/04/2026,04:00,    5.7,0
20/04/2026,05:00,    5.9,0
20/04/2026,06:00,    4.1,0
20/04/2026,07:00,    5.2,0
20/04/2026,08:00,    7.0,0
20/04/2026,09:00,    8.8,0
20/04/2026,10:00,    9.4,0
20/04/2026,11:00,    9.9,0
20/04/2026,12:00,    9.7,0
20/04/2026,13:00,    9.5,0
20/04/2026,14:00,    9.3,0
20/04/2026,15:00,    9.3,0
20/04/2026,16:00,    7.1,0
20/04/2026,17:00,    7.0,0
20/04/2026,18:00,    7.0,0
20/04/2026,19:00,    8.4,0
20/04/2026,20:00,    8.3,0
20/04/2026,21:00,    8.3,0
20/04/2026,22:00,    8.3,0
20/04/2026,23:00,    7.4,0
21/04/2026,00:00,    6.3,0
21/04/2026,01:00,    5.6,0
21/04/2026,02:00,    4.7,0
21/04/2026,03:00,    3.3,0
21/04/2026,04:00,    2.7,0
21/04/2026,05:00,    3.0,0
21/04/2026,06:00,    4.7,0
21/04/2026,07:00,    5.0,0
21/04/2026,08:00,    4.6,0
21/04/2026,09:00,    6.1,0
21/04/2026,10:00,    6.2,0
21/04/2026,11:00,    7.1,0
21/04/2026,12:00,    7.3,0
21/04/2026,13:00,    5.2,0
21/04/2026,14:00,    5.1,0
21/04/2026,15:00,    5.3,0
21/04/2026,16:00,    5.1,0
21/04/2026,17:00,    4.4,0
21/04/2026,18:00,    4.2,0
21/04/2026,19:00,    3.7,0
21/04/2026,20:00,    3.6,0
21/04/2026,21:00,    3.7,0
21/04/2026,22:00,    3.4,0
21/04/2026,23:00,    3.5,0
22/04/2026,00:00,    3.5,0
22/04/2026,01:00,    3.2,0
22/04/2026,02:00,    3.1,0
22/04/2026,03:00,    2.3,0
22/04/2026,04:00,    1.1,0
22/04/2026,05:00,    0.3,0
22/04/2026,06:00,   -0.1,0
22/04/2026,07:00,   -0.1,0
22/04/2026,08:00,   -0.1,0
22/04/2026,09:00,    0.0,0
22/04/2026,10:00,   -0.1,0
22/04/2026,11:00,    0.0,0
22/04/2026,12:00,    0.1,0
22/04/2026,13:00,    0.4,0
22/04/2026,14:00,    0.4,0
22/04/2026,15:00,    0.6,0
22/04/2026,16:00,    0.5,0
22/04/2026,17:00,    0.1,0
22/04/2026,18:00,    0.1,0
22/04/2026,19:00,    0.2,0
22/04/2026,20:00,    0.6,0
22/04/2026,21:00,    0.7,0
22/04/2026,22:00,    0.6,0
22/04/2026,23:00,    0.6,0
23/04/2026,00:00,    0.3,0
23/04/2026,01:00,    0.0,0
23/04/2026,02:00,    0.0,0
23/04/2026,03:00,   -0.6,0
23/04/2026,04:00,   -0.9,0
23/04/2026,05:00,   -0.6,0
23/04/2026,06:00,   -0.6,0
23/04/2026,07:00,    0.5,0
23/04/2026,08:00,    1.7,0
23/04/2026,09:00,    3.0,0
23/04/2026,10:00,    3.7,0
23/04/2026,11:00,    5.4,0
23/04/2026,12:00,    5.7,0
23/04/2026,13:00,    6.0,0
23/04/2026,14:00,    6.7,0
23/04/2026,15:00,    7.7,0
23/04/2026,16:00,    6.4,0
23/04/2026,17:00,    5.5,0
23/04/2026,18:00,    5.0,0
23/04/2026,19:00,    4.6,0
23/04/2026,20:00,    4.6,0
23/04/2026,21:00,    4.4,0
23/04/2026,22:00,    4.5,0
23/04/2026,23:00,    5.0,0
24/04/2026,00:00,    5.8,0
24/04/2026,01:00,    5.7,0
24/04/2026,02:00,    5.5,0
24/04/2026,03:00,    5.4,0
24/04/2026,04:00,    5.6,0
24/04/2026,05:00,    5.5,0
24/04/2026,06:00,    6.6,0
24/04/2026,07:00,    7.5,0
24/04/2026,08:00,    7.8,0
24/04/2026,09:00,    8.5,0
24/04/2026,10:00,    9.0,0
24/04/2026,11:00,    9.3,0
24/04/2026,12:00,    9.8,0
24/04/2026,13:00,   10.3,0
24/04/2026,14:00,   10.9,0
24/04/2026,15:00,   11.3,0
24/04/2026,16:00,   10.3,0
24/04/2026,17:00,    9.0,0
24/04/2026,18:00,    8.9,0
24/04/2026,19:00,    8.6,0
24/04/2026,20:00,    8.6,0
24/04/2026,21:00,    9.0,0
24/04/2026,22:00,    8.7,0
24/04/2026,23:00,    8.8,0
25/04/2026,00:00,    8.7,0
25/04/2026,01:00,    8.7,0
25/04/2026,02:00,    8.5,0
25/04/2026,03:00,    8.8,0
25/04/2026,04:00,    8.4,0
25/04/2026,05:00,    8.5,0
25/04/2026,06:00,    8.7,0
25/04/2026,07:00,    9.6,0
25/04/2026,08:00,   10.7,0
25/04/2026,09:00,   11.3,0
25/04/2026,10:00,   11.4,0
25/04/2026,11:00,   11.5,0
25/04/2026,12:00,   11.7,0
25/04/2026,13:00,   11.1,0
25/04/2026,14:00,   10.9,0
25/04/2026,15:00,   11.5,0
25/04/2026,16:00,    9.2,0
25/04/2026,17:00,    7.2,0
25/04/2026,18:00,    7.1,0
25/04/2026,19:00,    7.8,0
25/04/2026,20:00,    8.0,0
25/04/2026,21:00,    8.2,0
25/04/2026,22:00,    7.7,0
25/04/2026,23:00,    7.8,0
26/04/2026,00:00,    7.9,0
26/04/2026,01:00,    7.6,0
26/04/2026,02:00,    7.4,0
26/04/2026,03:00,    7.2,0
26/04/2026,04:00,    7.1,0
26/04/2026,05:00,    6.8,0
26/04/2026,06:00,    7.1,0
26/04/2026,07:00,    7.8,0
26/04/2026,08:00,    8.2,0
26/04/2026,09:00,    8.9,0
26/04/2026,10:00,    9.6,0
26/04/2026,11:00,   11.4,0
26/04/2026,12:00,   11.0,0
26/04/2026,13:00,   11.9,0
26/04/2026,14:00,    9.8,0
26/04/2026,15:00,   10.0,0
26/04/2026,16:00,    8.9,0
26/04/2026,17:00,    8.1,0
26/04/2026,18:00,    7.2,0
26/04/2026,19:00,    7.0,0
26/04/2026,20:00,    6.6,0
26/04/2026,21:00,    6.8,0
26/04/2026,22:00,    7.1,0
26/04/2026,23:00,    6.8,0
27/04/2026,00:00,    6.5,0
27/04/2026,01:00,    6.0,0
27/04/2026,02:00,    5.9,0
27/04/2026,03:00,    5.8,0
27/04/2026,04:00,    5.4,0
27/04/2026,05:00,    5.3,0
27/04/2026,06:00,    5.1,0
27/04/2026,07:00,    5.5,0
27/04/2026,08:00,    6.8,0
27/04/2026,09:00,    8.2,0
27/04/2026,10:00,    9.2,0
27/04/2026,11:00,    9.5,0
27/04/2026,12:00,    9.0,0
27/04/2026,13:00,   10.8,0
27/04/2026,14:00,   12.2,0
27/04/2026,15:00,   10.5,0
27/04/2026,16:00,    8.8,0
27/04/2026,17:00,    6.4,0
27/04/2026,18:00,    8.0,0
27/04/2026,19:00,    7.2,0
27/04/2026,20:00,    6.7,0
27/04/2026,21:00,    7.0,0
27/04/2026,22:00,    7.0,0
27/04/2026,23:00,    7.5,0
28/04/2026,00:00,    6.7,0
28/04/2026,01:00,    6.6,0
28/04/2026,02:00,    6.2,0
28/04/2026,03:00,    6.0,0
28/04/2026,04:00,    5.4,0
28/04/2026,05:00,    5.3,0
28/04/2026,06:00,    5.3,0
28/04/2026,07:00,    5.7,0
28/04/2026,08:00,    6.9,0
28/04/2026,09:00,    8.3,0
28/04/2026,10:00,    9.1,0
28/04/2026,11:00,    8.3,0
28/04/2026,12:00,    7.0,0
28/04/2026,13:00,    6.1,0
28/04/2026,14:00,    6.5,0
28/04/2026,15:00,    5.9,0
28/04/2026,16:00,    5.4,0
28/04/2026,17:00,    5.7,0
28/04/2026,18:00,    5.0,0
28/04/2026,19:00,    5.3,0
28/04/2026,20:00,    4.2,0
28/04/2026,21:00,    3.9,0
28/04/2026,22:00,    4.6,0
28/04/2026,23:00,    4.1,0
29/04/2026,00:00,    3.8,0
29/04/2026,01:00,    3.9,0
29/04/2026,02:00,    3.6,0
29/04/2026,03:00,    3.7,0
29/04/2026,04:00,    3.7,0
29/04/2026,05:00,    3.5,0
29/04/2026,06:00,    3.8,0
29/04/2026,07:00,    4.3,0
29/04/2026,08:00,    6.1,0
29/04/2026,09:00,    5.9,0
29/04/2026,10:00,    5.7,0
29/04/2026,11:00,    7.1,0
29/04/2026,12:00,    8.2,0
29/04/2026,13:00,    8.5,0
29/04/2026,14:00,    8.0,0
29/04/2026,15:00,    8.1,0
29/04/2026,16:00,    6.7,0
29/04/2026,17:00,    6.1,0
29/04/2026,18:00,    5.7,0
29/04/2026,19:00,    5.4,0
29/04/2026,20:00,    5.4,0
29/04/2026,21:00,    5.2,0
29/04/2026,22:00,    5.1,0
29/04/2026,23:00,    4.9,0
30/04/2026,00:00,    5.0,0
30/04/2026,01:00,    4.4,0
30/04/2026,02:00,    4.6,0
30/04/2026,03:00,    4.4,0
30/04/2026,04:00,    3.6,0
30/04/2026,05:00,    3.0,0
30/04/2026,06:00,    2.8,0
30/04/2026,07:00,    2.5,0
30/04/2026,08:00,    2.4,0
30/04/2026,09:00,    2.3,0
30/04/2026,10:00,    3.5,0
30/04/2026,11:00,    3.7,0
30/04/2026,12:00,    3.7,0
30/04/2026,13:00,    2.9,0
30/04/2026,14:00,    3.0,0
30/04/2026,15:00,    2.2,0
30/04/2026,16:00,    2.7,0
30/04/2026,17:00,    2.7,0
30/04/2026,18:00,    2.7,0
30/04/2026,19:00,    2.6,0
30/04/2026,20:00,    1.9,0
30/04/2026,21:00,    1.0,0
30/04/2026,22:00,    1.2,0
30/04/2026,23:00,    1.2,0
01/05/2026,00:00,    1.4,0
01/05/2026,01:00,    1.1,0
01/05/2026,02:00,    0.7,0
01/05/2026,03:00,    0.4,0
01/05/2026,04:00,    0.5,0
01/05/2026,05:00,    0.3,0
01/05/2026,06:00,    0.5,0
01/05/2026,07:00,    1.9,0
01/05/2026,08:00,    3.4,0
01/05/2026,09:00,    4.1,0
01/05/2026,10:00,    4.9,0
01/05/2026,11:00,    4.8,0
01/05/2026,12:00,    4.1,0
01/05/2026,13:00,    4.4,0
01/05/2026,14:00,    4.6,0
01/05/2026,15:00,    5.9,0
01/05/2026,16:00,    5.8,0
01/05/2026,17:00,    6.0,0
01/05/2026,18:00,    5.8,0
01/05/2026,19:00,    5.6,0
01/05/2026,20:00,    5.5,0
01/05/2026,21:00,    5.0,0
01/05/2026,22:00,    4.9,0
01/05/2026,23:00,    4.7,0
02/05/2026,00:00,    5.7,0
02/05/2026,01:00,    5.6,0
02/05/2026,02:00,    5.0,0
02/05/2026,03:00,    4.4,0
02/05/2026,04:00,    3.9,0
02/05/2026,05:00,    3.1,0
02/05/2026,06:00,    3.0,0
02/05/2026,07:00,    4.0,0
02/05/2026,08:00,    6.2,0
02/05/2026,09:00,    7.6,0
02/05/2026,10:00,    8.3,0
02/05/2026,11:00,    8.7,0
02/05/2026,12:00,    9.1,0
02/05/2026,13:00,    9.2,0
02/05/2026,14:00,    9.3,0
02/05/2026,15:00,    9.3,0
02/05/2026,16:00,    8.9,0
02/05/2026,17:00,    8.5,0
02/05/2026,18:00,    8.2,0
02/05/2026,19:00,    7.9,0
02/05/2026,20:00,    7.9,0
02/05/2026,21:00,    7.9,0
02/05/2026,22:00,    7.8,0
02/05/2026,23:00,    5.9,0
03/05/2026,00:00,    5.5,0
03/05/2026,01:00,    5.4,0
03/05/2026,02:00,    5.0,0
03/05/2026,03:00,    4.8,0
03/05/2026,04:00,    4.6,0
03/05/2026,05:00,    5.7,0
03/05/2026,06:00,    5.8,0
03/05/2026,07:00,    5.4,0
03/05/2026,08:00,    6.1,0
03/05/2026,09:00,    6.4,0
03/05/2026,10:00,    8.1,0
03/05/2026,11:00,    8.1,0
03/05/2026,12:00,    7.9,0
03/05/2026,13:00,    8.4,0
03/05/2026,14:00,    8.1,0
03/05/2026,15:00,    8.4,0
03/05/2026,16:00,    7.3,0
03/05/2026,17:00,    6.9,0
03/05/2026,18:00,    6.0,0
03/05/2026,19:00,    5.2,0
03/05/2026,20:00,    4.8,0
03/05/2026,21:00,    4.5,0
03/05/2026,22:00,    4.4,0
03/05/2026,23:00,    4.5,0
04/05/2026,00:00,    4.2,0
04/05/2026,01:00,    4.3,0
04/05/2026,02:00,    4.0,0
04/05/2026,03:00,    3.9,0
04/05/2026,04:00,    3.6,0
04/05/2026,05:00,    3.6,0
04/05/2026,06:00,    3.9,0
04/05/2026,07:00,    4.0,0
04/05/2026,08:00,    2.5,0
04/05/2026,09:00,    2.3,0
04/05/2026,10:00,    1.7,0
04/05/2026,11:00,    3.2,0
04/05/2026,12:00,    4.1,0
04/05/2026,13:00,    4.7,0
04/05/2026,14:00,    5.5,0
04/05/2026,15:00,    4.7,0
04/05/2026,16:00,    4.2,0
04/05/2026,17:00,    3.5,0
04/05/2026,18:00,    2.6,0
04/05/2026,19:00,    2.4,0
04/05/2026,20:00,    1.4,0
04/05/2026,21:00,    1.4,0
04/05/2026,22:00,    1.0,0
04/05/2026,23:00,    0.9,0
05/05/2026,00:00,    1.5,0
05/05/2026,01:00,    0.8,0
05/05/2026,02:00,    0.3,0
05/05/2026,03:00,    0.1,0
05/05/2026,04:00,    0.1,0
05/05/2026,05:00,    0.5,0
05/05/2026,06:00,    0.3,0
05/05/2026,07:00,    0.5,0
05/05/2026,08:00,    1.7,0
05/05/2026,09:00,    1.4,0
05/05/2026,10:00,    1.7,0
05/05/2026,11:00,    3.3,0
05/05/2026,12:00,    2.8,0
05/05/2026,13:00,    3.3,0
05/05/2026,14:00,    5.7,0
05/05/2026,15:00,    4.4,0
05/05/2026,16:00,    5.4,0
05/05/2026,17:00,    5.5,0
05/05/2026,18:00,    3.2,0
05/05/2026,19:00,    4.5,0
05/05/2026,20:00,    4.6,0
05/05/2026,21:00,    4.5,0
05/05/2026,22:00,    4.5,0
05/05/2026,23:00,    1.7,0
06/05/2026,00:00,    0.3,0
06/05/2026,01:00,    0.5,0
06/05/2026,02:00,    0.2,0
06/05/2026,03:00,    0.2,0
06/05/2026,04:00,    0.5,0
06/05/2026,05:00,    2.9,0
06/05/2026,06:00,    3.0,0
06/05/2026,07:00,    3.0,0
06/05/2026,08:00,    3.1,0
06/05/2026,09:00,    3.3,0
06/05/2026,10:00,    3.7,0
06/05/2026,11:00,    4.1,0
06/05/2026,12:00,    4.6,0
06/05/2026,13:00,    4.9,0
06/05/2026,14:00,    5.1,0
06/05/2026,15:00,    5.3,0
06/05/2026,16:00,    5.3,0
06/05/2026,17:00,    5.5,0
06/05/2026,18:00,    5.2,0
06/05/2026,19:00,    5.0,0
06/05/2026,20:00,    4.4,0
06/05/2026,21:00,    3.9,0
06/05/2026,22:00,    3.2,0
06/05/2026,23:00,    2.3,0
07/05/2026,00:00,    1.8,0
07/05/2026,01:00,    1.8,0
07/05/2026,02:00,    1.8,0
07/05/2026,03:00,    1.4,0
07/05/2026,04:00,    1.3,0
07/05/2026,05:00,    1.2,0
07/05/2026,06:00,    1.3,0
07/05/2026,07:00,    3.0,0
07/05/2026,08:00,    3.7,0
07/05/2026,09:00,    5.3,0
07/05/2026,10:00,    6.4,0
07/05/2026,11:00,    6.1,0
07/05/2026,12:00,    6.8,0
07/05/2026,13:00,    6.8,0
07/05/2026,14:00,    7.0,0
07/05/2026,15:00,    5.8,0
07/05/2026,16:00,    5.3,0
07/05/2026,17:00,    4.5,0
07/05/2026,18:00,    4.8,0
07/05/2026,19:00,    4.2,0
07/05/2026,20:00,    3.9,0
07/05/2026,21:00,    4.2,0
07/05/2026,22:00,    3.6,0
07/05/2026,23:00,    3.8,0
08/05/2026,00:00,    3.7,0
08/05/2026,01:00,    3.6,0
08/05/2026,02:00,    3.3,0
08/05/2026,03:00,    3.1,0
08/05/2026,04:00,    2.9,0
08/05/2026,05:00,    3.1,0
08/05/2026,06:00,    2.9,0
08/05/2026,07:00,    2.9,0
08/05/2026,08:00,    3.2,0
08/05/2026,09:00,    3.9,0
08/05/2026,10:00,    4.4,0
08/05/2026,11:00,    6.2,0
08/05/2026,12:00,    7.1,0
08/05/2026,13:00,    5.7,0
08/05/2026,14:00,    4.4,0
08/05/2026,15:00,    4.2,0
08/05/2026,16:00,    3.8,0
08/05/2026,17:00,    4.5,0
08/05/2026,18:00,    4.4,0
08/05/2026,19:00,    3.9,0
08/05/2026,20:00,    4.2,0
08/05/2026,21:00,    4.5,0
08/05/2026,22:00,    4.1,0
08/05/2026,23:00,    4.0,0
09/05/2026,00:00,    3.7,0
09/05/2026,01:00,    3.6,0
09/05/2026,02:00,    3.5,0
09/05/2026,03:00,    3.4,0
09/05/2026,04:00,    3.3,0
09/05/2026,05:00,    3.3,0
09/05/2026,06:00,    3.3,0
09/05/2026,07:00,    4.3,0
09/05/2026,08:00,    5.8,0
09/05/2026,09:00,    7.2,0
09/05/2026,10:00,    7.9,0
09/05/2026,11:00,    8.1,0
09/05/2026,12:00,    8.0,0
09/05/2026,13:00,    7.7,0
09/05/2026,14:00,    6.6,0
09/05/2026,15:00,    6.1,0
09/05/2026,16:00,    6.0,0
09/05/2026,17:00,    5.6,0
09/05/2026,18:00,    5.8,0
09/05/2026,19:00,    5.7,0
09/05/2026,20:00,    5.5,0
09/05/2026,21:00,    5.3,0
09/05/2026,22:00,    5.0,0
09/05/2026,23:00,    4.9,0
10/05/2026,00:00,    4.1,0
10/05/2026,01:00,    1.5,0
10/05/2026,02:00,    1.3,0
10/05/2026,03:00,    1.9,0
10/05/2026,04:00,    3.0,0
10/05/2026,05:00,    3.2,0
10/05/2026,06:00,    2.5,0
10/05/2026,07:00,    3.0,0
10/05/2026,08:00,    3.3,0
10/05/2026,09:00,    3.8,0
10/05/2026,10:00,    3.6,0
10/05/2026,11:00,    3.3,0
10/05/2026,12:00,    3.7,0
10/05/2026,13:00,    3.7,0
10/05/2026,14:00,    4.0,0
10/05/2026,15:00,    4.1,0
10/05/2026,16:00,    4.2,0
10/05/2026,17:00,    4.5,0
10/05/2026,18:00,    4.4,0
10/05/2026,19:00,    4.2,0
10/05/2026,20:00,    3.9,0
10/05/2026,21:00,    6.3,0
10/05/2026,22:00,    5.7,0
10/05/2026,23:00,    5.3,0
11/05/2026,00:00,    5.0,0
11/05/2026,01:00,    4.8,0
11/05/2026,02:00,    4.8,0
11/05/2026,03:00,    4.3,0
11/05/2026,04:00,    4.5,0
11/05/2026,05:00,    4.5,0
11/05/2026,06:00,    4.8,0
11/05/2026,07:00,    5.0,0
11/05/2026,08:00,    5.5,0
11/05/2026,09:00,    6.0,0
11/05/2026,10:00,    6.1,0
11/05/2026,11:00,    6.6,0
11/05/2026,12:00,    6.6,0
11/05/2026,13:00,    5.9,0
11/05/2026,14:00,    6.8,0
11/05/2026,15:00,    6.9,0
11/05/2026,16:00,    7.1,0
11/05/2026,17:00,    7.2,0
11/05/2026,18:00,    7.0,0
11/05/2026,19:00,    6.0,0
11/05/2026,20:00,    5.4,0
11/05/2026,21:00,    4.3,0
11/05/2026,22:00,    4.0,0
11/05/2026,23:00,    4.5,0
12/05/2026,00:00,    5.9,0
12/05/2026,01:00,    6.0,0
12/05/2026,02:00,    6.3,0
12/05/2026,03:00,    6.9,0
12/05/2026,04:00,    6.7,0
12/05/2026,05:00,    5.6,0
12/05/2026,06:00,    4.9,0
12/05/2026,07:00,    6.7,0
12/05/2026,08:00,    7.3,0
12/05/2026,09:00,    7.4,0
12/05/2026,10:00,    9.8,0
12/05/2026,11:00,   10.1,0
12/05/2026,12:00,   10.7,0
12/05/2026,13:00,   10.5,0
12/05/2026,14:00,   10.4,0
12/05/2026,15:00,   10.7,0
12/05/2026,16:00,    9.9,0
12/05/2026,17:00,    7.8,0
12/05/2026,18:00,    6.5,0
12/05/2026,19:00,    5.7,0
12/05/2026,20:00,    5.1,0
12/05/2026,21:00,    4.7,0
12/05/2026,22:00,    3.5,0
12/05/2026,23:00,    3.0,0
13/05/2026,00:00,    3.2,0
13/05/2026,01:00,    2.4,0
13/05/2026,02:00,    1.7,0
13/05/2026,03:00,    1.1,0
13/05/2026,04:00,    0.7,0
13/05/2026,05:00,    0.6,0
13/05/2026,06:00,    1.1,0
13/05/2026,07:00,    1.6,0
13/05/2026,08:00,    2.8,0
13/05/2026,09:00,    3.9,0
13/05/2026,10:00,    5.3,0
13/05/2026,11:00,    5.5,0
13/05/2026,12:00,    5.7,0
13/05/2026,13:00,    4.5,0
13/05/2026,14:00,    6.1,0
13/05/2026,15:00,    6.1,0
13/05/2026,16:00,    6.0,0
13/05/2026,17:00,    6.4,0
13/05/2026,18:00,    6.5,0
13/05/2026,19:00,    6.2,0
13/05/2026,20:00,    6.0,0
13/05/2026,21:00,    5.0,0
13/05/2026,22:00,    4.5,0
13/05/2026,23:00,    4.5,0
14/05/2026,00:00,    4.2,0
14/05/2026,01:00,    3.6,0
14/05/2026,02:00,    3.1,0
14/05/2026,03:00,    2.5,0
14/05/2026,04:00,    2.0,0
14/05/2026,05:00,    1.5,0
14/05/2026,06:00,    2.3,0
14/05/2026,07:00,    3.0,0
14/05/2026,08:00,    4.5,0
14/05/2026,09:00,    4.1,0
14/05/2026,10:00,    4.2,0
14/05/2026,11:00,    3.9,0
14/05/2026,12:00,    4.1,0
14/05/2026,13:00,    4.2,0
14/05/2026,14:00,    3.9,0
14/05/2026,15:00,    3.1,0
14/05/2026,16:00,    2.1,0
14/05/2026,17:00,    2.0,0
14/05/2026,18:00,    1.9,0
14/05/2026,19:00,    2.7,0
14/05/2026,20:00,    2.2,0
14/05/2026,21:00,    1.5,0
14/05/2026,22:00,    1.2,0
14/05/2026,23:00,    0.9,0
15/05/2026,00:00,    0.6,0
15/05/2026,01:00,    0.6,0
15/05/2026,02:00,    1.5,0
15/05/2026,03:00,    0.0,0
15/05/2026,04:00,   -1.0,0
15/05/2026,05:00,   -1.4,0
15/05/2026,06:00,   -1.4,0
15/05/2026,07:00,   -0.9,0
15/05/2026,08:00,    0.7,0
15/05/2026,09:00,    0.6,0
15/05/2026,10:00,    2.4,0
15/05/2026,11:00,    1.7,0
15/05/2026,12:00,    0.0,0
15/05/2026,13:00,   -1.2,0
15/05/2026,14:00,   -1.5,0
15/05/2026,15:00,   -1.7,0
15/05/2026,16:00,   -1.7,0
15/05/2026,17:00,   -2.0,0
15/05/2026,18:00,   -2.2,0
15/05/2026,19:00,   -2.2,0
15/05/2026,20:00,   -2.6,0
15/05/2026,21:00,   -2.4,0
15/05/2026,22:00,   -2.5,0
15/05/2026,23:00,   -2.6,0
16/05/2026,00:00,   -2.6,0
16/05/2026,01:00,   -2.6,0
16/05/2026,02:00,   -1.5,0
16/05/2026,03:00,   -1.1,0
16/05/2026,04:00,   -1.1,0
16/05/2026,05:00,   -0.9,0
16/05/2026,06:00,   -1.2,0
16/05/2026,07:00,   -0.6,0
16/05/2026,08:00,    0.5,0
16/05/2026,09:00,    1.0,0
16/05/2026,10:00,    2.2,0
16/05/2026,11:00,    2.5,0
16/05/2026,12:00,    4.7,0
16/05/2026,13:00,    4.7,0
16/05/2026,14:00,    3.9,0
16/05/2026,15:00,    3.2,0
16/05/2026,16:00,    3.0,0
16/05/2026,17:00,    3.4,0
16/05/2026,18:00,    3.4,0
16/05/2026,19:00,    3.0,0
16/05/2026,20:00,    2.5,0
16/05/2026,21:00,    2.0,0
16/05/2026,22:00,    1.9,0
16/05/2026,23:00,    1.7,0
17/05/2026,00:00,    1.6,0
17/05/2026,01:00,    1.3,0
17/05/2026,02:00,    1.2,0
17/05/2026,03:00,    0.4,0
17/05/2026,04:00,    0.4,0
17/05/2026,05:00,    0.0,0
17/05/2026,06:00,    0.4,0
17/05/2026,07:00,    2.6,0
17/05/2026,08:00,    3.1,0
17/05/2026,09:00,    4.7,0
17/05/2026,10:00,    4.6,0
17/05/2026,11:00,    4.5,0
17/05/2026,12:00,    4.8,0
17/05/2026,13:00,    5.0,0
17/05/2026,14:00,    5.1,0
17/05/2026,15:00,    4.9,0
17/05/2026,16:00,    5.3,0
17/05/2026,17:00,    5.1,0
17/05/2026,18:00,    4.8,0
17/05/2026,19:00,    4.0,0
17/05/2026,20:00,    3.5,0
17/05/2026,21:00,    3.4,0
17/05/2026,22:00,    3.2,0
17/05/2026,23:00,    3.1,0
18/05/2026,00:00,    2.8,0
18/05/2026,01:00,    2.5,0
18/05/2026,02:00,    2.6,0
18/05/2026,03:00,    2.8,0
18/05/2026,04:00,    2.5,0
18/05/2026,05:00,    2.0,0
18/05/2026,06:00,    2.5,0
18/05/2026,07:00,    4.1,0
18/05/2026,08:00,    4.5,0
18/05/2026,09:00,    4.9,0
18/05/2026,10:00,    5.2,0
18/05/2026,11:00,    5.7,0
18/05/2026,12:00,    5.7,0
18/05/2026,13:00,    2.8,0
18/05/2026,14:00,    2.6,0
18/05/2026,15:00,    4.1,0
18/05/2026,16:00,    4.7,0
18/05/2026,17:00,    3.0,0
18/05/2026,18:00,    2.5,0
18/05/2026,19:00,    2.4,0
18/05/2026,20:00,    2.5,0
18/05/2026,21:00,    2.3,0
18/05/2026,22:00,    1.8,0
18/05/2026,23:00,    2.3,0
19/05/2026,00:00,    2.9,0
19/05/2026,01:00,    2.8,0
19/05/2026,02:00,    2.4,0
19/05/2026,03:00,    2.3,0
19/05/2026,04:00,    2.1,0
19/05/2026,05:00,    2.3,0
19/05/2026,06:00,    2.7,0
19/05/2026,07:00,    3.8,0
19/05/2026,08:00,    5.0,0
19/05/2026,09:00,    6.1,0
19/05/2026,10:00,    7.3,0
19/05/2026,11:00,    8.1,0
19/05/2026,12:00,    7.9,0
19/05/2026,13:00,    8.0,0
19/05/2026,14:00,    7.8,0
19/05/2026,15:00,    7.9,0
19/05/2026,16:00,    7.2,0
19/05/2026,17:00,    6.8,0
19/05/2026,18:00,    5.7,0
19/05/2026,19:00,    5.6,0
19/05/2026,20:00,    5.1,0
19/05/2026,21:00,    5.2,0
19/05/2026,22:00,    4.9,0
19/05/2026,23:00,    6.7,0
20/05/2026,00:00,    7.7,0
20/05/2026,01:00,    7.9,0
20/05/2026,02:00,    7.8,0
20/05/2026,03:00,    7.1,0
20/05/2026,04:00,    7.0,0
20/05/2026,05:00,    6.5,0
20/05/2026,06:00,    7.6,0
20/05/2026,07:00,    8.2,0
20/05/2026,08:00,    8.7,0
20/05/2026,09:00,   10.1,0
20/05/2026,10:00,   11.5,0
20/05/2026,11:00,   11.7,0
20/05/2026,12:00,   11.9,0
20/05/2026,13:00,   10.1,0
20/05/2026,14:00,   11.2,0
20/05/2026,15:00,   10.0,0
20/05/2026,16:00,   10.4,0
20/05/2026,17:00,    9.9,0
20/05/2026,18:00,    9.2,0
20/05/2026,19:00,    8.9,0
20/05/2026,20:00,    8.6,0
20/05/2026,21:00,    8.1,0
20/05/2026,22:00,    8.1,0
20/05/2026,23:00,    8.2,0
21/05/2026,00:00,    7.8,0
21/05/2026,01:00,    7.7,0
21/05/2026,02:00,    7.5,0
21/05/2026,03:00,    7.2,0
21/05/2026,04:00,    6.8,0
21/05/2026,05:00,    7.0,0
21/05/2026,06:00,    7.1,0
21/05/2026,07:00,    8.6,0
21/05/2026,08:00,   10.2,0
21/05/2026,09:00,   11.5,0
21/05/2026,10:00,   12.4,0
21/05/2026,11:00,   14.1,0
21/05/2026,12:00,   14.5,0
21/05/2026,13:00,   14.2,0
21/05/2026,14:00,   14.8,0
21/05/2026,15:00,   13.8,0
21/05/2026,16:00,   12.2,0
21/05/2026,17:00,   11.9,0
21/05/2026,18:00,   10.8,0
21/05/2026,19:00,   10.2,0
21/05/2026,20:00,   10.0,0
21/05/2026,21:00,    9.2,0
21/05/2026,22:00,    9.4,0
21/05/2026,23:00,    9.6,0
22/05/2026,00:00,    9.9,0
22/05/2026,01:00,    9.4,0
22/05/2026,02:00,    8.8,0
22/05/2026,03:00,    8.6,0
22/05/2026,04:00,    8.3,0
22/05/2026,05:00,    7.8,0
22/05/2026,06:00,    8.1,0
22/05/2026,07:00,    9.6,0
22/05/2026,08:00,   11.3,0
22/05/2026,09:00,   12.3,0
22/05/2026,10:00,   14.3,0
22/05/2026,11:00,   14.6,0
22/05/2026,12:00,   15.5,0
22/05/2026,13:00,   15.7,0
22/05/2026,14:00,   15.6,0
22/05/2026,15:00,   15.0,0
22/05/2026,16:00,   13.9,0
22/05/2026,17:00,   11.5,0
22/05/2026,18:00,   11.5,0
22/05/2026,19:00,   10.7,0
22/05/2026,20:00,   10.8,0
22/05/2026,21:00,   10.9,0
22/05/2026,22:00,    9.9,0
22/05/2026,23:00,   10.0,0
23/05/2026,00:00,    9.8,0
23/05/2026,01:00,    9.8,0
23/05/2026,02:00,    9.4,0
23/05/2026,03:00,    9.2,0
23/05/2026,04:00,    8.6,0
23/05/2026,05:00,    8.6,0
23/05/2026,06:00,    9.0,0
23/05/2026,07:00,   10.3,0
23/05/2026,08:00,   12.2,0
23/05/2026,09:00,   13.4,0
23/05/2026,10:00,   14.9,0
23/05/2026,11:00,   15.6,0
23/05/2026,12:00,   15.9,0
23/05/2026,13:00,   16.2,0
23/05/2026,14:00,   16.6,0
23/05/2026,15:00,   15.1,0
23/05/2026,16:00,   14.3,0
23/05/2026,17:00,   13.7,0
23/05/2026,18:00,   12.5,0
23/05/2026,19:00,   12.5,0
23/05/2026,20:00,   12.0,0
23/05/2026,21:00,   11.0,0
23/05/2026,22:00,   11.0,0
23/05/2026,23:00,   11.3,0
24/05/2026,00:00,   10.8,0
24/05/2026,01:00,   10.6,0
24/05/2026,02:00,   10.0,0
24/05/2026,03:00,    9.7,0
24/05/2026,04:00,    9.2,0
24/05/2026,05:00,    9.2,0
24/05/2026,06:00,    9.3,0
24/05/2026,07:00,   10.7,0
24/05/2026,08:00,   12.4,0
24/05/2026,09:00,   12.9,0
24/05/2026,10:00,   15.1,0
24/05/2026,11:00,   15.9,0
24/05/2026,12:00,   16.3,0
24/05/2026,13:00,   16.0,0
24/05/2026,14:00,   15.8,0
24/05/2026,15:00,   15.6,0
24/05/2026,16:00,   15.6,0
24/05/2026,17:00,   14.8,0
24/05/2026,18:00,   12.3,0
24/05/2026,19:00,   11.4,0
24/05/2026,20:00,   10.8,0
24/05/2026,21:00,   11.0,0
24/05/2026,22:00,   10.9,0
24/05/2026,23:00,   10.9,0
25/05/2026,00:00,   10.5,0
25/05/2026,01:00,   10.4,0
25/05/2026,02:00,   10.4,0
25/05/2026,03:00,   10.3,0
25/05/2026,04:00,   10.0,0
25/05/2026,05:00,   10.7,0
25/05/2026,06:00,   11.3,0
25/05/2026,07:00,   12.4,0
25/05/2026,08:00,   13.1,0
25/05/2026,09:00,   14.4,0
25/05/2026,10:00,   14.9,0
25/05/2026,11:00,   15.6,0
25/05/2026,12:00,   15.6,0
25/05/2026,13:00,   18.6,0
25/05/2026,14:00,   17.7,0
25/05/2026,15:00,   17.6,0
25/05/2026,16:00,   17.8,0
25/05/2026,17:00,   16.6,0
25/05/2026,18:00,   14.0,0
25/05/2026,19:00,   13.1,0
25/05/2026,20:00,   12.8,0
25/05/2026,21:00,   12.3,0
25/05/2026,22:00,   12.4,0
25/05/2026,23:00,   11.9,0
26/05/2026,00:00,   11.8,0
26/05/2026,01:00,   11.6,0
26/05/2026,02:00,   11.4,0
26/05/2026,03:00,   11.2,0
26/05/2026,04:00,   11.1,0
26/05/2026,05:00,   11.0,0
26/05/2026,06:00,   11.5,0
26/05/2026,07:00,   12.8,0
26/05/2026,08:00,   13.6,0
26/05/2026,09:00,   13.9,0
26/05/2026,10:00,       ,0
26/05/2026,11:00,       ,0
26/05/2026,12:00,       ,0
26/05/2026,13:00,       ,0
26/05/2026,14:00,       ,0
26/05/2026,15:00,       ,0
26/05/2026,16:00,       ,0
26/05/2026,17:00,       ,0
26/05/2026,18:00,       ,0
26/05/2026,19:00,       ,0
26/05/2026,20:00,       ,0
26/05/2026,21:00,       ,0
26/05/2026,22:00,       ,0
26/05/2026,23:00,       ,0
27/05/2026,00:00,       ,0
27/05/2026,01:00,       ,0
27/05/2026,02:00,       ,0
27/05/2026,03:00,       ,0
27/05/2026,04:00,       ,0
27/05/2026,05:00,       ,0
27/05/2026,06:00,       ,0
27/05/2026,07:00,       ,0
27/05/2026,08:00,       ,0
27/05/2026,09:00,       ,0
27/05/2026,10:00,       ,0
27/05/2026,11:00,       ,0
27/05/2026,12:00,       ,0
27/05/2026,13:00,       ,0
27/05/2026,14:00,       ,0
27/05/2026,15:00,       ,0
27/05/2026,16:00,       ,0
27/05/2026,17:00,       ,0
27/05/2026,18:00,       ,0
27/05/2026,19:00,       ,0
27/05/2026,20:00,       ,0
27/05/2026,21:00,       ,0
27/05/2026,22:00,       ,0
27/05/2026,23:00,       ,0
28/05/2026,00:00,       ,0
28/05/2026,01:00,       ,0
28/05/2026,02:00,       ,0
28/05/2026,03:00,       ,0
28/05/2026,04:00,       ,0
28/05/2026,05:00,       ,0
28/05/2026,06:00,       ,0
28/05/2026,07:00,       ,0
28/05/2026,08:00,       ,0
28/05/2026,09:00,       ,0
28/05/2026,10:00,       ,0
28/05/2026,11:00,   14.8,0
28/05/2026,12:00,   13.7,0
28/05/2026,13:00,   12.6,0
28/05/2026,14:00,   12.6,0
28/05/2026,15:00,   13.3,0
28/05/2026,16:00,   14.5,0
28/05/2026,17:00,   14.1,0
28/05/2026,18:00,   16.6,0
28/05/2026,19:00,   16.8,0
28/05/2026,20:00,   13.5,0
28/05/2026,21:00,   12.3,0
28/05/2026,22:00,   12.6,0
28/05/2026,23:00,   11.5,0
29/05/2026,00:00,   11.0,0
29/05/2026,01:00,    9.9,0
29/05/2026,02:00,    9.4,0
29/05/2026,03:00,   11.0,0
29/05/2026,04:00,   10.9,0
29/05/2026,05:00,   10.7,0
29/05/2026,06:00,   10.5,0
29/05/2026,07:00,   12.4,0
29/05/2026,08:00,   12.4,0
29/05/2026,09:00,   11.9,0
29/05/2026,10:00,   14.6,0
29/05/2026,11:00,   14.8,0
29/05/2026,12:00,   13.8,0
29/05/2026,13:00,   14.3,0
29/05/2026,14:00,   14.4,0
29/05/2026,15:00,   14.6,0
29/05/2026,16:00,   14.8,0
29/05/2026,17:00,   12.8,0
29/05/2026,18:00,   11.9,0
29/05/2026,19:00,   11.2,0
29/05/2026,20:00,   11.2,0
29/05/2026,21:00,   12.2,0
29/05/2026,22:00,   10.6,0
29/05/2026,23:00,   11.4,0
30/05/2026,00:00,   10.7,0
30/05/2026,01:00,   10.5,0
30/05/2026,02:00,   10.8,0
30/05/2026,03:00,   11.1,0
30/05/2026,04:00,   10.5,0
30/05/2026,05:00,   10.5,0
30/05/2026,06:00,   10.4,0
30/05/2026,07:00,   13.5,0
30/05/2026,08:00,   14.5,0
30/05/2026,09:00,   16.5,0
30/05/2026,10:00,   16.8,0
30/05/2026,11:00,   16.2,0
30/05/2026,12:00,   15.3,0
30/05/2026,13:00,   16.0,0
30/05/2026,14:00,   15.8,0
30/05/2026,15:00,   15.1,0
30/05/2026,16:00,   15.0,0
30/05/2026,17:00,   14.1,0
30/05/2026,18:00,   13.0,0
30/05/2026,19:00,   14.1,0
30/05/2026,20:00,   12.5,0
30/05/2026,21:00,   12.3,0
30/05/2026,22:00,   12.9,0
30/05/2026,23:00,   12.4,0
31/05/2026,00:00,   13.2,0
31/05/2026,01:00,   12.1,0
31/05/2026,02:00,   12.5,0
31/05/2026,03:00,   11.6,0
31/05/2026,04:00,   11.4,0
31/05/2026,05:00,   12.2,0
31/05/2026,06:00,   12.5,0
31/05/2026,07:00,   13.8,0
31/05/2026,08:00,   14.7,0
31/05/2026,09:00,   16.1,0
31/05/2026,10:00,   18.1,0
31/05/2026,11:00,   18.6,0
31/05/2026,12:00,   16.9,0
31/05/2026,13:00,   16.8,0
31/05/2026,14:00,   11.7,0
31/05/2026,15:00,   11.6,0
31/05/2026,16:00,   10.8,0
31/05/2026,17:00,   15.3,0
31/05/2026,18:00,   15.0,0
31/05/2026,19:00,   15.2,0
31/05/2026,20:00,   14.1,0
31/05/2026,21:00,   14.0,0
31/05/2026,22:00,   13.5,0
31/05/2026,23:00,   12.4,0
01/06/2026,00:00,   12.2,0
01/06/2026,01:00,   11.6,0
01/06/2026,02:00,   10.9,0
01/06/2026,03:00,   10.3,0
01/06/2026,04:00,    9.8,0
01/06/2026,05:00,   10.1,0
01/06/2026,06:00,   10.7,0
01/06/2026,07:00,   11.6,0
01/06/2026,08:00,   12.2,0
01/06/2026,09:00,   14.1,0
01/06/2026,10:00,   14.9,0
01/06/2026,11:00,   15.5,0
01/06/2026,12:00,   16.3,0
01/06/2026,13:00,   16.1,0
01/06/2026,14:00,   15.5,0
01/06/2026,15:00,   14.9,0
01/06/2026,16:00,   14.6,0
01/06/2026,17:00,   13.7,0
01/06/2026,18:00,   13.1,0
01/06/2026,19:00,   12.4,0
01/06/2026,20:00,   11.5,0
01/06/2026,21:00,   11.3,0
01/06/2026,22:00,   11.0,0
01/06/2026,23:00,   10.8,0
02/06/2026,00:00,   10.4,0
02/06/2026,01:00,   10.2,0
02/06/2026,02:00,   11.9,0
02/06/2026,03:00,   12.0,0
02/06/2026,04:00,   12.1,0
02/06/2026,05:00,   12.2,0
02/06/2026,06:00,   12.2,0
02/06/2026,07:00,   12.5,0
02/06/2026,08:00,   13.0,0
02/06/2026,09:00,   13.0,0
02/06/2026,10:00,   13.4,0
02/06/2026,11:00,   13.1,0
02/06/2026,12:00,   13.7,0
02/06/2026,13:00,   13.4,0
02/06/2026,14:00,    9.9,0
02/06/2026,15:00,   10.4,0
02/06/2026,16:00,   10.6,0
02/06/2026,17:00,   11.8,0
02/06/2026,18:00,   10.0,0
02/06/2026,19:00,   11.4,0
02/06/2026,20:00,    9.8,0
02/06/2026,21:00,    8.9,0
02/06/2026,22:00,    8.5,0
02/06/2026,23:00,    7.3,0
03/06/2026,00:00,    7.0,0
03/06/2026,01:00,    7.2,0
03/06/2026,02:00,    7.6,0
03/06/2026,03:00,    7.1,0
03/06/2026,04:00,    6.8,0
03/06/2026,05:00,    7.6,0
03/06/2026,06:00,    8.4,0
03/06/2026,07:00,   10.7,0
03/06/2026,08:00,   10.6,0
03/06/2026,09:00,   13.0,0
03/06/2026,10:00,   13.4,0
03/06/2026,11:00,   13.8,0
03/06/2026,12:00,   13.9,0
03/06/2026,13:00,   14.2,0
03/06/2026,14:00,   14.0,0
03/06/2026,15:00,   13.3,0
03/06/2026,16:00,   13.1,0
03/06/2026,17:00,   12.1,0
03/06/2026,18:00,   11.2,0
03/06/2026,19:00,   10.2,0
03/06/2026,20:00,   10.5,0
03/06/2026,21:00,   10.9,0
03/06/2026,22:00,   10.8,0
03/06/2026,23:00,   11.8,0
04/06/2026,00:00,   10.5,0
04/06/2026,01:00,    9.6,0
04/06/2026,02:00,    9.5,0
04/06/2026,03:00,    8.9,0
04/06/2026,04:00,    8.4,0
04/06/2026,05:00,    8.5,0
04/06/2026,06:00,    8.7,0
04/06/2026,07:00,    9.3,0
04/06/2026,08:00,   10.7,0
04/06/2026,09:00,   11.1,0
04/06/2026,10:00,   11.9,0
04/06/2026,11:00,   10.8,0
04/06/2026,12:00,   12.3,0
04/06/2026,13:00,   11.9,0
04/06/2026,14:00,   11.7,0
04/06/2026,15:00,   10.8,0
04/06/2026,16:00,   10.9,0
04/06/2026,17:00,   10.0,0
04/06/2026,18:00,    9.8,0
04/06/2026,19:00,    9.7,0
04/06/2026,20:00,    9.4,0
04/06/2026,21:00,   10.8,0
04/06/2026,22:00,    8.5,0
04/06/2026,23:00,    8.2,0
05/06/2026,00:00,    7.6,0
05/06/2026,01:00,    7.0,0
05/06/2026,02:00,    6.8,0
05/06/2026,03:00,    6.8,0
05/06/2026,04:00,    6.9,0
05/06/2026,05:00,    7.3,0
05/06/2026,06:00,    8.4,0
05/06/2026,07:00,    8.5,0
05/06/2026,08:00,    8.6,0
05/06/2026,09:00,    9.0,0
05/06/2026,10:00,    9.2,0
05/06/2026,11:00,    9.7,0
05/06/2026,12:00,    9.9,0
05/06/2026,13:00,   10.5,0
05/06/2026,14:00,   10.1,0
05/06/2026,15:00,    9.2,0
05/06/2026,16:00,    9.0,0
05/06/2026,17:00,    8.2,0
05/06/2026,18:00,    8.0,0
05/06/2026,19:00,    7.3,0
05/06/2026,20:00,    7.6,0
05/06/2026,21:00,    7.6,0
05/06/2026,22:00,    7.3,0
05/06/2026,23:00,    6.9,0
06/06/2026,00:00,    7.1,0
06/06/2026,01:00,    6.8,0
06/06/2026,02:00,    6.5,0
06/06/2026,03:00,    6.8,0
06/06/2026,04:00,    6.5,0
06/06/2026,05:00,    6.8,0
06/06/2026,06:00,    7.1,0
06/06/2026,07:00,    8.5,0
06/06/2026,08:00,   10.0,0
06/06/2026,09:00,   10.3,0
06/06/2026,10:00,   11.7,0
06/06/2026,11:00,   12.4,0
06/06/2026,12:00,   11.9,0
06/06/2026,13:00,   11.4,0
06/06/2026,14:00,   11.6,0
06/06/2026,15:00,   11.5,0
06/06/2026,16:00,   10.5,0
06/06/2026,17:00,   10.3,0
06/06/2026,18:00,    9.9,0
06/06/2026,19:00,    9.8,0
06/06/2026,20:00,    9.4,0
06/06/2026,21:00,    9.0,0
06/06/2026,22:00,    9.0,0
06/06/2026,23:00,   10.1,0
07/06/2026,00:00,   10.3,0
07/06/2026,01:00,    9.7,0
07/06/2026,02:00,    9.3,0
07/06/2026,03:00,    9.1,0
07/06/2026,04:00,    9.6,0
07/06/2026,05:00,   10.1,0
07/06/2026,06:00,   11.9,0
07/06/2026,07:00,   11.6,0
07/06/2026,08:00,   12.2,0
07/06/2026,09:00,   13.5,0
07/06/2026,10:00,   13.9,0
07/06/2026,11:00,   14.1,0
07/06/2026,12:00,   13.4,0
07/06/2026,13:00,   13.4,0
07/06/2026,14:00,   12.3,0
07/06/2026,15:00,   11.7,0
07/06/2026,16:00,   11.4,0
07/06/2026,17:00,   11.4,0
07/06/2026,18:00,   11.5,0
07/06/2026,19:00,   10.9,0
07/06/2026,20:00,   10.7,0
07/06/2026,21:00,   10.7,0
07/06/2026,22:00,    9.9,0
07/06/2026,23:00,   10.0,0
08/06/2026,00:00,    9.5,0
08/06/2026,01:00,    9.2,0
08/06/2026,02:00,    9.1,0
08/06/2026,03:00,    8.7,0
08/06/2026,04:00,    8.5,0
08/06/2026,05:00,    8.7,0
08/06/2026,06:00,    9.2,0
08/06/2026,07:00,   10.7,0
08/06/2026,08:00,   13.0,0
08/06/2026,09:00,   13.8,0
08/06/2026,10:00,   14.8,0
08/06/2026,11:00,   15.2,0
08/06/2026,12:00,   15.8,0
08/06/2026,13:00,   14.2,0
08/06/2026,14:00,   14.2,0
08/06/2026,15:00,   13.5,0
08/06/2026,16:00,   13.6,0
08/06/2026,17:00,   13.3,0
08/06/2026,18:00,   13.0,0
08/06/2026,19:00,   12.4,0
08/06/2026,20:00,   11.8,0
08/06/2026,21:00,   11.7,0
08/06/2026,22:00,   11.1,0
08/06/2026,23:00,   11.5,0
09/06/2026,00:00,   12.4,0
09/06/2026,01:00,   12.3,0
09/06/2026,02:00,   14.0,0
09/06/2026,03:00,   14.6,0
09/06/2026,04:00,   13.1,0
09/06/2026,05:00,   12.4,0
09/06/2026,06:00,   13.2,0
09/06/2026,07:00,   15.2,0
09/06/2026,08:00,   15.2,0
09/06/2026,09:00,   15.3,0
09/06/2026,10:00,   15.5,0
09/06/2026,11:00,   15.5,0
09/06/2026,12:00,   15.5,0
09/06/2026,13:00,   15.4,0
09/06/2026,14:00,   15.3,0
09/06/2026,15:00,   15.1,0
09/06/2026,16:00,   14.9,0
09/06/2026,17:00,   14.7,0
09/06/2026,18:00,   14.6,0
09/06/2026,19:00,   14.3,0
09/06/2026,20:00,   13.8,0
09/06/2026,21:00,   13.6,0
09/06/2026,22:00,   13.6,0
09/06/2026,23:00,   13.2,0
10/06/2026,00:00,   12.9,0
10/06/2026,01:00,   12.6,0
10/06/2026,02:00,   12.0,0
10/06/2026,03:00,   11.8,0
10/06/2026,04:00,   12.6,0
10/06/2026,05:00,   12.8,0
10/06/2026,06:00,   12.4,0
10/06/2026,07:00,   12.8,0
10/06/2026,08:00,   11.4,0
10/06/2026,09:00,   13.2,0
10/06/2026,10:00,   12.9,0
10/06/2026,11:00,   13.4,0
10/06/2026,12:00,   13.5,0
10/06/2026,13:00,   14.7,0
10/06/2026,14:00,   14.7,0
10/06/2026,15:00,   14.8,0
10/06/2026,16:00,   13.1,0
10/06/2026,17:00,   11.9,0
10/06/2026,18:00,   10.7,0
10/06/2026,19:00,   10.0,0
10/06/2026,20:00,    9.5,0
10/06/2026,21:00,    8.7,0
10/06/2026,22:00,    8.1,0
10/06/2026,23:00,    8.0,0
11/06/2026,00:00,    6.9,0
11/06/2026,01:00,    6.5,0
11/06/2026,02:00,    5.9,0
11/06/2026,03:00,    5.5,0
11/06/2026,04:00,    5.3,0
11/06/2026,05:00,    5.1,0
11/06/2026,06:00,    5.3,0
11/06/2026,07:00,    6.0,0
11/06/2026,08:00,    8.3,0
11/06/2026,09:00,    8.4,0
11/06/2026,10:00,   10.9,0
11/06/2026,11:00,   11.7,0
11/06/2026,12:00,   12.3,0
11/06/2026,13:00,   12.0,0
11/06/2026,14:00,   12.4,0
11/06/2026,15:00,   12.3,0
11/06/2026,16:00,   12.9,0
11/06/2026,17:00,   10.7,0
11/06/2026,18:00,   10.2,0
11/06/2026,19:00,    9.8,0
11/06/2026,20:00,    9.6,0
11/06/2026,21:00,    8.6,0
11/06/2026,22:00,   10.0,0
11/06/2026,23:00,   10.4,0
12/06/2026,00:00,   10.1,0
12/06/2026,01:00,    8.5,0
12/06/2026,02:00,    8.7,0
12/06/2026,03:00,    8.7,0
12/06/2026,04:00,    8.6,0
12/06/2026,05:00,    8.2,0
12/06/2026,06:00,    8.2,0
12/06/2026,07:00,   10.5,0
12/06/2026,08:00,   11.6,0
12/06/2026,09:00,   12.4,0
12/06/2026,10:00,   13.9,0
12/06/2026,11:00,   15.7,0
12/06/2026,12:00,   16.3,0
12/06/2026,13:00,   15.8,0
12/06/2026,14:00,   16.0,0
12/06/2026,15:00,   15.9,0
12/06/2026,16:00,   16.3,0
12/06/2026,17:00,   14.2,0
12/06/2026,18:00,   13.4,0
12/06/2026,19:00,   12.5,0
12/06/2026,20:00,   11.8,0
12/06/2026,21:00,   11.5,0
12/06/2026,22:00,   12.3,0
12/06/2026,23:00,   13.2,0
13/06/2026,00:00,   12.9,0
13/06/2026,01:00,   13.4,0
13/06/2026,02:00,   13.4,0
13/06/2026,03:00,   12.2,0
13/06/2026,04:00,   12.6,0
13/06/2026,05:00,   14.5,0
13/06/2026,06:00,   15.0,0
13/06/2026,07:00,   17.2,0
13/06/2026,08:00,   18.3,0
13/06/2026,09:00,   18.8,0
13/06/2026,10:00,   19.7,0
13/06/2026,11:00,   20.1,0
13/06/2026,12:00,   19.5,0
13/06/2026,13:00,   19.6,0
13/06/2026,14:00,   19.1,0
13/06/2026,15:00,   18.5,0
13/06/2026,16:00,   18.0,0
13/06/2026,17:00,   17.6,0
13/06/2026,18:00,   17.3,0
13/06/2026,19:00,   17.2,0
13/06/2026,20:00,   16.9,0
13/06/2026,21:00,   17.6,0
13/06/2026,22:00,   16.9,0
13/06/2026,23:00,   17.5,0
14/06/2026,00:00,   16.9,0
14/06/2026,01:00,   16.4,0
14/06/2026,02:00,   17.2,0
14/06/2026,03:00,   15.9,0
14/06/2026,04:00,   15.5,0
14/06/2026,05:00,   14.7,0
14/06/2026,06:00,   15.2,0
14/06/2026,07:00,   15.4,0
14/06/2026,08:00,   16.6,0
14/06/2026,09:00,   17.0,0
14/06/2026,10:00,   16.8,0
14/06/2026,11:00,   17.3,0
14/06/2026,12:00,   17.6,0
14/06/2026,13:00,   17.1,0
14/06/2026,14:00,   15.9,0
14/06/2026,15:00,   15.7,0
14/06/2026,16:00,   15.2,0
14/06/2026,17:00,   14.9,0
14/06/2026,18:00,   14.6,0
14/06/2026,19:00,   14.7,0
14/06/2026,20:00,   14.4,0
14/06/2026,21:00,   13.5,0
14/06/2026,22:00,   13.1,0
14/06/2026,23:00,   13.1,0
15/06/2026,00:00,   13.2,0
15/06/2026,01:00,   12.9,0
15/06/2026,02:00,   12.3,0
15/06/2026,03:00,   12.5,0
15/06/2026,04:00,   11.8,0
15/06/2026,05:00,   12.0,0
15/06/2026,06:00,   13.6,0
15/06/2026,07:00,   13.8,0
15/06/2026,08:00,   15.3,0
15/06/2026,09:00,   14.8,0
15/06/2026,10:00,   14.8,0
15/06/2026,11:00,   15.3,0
15/06/2026,12:00,   14.7,0
15/06/2026,13:00,   14.3,0
15/06/2026,14:00,   13.7,0
15/06/2026,15:00,   13.6,0
15/06/2026,16:00,   13.7,0
15/06/2026,17:00,   13.8,0
15/06/2026,18:00,   13.2,0
15/06/2026,19:00,   13.2,0
15/06/2026,20:00,   12.8,0
15/06/2026,21:00,   12.3,0
15/06/2026,22:00,   12.1,0
15/06/2026,23:00,   12.0,0
16/06/2026,00:00,   11.5,0
16/06/2026,01:00,   11.4,0
16/06/2026,02:00,   11.2,0
16/06/2026,03:00,   11.3,0
16/06/2026,04:00,   11.3,0
16/06/2026,05:00,   11.2,0
16/06/2026,06:00,   12.3,0
16/06/2026,07:00,   13.1,0
16/06/2026,08:00,   14.5,0
16/06/2026,09:00,   15.5,0
16/06/2026,10:00,   15.6,0
16/06/2026,11:00,   15.8,0
16/06/2026,12:00,   16.1,0
16/06/2026,13:00,   15.9,0
16/06/2026,14:00,   15.5,0
16/06/2026,15:00,   14.7,0
16/06/2026,16:00,   14.7,0
16/06/2026,17:00,   15.2,0
16/06/2026,18:00,   14.3,0
16/06/2026,19:00,   13.1,0
16/06/2026,20:00,   13.5,0
16/06/2026,21:00,   13.4,0
16/06/2026,22:00,   14.0,0
16/06/2026,23:00,   13.2,0
17/06/2026,00:00,   13.6,0
17/06/2026,01:00,   13.3,0
17/06/2026,02:00,   13.3,0
17/06/2026,03:00,   13.6,0
17/06/2026,04:00,   13.3,0
17/06/2026,05:00,   13.4,0
17/06/2026,06:00,   13.7,0
17/06/2026,07:00,   15.6,0
17/06/2026,08:00,   16.0,0
17/06/2026,09:00,   18.7,0
17/06/2026,10:00,   17.8,0
17/06/2026,11:00,   18.5,0
17/06/2026,12:00,   17.7,0
17/06/2026,13:00,   17.3,0
17/06/2026,14:00,   17.6,0
17/06/2026,15:00,   17.6,0
17/06/2026,16:00,   16.0,0
17/06/2026,17:00,   16.2,0
17/06/2026,18:00,   15.3,0
17/06/2026,19:00,   14.9,0
17/06/2026,20:00,   14.3,0
17/06/2026,21:00,   14.0,0
17/06/2026,22:00,   14.9,0
17/06/2026,23:00,   15.0,0
18/06/2026,00:00,   15.3,0
18/06/2026,01:00,   15.1,0
18/06/2026,02:00,   14.9,0
18/06/2026,03:00,   14.3,0
18/06/2026,04:00,   14.2,0
18/06/2026,05:00,   13.8,0
18/06/2026,06:00,   14.5,0
18/06/2026,07:00,   15.7,0
18/06/2026,08:00,   17.2,0
18/06/2026,09:00,   18.3,0
18/06/2026,10:00,   19.4,0
18/06/2026,11:00,   17.3,0
18/06/2026,12:00,   18.5,0
18/06/2026,13:00,   17.3,0
18/06/2026,14:00,   12.3,*
18/06/2026,15:00,   14.5,0
18/06/2026,16:00,   15.3,0
18/06/2026,17:00,   15.0,0
18/06/2026,18:00,   14.5,0
18/06/2026,19:00,   14.0,0
18/06/2026,20:00,   14.1,0
18/06/2026,21:00,   14.5,0
18/06/2026,22:00,   14.9,0
18/06/2026,23:00,   14.6,0
19/06/2026,00:00,   13.4,0
19/06/2026,01:00,   13.6,0
19/06/2026,02:00,   13.0,0
19/06/2026,03:00,   13.2,0
19/06/2026,04:00,   12.6,0
19/06/2026,05:00,   12.6,0
19/06/2026,06:00,   13.2,0
19/06/2026,07:00,   13.4,0
19/06/2026,08:00,   14.0,0
19/06/2026,09:00,   15.2,0
19/06/2026,10:00,   17.0,0
19/06/2026,11:00,   16.1,0
19/06/2026,12:00,   17.1,0
19/06/2026,13:00,   17.6,0
19/06/2026,14:00,   17.8,0
19/06/2026,15:00,   18.0,0
19/06/2026,16:00,   17.8,0
19/06/2026,17:00,   17.2,0
19/06/2026,18:00,   16.8,0
19/06/2026,19:00,   16.5,0
19/06/2026,20:00,   16.4,0
19/06/2026,21:00,   14.6,0
19/06/2026,22:00,   15.0,0
19/06/2026,23:00,   14.0,0
20/06/2026,00:00,   14.2,0
20/06/2026,01:00,   13.6,0
20/06/2026,02:00,   14.0,0
20/06/2026,03:00,   13.2,0
20/06/2026,04:00,   12.8,0
20/06/2026,05:00,   13.1,0
20/06/2026,06:00,   13.5,0
20/06/2026,07:00,   14.9,0
20/06/2026,08:00,   16.7,0
20/06/2026,09:00,   18.3,0
20/06/2026,10:00,   19.3,0
20/06/2026,11:00,   19.3,0
20/06/2026,12:00,       ,0
20/06/2026,13:00,   19.9,0
20/06/2026,14:00,   18.5,0
20/06/2026,15:00,   19.9,0
20/06/2026,16:00,   19.9,0
20/06/2026,17:00,   17.5,0
20/06/2026,18:00,   17.1,0
20/06/2026,19:00,   16.7,0
20/06/2026,20:00,   16.3,0
20/06/2026,21:00,   15.6,0
20/06/2026,22:00,   15.1,0
20/06/2026,23:00,   16.0,0
21/06/2026,00:00,   16.0,0
21/06/2026,01:00,   15.2,0
21/06/2026,02:00,   15.7,0
21/06/2026,03:00,   15.6,0
21/06/2026,04:00,   15.5,0
21/06/2026,05:00,   14.7,0
21/06/2026,06:00,   14.7,0
21/06/2026,07:00,   16.4,0
21/06/2026,08:00,   16.9,0
21/06/2026,09:00,   19.8,0
21/06/2026,10:00,   20.6,0
21/06/2026,11:00,   22.4,0
21/06/2026,12:00,   21.2,0
21/06/2026,13:00,   19.8,0
21/06/2026,14:00,   18.1,0
21/06/2026,15:00,   19.0,0
21/06/2026,16:00,   19.6,0
21/06/2026,17:00,   18.7,0
21/06/2026,18:00,   17.6,0
21/06/2026,19:00,   17.3,0
21/06/2026,20:00,   18.0,0
21/06/2026,21:00,   17.0,0
21/06/2026,22:00,   16.8,0
21/06/2026,23:00,   16.4,0
22/06/2026,00:00,   16.9,0
22/06/2026,01:00,   16.6,0
22/06/2026,02:00,   15.8,0
22/06/2026,03:00,   16.8,0
22/06/2026,04:00,   16.8,0
22/06/2026,05:00,   16.6,0
22/06/2026,06:00,   16.6,0
22/06/2026,07:00,   18.1,0
22/06/2026,08:00,   18.2,0
22/06/2026,09:00,   18.7,0
22/06/2026,10:00,   20.2,0
22/06/2026,11:00,   21.1,0
22/06/2026,12:00,   20.4,0
22/06/2026,13:00,   20.1,0
22/06/2026,14:00,   19.9,0
22/06/2026,15:00,   19.3,0
22/06/2026,16:00,   20.1,0
22/06/2026,17:00,   18.5,0
22/06/2026,18:00,   18.0,0
22/06/2026,19:00,   16.9,0
22/06/2026,20:00,   16.4,0
22/06/2026,21:00,   16.3,0
22/06/2026,22:00,   16.3,0
22/06/2026,23:00,   16.1,0
23/06/2026,00:00,   15.5,0
23/06/2026,01:00,   16.1,0
23/06/2026,02:00,   14.9,0
23/06/2026,03:00,   14.8,0
23/06/2026,04:00,   14.7,0
23/06/2026,05:00,   15.4,0
23/06/2026,06:00,   15.6,0
23/06/2026,07:00,   17.0,0
23/06/2026,08:00,   17.6,0
23/06/2026,09:00,   18.3,0
23/06/2026,10:00,   20.4,0
23/06/2026,11:00,   20.9,0
23/06/2026,12:00,   21.8,0
23/06/2026,13:00,   19.1,0
23/06/2026,14:00,   18.7,0
23/06/2026,15:00,   17.6,0
23/06/2026,16:00,   18.0,0
23/06/2026,17:00,   18.8,0
23/06/2026,18:00,   17.9,0
23/06/2026,19:00,   17.5,0
23/06/2026,20:00,   17.0,0
23/06/2026,21:00,   16.3,0
23/06/2026,22:00,   16.7,0
23/06/2026,23:00,   16.6,0
24/06/2026,00:00,   16.3,0
24/06/2026,01:00,   15.8,0
24/06/2026,02:00,   15.5,0
24/06/2026,03:00,   15.3,0
24/06/2026,04:00,   15.5,0
24/06/2026,05:00,   15.6,0
24/06/2026,06:00,   15.3,0
24/06/2026,07:00,   16.6,0
24/06/2026,08:00,   17.8,0
24/06/2026,09:00,   17.1,0
24/06/2026,10:00,   18.7,0
24/06/2026,11:00,   12.8,0
24/06/2026,12:00,   17.1,0
24/06/2026,13:00,   17.4,0
24/06/2026,14:00,   17.8,0
24/06/2026,15:00,   17.0,0
24/06/2026,16:00,   16.7,0
24/06/2026,17:00,   17.1,0
24/06/2026,18:00,   16.0,0
24/06/2026,19:00,   15.3,0
24/06/2026,20:00,   15.8,0
24/06/2026,21:00,   15.1,0
24/06/2026,22:00,   14.9,0
24/06/2026,23:00,   15.5,0
25/06/2026,00:00,   14.5,0
25/06/2026,01:00,   14.9,0
25/06/2026,02:00,   14.7,0
25/06/2026,03:00,   14.4,0
25/06/2026,04:00,   14.9,0
25/06/2026,05:00,   13.9,0
25/06/2026,06:00,   14.5,0
25/06/2026,07:00,   15.6,0
25/06/2026,08:00,   17.2,0
25/06/2026,09:00,   18.8,0
25/06/2026,10:00,   19.7,0
25/06/2026,11:00,   18.8,0
25/06/2026,12:00,   19.2,0
25/06/2026,13:00,   19.8,0
25/06/2026,14:00,   17.3,0
25/06/2026,15:00,   18.0,0
25/06/2026,16:00,   16.9,0
25/06/2026,17:00,   18.5,0
25/06/2026,18:00,   18.3,0
25/06/2026,19:00,   17.3,0
25/06/2026,20:00,   16.8,0
25/06/2026,21:00,   15.4,0
25/06/2026,22:00,   15.0,0
25/06/2026,23:00,   15.0,0
26/06/2026,00:00,   15.3,0
26/06/2026,01:00,   15.2,0
26/06/2026,02:00,   14.5,0
26/06/2026,03:00,   14.6,0
26/06/2026,04:00,   14.9,0
26/06/2026,05:00,   15.2,0
26/06/2026,06:00,   15.1,0
26/06/2026,07:00,   16.9,0
26/06/2026,08:00,   18.5,0
26/06/2026,09:00,   17.8,0
26/06/2026,10:00,   20.2,0
26/06/2026,11:00,   18.3,0
26/06/2026,12:00,   18.5,0
26/06/2026,13:00,   18.7,0
26/06/2026,14:00,   18.1,0
26/06/2026,15:00,   16.7,0
26/06/2026,16:00,   17.3,0
26/06/2026,17:00,   17.3,0
26/06/2026,18:00,   17.3,0
26/06/2026,19:00,   17.3,0
26/06/2026,20:00,   16.3,0
26/06/2026,21:00,   16.3,0
26/06/2026,22:00,   15.9,0
26/06/2026,23:00,   16.4,0
27/06/2026,00:00,   15.2,0
27/06/2026,01:00,   15.8,0
27/06/2026,02:00,   14.9,0
27/06/2026,03:00,   14.7,0
27/06/2026,04:00,   14.9,0
27/06/2026,05:00,   15.3,0
27/06/2026,06:00,   15.4,0
27/06/2026,07:00,   16.1,0
27/06/2026,08:00,   18.8,0
27/06/2026,09:00,   19.6,0
27/06/2026,10:00,   18.8,0
27/06/2026,11:00,   20.8,0
27/06/2026,12:00,   21.6,0
27/06/2026,13:00,   18.7,*
27/06/2026,14:00,   15.3,0
27/06/2026,15:00,   18.7,0
27/06/2026,16:00,   18.5,0
27/06/2026,17:00,   19.2,0
27/06/2026,18:00,   18.1,0
27/06/2026,19:00,   17.7,0
27/06/2026,20:00,   17.2,0
27/06/2026,21:00,   17.0,0
27/06/2026,22:00,   16.2,0
27/06/2026,23:00,   16.7,0
28/06/2026,00:00,   16.0,0
28/06/2026,01:00,   16.1,0
28/06/2026,02:00,   15.3,0
28/06/2026,03:00,   15.6,0
28/06/2026,04:00,   15.9,0
28/06/2026,05:00,   15.7,0
28/06/2026,06:00,   16.4,0
28/06/2026,07:00,   18.5,0
28/06/2026,08:00,   19.0,0
28/06/2026,09:00,   20.0,0
28/06/2026,10:00,   20.9,0
28/06/2026,11:00,   20.5,0
28/06/2026,12:00,   21.3,0
28/06/2026,13:00,   19.7,0
28/06/2026,14:00,   18.4,0
28/06/2026,15:00,   19.9,0
28/06/2026,16:00,   19.8,0
28/06/2026,17:00,   19.3,0
28/06/2026,18:00,   18.9,0
28/06/2026,19:00,   17.5,0
28/06/2026,20:00,   13.3,0
28/06/2026,21:00,   14.8,0
28/06/2026,22:00,   15.7,0
28/06/2026,23:00,   16.0,0
29/06/2026,00:00,   16.1,0
29/06/2026,01:00,   17.4,0
29/06/2026,02:00,   16.1,0
29/06/2026,03:00,   16.8,0
29/06/2026,04:00,   16.1,0
29/06/2026,05:00,   14.9,0
29/06/2026,06:00,   16.4,0
29/06/2026,07:00,   17.6,0
29/06/2026,08:00,   18.0,0
29/06/2026,09:00,   19.7,0
29/06/2026,10:00,   20.9,0
29/06/2026,11:00,   21.3,0
29/06/2026,12:00,   18.8,0
29/06/2026,13:00,   18.2,0
29/06/2026,14:00,   17.2,0
29/06/2026,15:00,   16.8,0
29/06/2026,16:00,   17.6,0
29/06/2026,17:00,   17.3,0
29/06/2026,18:00,   17.4,0
29/06/2026,19:00,   16.5,0
29/06/2026,20:00,   16.4,0
29/06/2026,21:00,   15.4,0
29/06/2026,22:00,   14.4,0
29/06/2026,23:00,   13.7,0
30/06/2026,00:00,   13.7,0
30/06/2026,01:00,   14.4,0
30/06/2026,02:00,   17.3,0
30/06/2026,03:00,   17.2,0
30/06/2026,04:00,   15.8,0
30/06/2026,05:00,   13.9,0
30/06/2026,06:00,   14.3,0
30/06/2026,07:00,   15.0,0
30/06/2026,08:00,   17.1,0
30/06/2026,09:00,   18.5,0
30/06/2026,10:00,   17.2,0
30/06/2026,11:00,   17.6,0
30/06/2026,12:00,   16.0,0
30/06/2026,13:00,   13.6,0
30/06/2026,14:00,   13.6,0
30/06/2026,15:00,   15.6,0
30/06/2026,16:00,   15.7,0
30/06/2026,17:00,   15.2,0
30/06/2026,18:00,   15.7,0
30/06/2026,19:00,   16.9,0
30/06/2026,20:00,   15.3,0
30/06/2026,21:00,   14.8,0
30/06/2026,22:00,   14.8,0
30/06/2026,23:00,   14.2,0
01/07/2026,00:00,   14.4,0
01/07/2026,01:00,   14.0,0
01/07/2026,02:00,   13.6,0
01/07/2026,03:00,   13.9,0
01/07/2026,04:00,   13.7,0
01/07/2026,05:00,   13.5,0
01/07/2026,06:00,   14.8,0
01/07/2026,07:00,   15.8,0
01/07/2026,08:00,   17.8,0
01/07/2026,09:00,   17.5,0
01/07/2026,10:00,   18.2,0
01/07/2026,11:00,   16.9,0
01/07/2026,12:00,   16.0,0
01/07/2026,13:00,   15.8,0
01/07/2026,14:00,   15.1,0
01/07/2026,15:00,   15.1,0
01/07/2026,16:00,   10.3,0
01/07/2026,17:00,   11.0,0
01/07/2026,18:00,   11.4,0
01/07/2026,19:00,   11.0,0
01/07/2026,20:00,   11.0,0
01/07/2026,21:00,   11.1,0
01/07/2026,22:00,   11.0,0
01/07/2026,23:00,   10.5,0
02/07/2026,00:00,   10.6,0
02/07/2026,01:00,   10.1,0
02/07/2026,02:00,   10.0,0
02/07/2026,03:00,    9.8,0
02/07/2026,04:00,   10.1,0
02/07/2026,05:00,    9.7,0
02/07/2026,06:00,   10.5,0
02/07/2026,07:00,   11.3,0
02/07/2026,08:00,   11.4,0
02/07/2026,09:00,   12.1,0
02/07/2026,10:00,   12.7,0
02/07/2026,11:00,   13.0,0
02/07/2026,12:00,   14.1,0
02/07/2026,13:00,   15.3,0
02/07/2026,14:00,   15.3,0
02/07/2026,15:00,   15.4,0
02/07/2026,16:00,   15.5,0
02/07/2026,17:00,   15.3,0
02/07/2026,18:00,   14.6,0
02/07/2026,19:00,   14.0,0
02/07/2026,20:00,   13.1,0
02/07/2026,21:00,   13.3,0
02/07/2026,22:00,   13.6,0
02/07/2026,23:00,   13.1,0
03/07/2026,00:00,   13.1,0
03/07/2026,01:00,   13.0,0
03/07/2026,02:00,   12.7,0
03/07/2026,03:00,   13.0,0
03/07/2026,04:00,   11.8,0
03/07/2026,05:00,   12.0,0
03/07/2026,06:00,   12.3,0
03/07/2026,07:00,   13.7,0
03/07/2026,08:00,   13.3,0
03/07/2026,09:00,   14.6,0
03/07/2026,10:00,   16.0,0
03/07/2026,11:00,   16.3,0
03/07/2026,12:00,   17.3,0
03/07/2026,13:00,   17.7,0
03/07/2026,14:00,   18.0,0
03/07/2026,15:00,   17.3,0
03/07/2026,16:00,   16.8,0
03/07/2026,17:00,   16.5,0
03/07/2026,18:00,   16.2,0
03/07/2026,19:00,   15.4,0
03/07/2026,20:00,   14.9,0
03/07/2026,21:00,   13.9,0
03/07/2026,22:00,   13.6,0
03/07/2026,23:00,   14.1,0
04/07/2026,00:00,   14.6,0
04/07/2026,01:00,   14.6,0
04/07/2026,02:00,   13.6,0
04/07/2026,03:00,   13.1,0
04/07/2026,04:00,   13.0,0
04/07/2026,05:00,   12.7,0
04/07/2026,06:00,   13.0,0
04/07/2026,07:00,   15.8,0
04/07/2026,08:00,   16.7,0
04/07/2026,09:00,   16.8,0
04/07/2026,10:00,   17.9,0
04/07/2026,11:00,   18.4,0
04/07/2026,12:00,   17.5,0
04/07/2026,13:00,   17.0,0
04/07/2026,14:00,   16.6,0
04/07/2026,15:00,   17.0,0
04/07/2026,16:00,   16.4,0
04/07/2026,17:00,   16.9,0
04/07/2026,18:00,   17.1,0
04/07/2026,19:00,   16.2,0
04/07/2026,20:00,   15.4,0
04/07/2026,21:00,   14.9,0
04/07/2026,22:00,   15.0,0
04/07/2026,23:00,   15.3,0
05/07/2026,00:00,   15.7,0
05/07/2026,01:00,   14.8,0
05/07/2026,02:00,   14.1,0
05/07/2026,03:00,   13.7,0
05/07/2026,04:00,   13.0,0
05/07/2026,05:00,   12.8,0
05/07/2026,06:00,   13.5,0
05/07/2026,07:00,   14.6,0
05/07/2026,08:00,   15.7,0
05/07/2026,09:00,   17.2,0
05/07/2026,10:00,   18.2,0
05/07/2026,11:00,   19.2,0
05/07/2026,12:00,   18.9,0
05/07/2026,13:00,   17.9,0
05/07/2026,14:00,   18.4,0
05/07/2026,15:00,   17.2,0
05/07/2026,16:00,   17.8,0
05/07/2026,17:00,   16.6,0
05/07/2026,18:00,   16.5,0
05/07/2026,19:00,   16.5,0
05/07/2026,20:00,   15.8,0
05/07/2026,21:00,   15.2,0
05/07/2026,22:00,   15.1,0
05/07/2026,23:00,   15.2,0
06/07/2026,00:00,   14.2,0
06/07/2026,01:00,   14.2,0
06/07/2026,02:00,   13.8,0
06/07/2026,03:00,   13.8,0
06/07/2026,04:00,   13.6,0
06/07/2026,05:00,   13.6,0
06/07/2026,06:00,   14.1,0
06/07/2026,07:00,   14.6,0
06/07/2026,08:00,   16.8,0
06/07/2026,09:00,   17.1,0
06/07/2026,10:00,   17.4,0
06/07/2026,11:00,   18.2,0
06/07/2026,12:00,   18.9,0
06/07/2026,13:00,   18.3,0
06/07/2026,14:00,   17.3,0
06/07/2026,15:00,   17.6,0
06/07/2026,16:00,   17.8,0
06/07/2026,17:00,   17.6,0
06/07/2026,18:00,   17.0,0
06/07/2026,19:00,   15.9,0
06/07/2026,20:00,   15.2,0
06/07/2026,21:00,   15.0,0
06/07/2026,22:00,   14.0,0
06/07/2026,23:00,   13.6,0
07/07/2026,00:00,   13.7,0
07/07/2026,01:00,   14.0,0
07/07/2026,02:00,   13.8,0
07/07/2026,03:00,   13.3,0
07/07/2026,04:00,   13.7,0
07/07/2026,05:00,   13.3,0
07/07/2026,06:00,   13.7,0
07/07/2026,07:00,   16.1,0
07/07/2026,08:00,   16.7,0
07/07/2026,09:00,   18.0,0
07/07/2026,10:00,   18.5,0
07/07/2026,11:00,   19.0,0
07/07/2026,12:00,   19.7,0
07/07/2026,13:00,   19.4,0
07/07/2026,14:00,   19.5,0
07/07/2026,15:00,   18.4,0
07/07/2026,16:00,   19.0,0
07/07/2026,17:00,   18.0,0
07/07/2026,18:00,   17.5,0
07/07/2026,19:00,   16.8,0
07/07/2026,20:00,   16.1,0
07/07/2026,21:00,   15.9,0
07/07/2026,22:00,   16.9,0
07/07/2026,23:00,   17.4,0
08/07/2026,00:00,   16.9,0
08/07/2026,01:00,   16.0,0
08/07/2026,02:00,   16.1,0
08/07/2026,03:00,   15.8,0
08/07/2026,04:00,   15.9,0
08/07/2026,05:00,   15.4,0
08/07/2026,06:00,   15.8,0
08/07/2026,07:00,   17.5,0
08/07/2026,08:00,   19.4,0
08/07/2026,09:00,   19.8,0
08/07/2026,10:00,   20.7,0
08/07/2026,11:00,   21.1,0
08/07/2026,12:00,   22.9,0
08/07/2026,13:00,   21.3,0
08/07/2026,14:00,   22.0,0
08/07/2026,15:00,   21.6,0
08/07/2026,16:00,   22.4,0
08/07/2026,17:00,   21.0,0
08/07/2026,18:00,   20.0,0
08/07/2026,19:00,   18.4,0
08/07/2026,20:00,   18.2,0
08/07/2026,21:00,   17.3,0
08/07/2026,22:00,   17.6,0
08/07/2026,23:00,   16.7,0
09/07/2026,00:00,   16.5,0
09/07/2026,01:00,   16.2,0
09/07/2026,02:00,   16.2,0
09/07/2026,03:00,   15.3,0
09/07/2026,04:00,   15.1,0
09/07/2026,05:00,   14.1,0
09/07/2026,06:00,   15.9,0
09/07/2026,07:00,   15.6,0
09/07/2026,08:00,   16.5,0
09/07/2026,09:00,   17.1,0
09/07/2026,10:00,   18.4,0
09/07/2026,11:00,   19.7,0
09/07/2026,12:00,   20.5,0
09/07/2026,13:00,   18.9,0
09/07/2026,14:00,   18.6,0
09/07/2026,15:00,   18.8,0
09/07/2026,16:00,   18.4,0
09/07/2026,17:00,   17.9,0
09/07/2026,18:00,   17.9,0
09/07/2026,19:00,   16.6,0
09/07/2026,20:00,   16.1,0
09/07/2026,21:00,   17.1,0
09/07/2026,22:00,   16.2,0
09/07/2026,23:00,   16.2,0
10/07/2026,00:00,   15.6,0
10/07/2026,01:00,   15.2,0
10/07/2026,02:00,   14.9,0
10/07/2026,03:00,   15.0,0
10/07/2026,04:00,   14.9,0
10/07/2026,05:00,   14.8,0
10/07/2026,06:00,   14.7,0
10/07/2026,07:00,   15.8,0
10/07/2026,08:00,   17.1,0
10/07/2026,09:00,   17.9,0
10/07/2026,10:00,   18.6,0
10/07/2026,11:00,   19.9,0
10/07/2026,12:00,   20.1,0
10/07/2026,13:00,   18.5,0
10/07/2026,14:00,   14.9,0
10/07/2026,15:00,   14.4,0
10/07/2026,16:00,   15.5,0
10/07/2026,17:00,   16.2,0
10/07/2026,18:00,   16.7,0
10/07/2026,19:00,   15.8,0
10/07/2026,20:00,   16.4,0
10/07/2026,21:00,   15.3,0
10/07/2026,22:00,   15.2,0
10/07/2026,23:00,   15.2,0
11/07/2026,00:00,   15.2,0
11/07/2026,01:00,   14.9,0
11/07/2026,02:00,   15.4,0
11/07/2026,03:00,   14.8,0
11/07/2026,04:00,   14.4,0
11/07/2026,05:00,   14.5,0
11/07/2026,06:00,   15.0,0
11/07/2026,07:00,   16.3,0
11/07/2026,08:00,   17.4,0
11/07/2026,09:00,   19.0,0
11/07/2026,10:00,   18.8,0
11/07/2026,11:00,   19.6,0
11/07/2026,12:00,   19.1,0
11/07/2026,13:00,   17.8,0
11/07/2026,14:00,    9.9,*
11/07/2026,15:00,   13.2,0
11/07/2026,16:00,   13.0,0
11/07/2026,17:00,   14.2,0
11/07/2026,18:00,   14.4,0
11/07/2026,19:00,   15.0,0
11/07/2026,20:00,   16.2,0
11/07/2026,21:00,   16.0,0
11/07/2026,22:00,   14.2,0
11/07/2026,23:00,   14.1,0
12/07/2026,00:00,   14.1,0
12/07/2026,01:00,   13.1,0
12/07/2026,02:00,   13.4,0
12/07/2026,03:00,   13.2,0
12/07/2026,04:00,   13.5,0
12/07/2026,05:00,   13.3,0
12/07/2026,06:00,   13.3,0
12/07/2026,07:00,   14.8,0
12/07/2026,08:00,   16.5,0
12/07/2026,09:00,   17.1,0
12/07/2026,10:00,   18.1,0
12/07/2026,11:00,   19.5,0
12/07/2026,12:00,   19.9,0
12/07/2026,13:00,   20.0,0
12/07/2026,14:00,   19.9,0
12/07/2026,15:00,   18.8,0
12/07/2026,16:00,   20.3,0
12/07/2026,17:00,   18.9,0
12/07/2026,18:00,   18.0,0
12/07/2026,19:00,   17.4,0
12/07/2026,20:00,   16.9,0
12/07/2026,21:00,   16.0,0
12/07/2026,22:00,   15.2,0
12/07/2026,23:00,   15.0,0
13/07/2026,00:00,   15.3,0
13/07/2026,01:00,   15.1,0
13/07/2026,02:00,   14.6,0
13/07/2026,03:00,   14.3,0
13/07/2026,04:00,   14.5,0
13/07/2026,05:00,   14.5,0
13/07/2026,06:00,   14.1,0
13/07/2026,07:00,   18.3,*
13/07/2026,08:00,   18.7,0
13/07/2026,09:00,   16.5,0
13/07/2026,10:00,   19.8,0
13/07/2026,11:00,   19.4,0
13/07/2026,12:00,   18.4,0
13/07/2026,13:00,   19.4,0
13/07/2026,14:00,   18.7,0
13/07/2026,15:00,   19.0,0
13/07/2026,16:00,   20.6,0
13/07/2026,17:00,   17.4,0
13/07/2026,18:00,   16.5,0
13/07/2026,19:00,   20.3,0
13/07/2026,20:00,   18.5,0
13/07/2026,21:00,   20.0,0
13/07/2026,22:00,   20.2,0
13/07/2026,23:00,   19.0,0
14/07/2026,00:00,   19.2,0
14/07/2026,01:00,   18.7,0
14/07/2026,02:00,   16.3,0
14/07/2026,03:00,   13.6,0
14/07/2026,04:00,   13.6,0
14/07/2026,05:00,   13.6,0
14/07/2026,06:00,   14.5,0
14/07/2026,07:00,   15.4,0
14/07/2026,08:00,   16.0,0
14/07/2026,09:00,   17.4,0
14/07/2026,10:00,   18.7,0
14/07/2026,11:00,   19.8,0
14/07/2026,12:00,   20.5,0
14/07/2026,13:00,   20.1,0
14/07/2026,14:00,   20.6,0
14/07/2026,15:00,   21.0,0
14/07/2026,16:00,   21.9,0
14/07/2026,17:00,   21.7,0
14/07/2026,18:00,   20.2,0
14/07/2026,19:00,   21.3,0
14/07/2026,20:00,   20.0,0
14/07/2026,21:00,   20.0,0
14/07/2026,22:00,   19.0,0
14/07/2026,23:00,   19.3,0
15/07/2026,00:00,   17.3,0
15/07/2026,01:00,   17.3,0
15/07/2026,02:00,   16.4,0
15/07/2026,03:00,   17.4,0
15/07/2026,04:00,   18.0,0
15/07/2026,05:00,   18.0,0
15/07/2026,06:00,   19.3,0
15/07/2026,07:00,   21.5,0
15/07/2026,08:00,   21.1,0
15/07/2026,09:00,   21.4,0
15/07/2026,10:00,   21.6,0
15/07/2026,11:00,   20.8,0
15/07/2026,12:00,   21.2,0
15/07/2026,13:00,   21.0,0
15/07/2026,14:00,   21.2,0
15/07/2026,15:00,   21.2,0
15/07/2026,16:00,   17.1,*
15/07/2026,17:00,   16.3,0
15/07/2026,18:00,   15.1,0
15/07/2026,19:00,   18.5,0
15/07/2026,20:00,   20.4,0
15/07/2026,21:00,   20.4,0
15/07/2026,22:00,   18.4,0
15/07/2026,23:00,   12.8,*
16/07/2026,00:00,   17.7,0
16/07/2026,01:00,   18.2,0
16/07/2026,02:00,   17.8,0
16/07/2026,03:00,   18.7,0
16/07/2026,04:00,   18.6,0
16/07/2026,05:00,   19.9,0
16/07/2026,06:00,   19.7,0
16/07/2026,07:00,   19.9,0
16/07/2026,08:00,   20.4,0
16/07/2026,09:00,   21.2,0
16/07/2026,10:00,   21.8,0
16/07/2026,11:00,   21.8,0
16/07/2026,12:00,   22.4,0
16/07/2026,13:00,   22.1,0
16/07/2026,14:00,   20.9,0
16/07/2026,15:00,   20.7,0
16/07/2026,16:00,   19.9,0
16/07/2026,17:00,   19.4,0
16/07/2026,18:00,   19.8,0
16/07/2026,19:00,   20.0,0
16/07/2026,20:00,   20.5,0
16/07/2026,21:00,   20.8,0
16/07/2026,22:00,   20.3,0
16/07/2026,23:00,   19.7,0
17/07/2026,00:00,   19.4,0
17/07/2026,01:00,   18.7,0
17/07/2026,02:00,   17.9,0
17/07/2026,03:00,   18.5,0
17/07/2026,04:00,   19.0,0
17/07/2026,05:00,   17.5,0
17/07/2026,06:00,   20.2,0
17/07/2026,07:00,   15.8,0
17/07/2026,08:00,   15.3,0
17/07/2026,09:00,   14.8,0
17/07/2026,10:00,   20.3,*
17/07/2026,11:00,   20.3,0
17/07/2026,12:00,   20.4,0
17/07/2026,13:00,   20.8,0
17/07/2026,14:00,   20.8,0
17/07/2026,15:00,   20.4,0
17/07/2026,16:00,   20.3,0
17/07/2026,17:00,   20.1,0
17/07/2026,18:00,   19.5,0
17/07/2026,19:00,   19.3,0
17/07/2026,20:00,   19.0,0
17/07/2026,21:00,   17.9,0
17/07/2026,22:00,   17.8,0
17/07/2026,23:00,   17.0,0
18/07/2026,00:00,   16.8,0
18/07/2026,01:00,   17.4,0
18/07/2026,02:00,   16.1,0
18/07/2026,03:00,   16.5,0
18/07/2026,04:00,   16.7,0
18/07/2026,05:00,   16.5,0
18/07/2026,06:00,   17.4,0
18/07/2026,07:00,   18.1,0
18/07/2026,08:00,   18.6,0
18/07/2026,09:00,   19.0,0
18/07/2026,10:00,   19.5,0
18/07/2026,11:00,   20.0,0
18/07/2026,12:00,   21.0,0
18/07/2026,13:00,   21.1,0
18/07/2026,14:00,   21.8,0
18/07/2026,15:00,   21.9,0
18/07/2026,16:00,   21.6,0
18/07/2026,17:00,   20.9,0
18/07/2026,18:00,   20.3,0
18/07/2026,19:00,   19.7,0
18/07/2026,20:00,   19.4,0
18/07/2026,21:00,   19.4,0
18/07/2026,22:00,   18.7,0
18/07/2026,23:00,   17.8,0
19/07/2026,00:00,   18.6,0
19/07/2026,01:00,   18.3,0
19/07/2026,02:00,   17.8,0
19/07/2026,03:00,   15.6,0
19/07/2026,04:00,   15.2,0
19/07/2026,05:00,   14.4,0
19/07/2026,06:00,   15.1,0
19/07/2026,07:00,   14.5,0
19/07/2026,08:00,   15.0,0
19/07/2026,09:00,   18.7,0
19/07/2026,10:00,   17.3,0
19/07/2026,11:00,   18.6,0
19/07/2026,12:00,   17.4,0
19/07/2026,13:00,   19.2,0
19/07/2026,14:00,   19.6,0
19/07/2026,15:00,   18.7,0
19/07/2026,16:00,   20.4,0
19/07/2026,17:00,   18.9,0
19/07/2026,18:00,   19.8,0
19/07/2026,19:00,   19.5,0
19/07/2026,20:00,   16.4,0
19/07/2026,21:00,   16.2,0
19/07/2026,22:00,   19.7,0
19/07/2026,23:00,   16.7,0
20/07/2026,00:00,   16.4,0
20/07/2026,01:00,   15.7,0
20/07/2026,02:00,   14.5,0
20/07/2026,03:00,   13.9,0
20/07/2026,04:00,   13.4,0
20/07/2026,05:00,   13.7,0
20/07/2026,06:00,   14.5,0
20/07/2026,07:00,   17.4,0
20/07/2026,08:00,   17.5,0
20/07/2026,09:00,   19.4,0
20/07/2026,10:00,   19.5,0
20/07/2026,11:00,   18.2,0
20/07/2026,12:00,   19.0,0
20/07/2026,13:00,   17.7,0
20/07/2026,14:00,   18.5,0
20/07/2026,15:00,   18.4,0
20/07/2026,16:00,   17.8,0
20/07/2026,17:00,   17.2,0
20/07/2026,18:00,   16.4,0
20/07/2026,19:00,   15.7,0
20/07/2026,20:00,   19.3,0
20/07/2026,21:00,   19.3,0
20/07/2026,22:00,   17.8,0
20/07/2026,23:00,   17.2,0
21/07/2026,00:00,   17.5,0
21/07/2026,01:00,   14.1,0
21/07/2026,02:00,   17.0,0
21/07/2026,03:00,   17.8,0
21/07/2026,04:00,   17.3,0
21/07/2026,05:00,   14.7,0
21/07/2026,06:00,   16.0,0
21/07/2026,07:00,   17.8,0
21/07/2026,08:00,   18.1,0
21/07/2026,09:00,   18.4,0
21/07/2026,10:00,   17.7,0
21/07/2026,11:00,   18.1,0
21/07/2026,12:00,   18.1,0
21/07/2026,13:00,   18.4,0
21/07/2026,14:00,   19.1,0
21/07/2026,15:00,   19.2,0
21/07/2026,16:00,   19.5,0
21/07/2026,17:00,   16.8,0
21/07/2026,18:00,   14.8,*
21/07/2026,19:00,   14.3,0
21/07/2026,20:00,   14.3,0
21/07/2026,21:00,   13.9,0
21/07/2026,22:00,   13.4,0
21/07/2026,23:00,   13.2,0
22/07/2026,00:00,   12.9,0
22/07/2026,01:00,   12.1,0
22/07/2026,02:00,   11.9,0
22/07/2026,03:00,   11.6,0
22/07/2026,04:00,   11.4,0
22/07/2026,05:00,   10.8,0
22/07/2026,06:00,    9.9,0
22/07/2026,07:00,   10.5,0
22/07/2026,08:00,   11.3,0
22/07/2026,09:00,   12.7,0
22/07/2026,10:00,   14.5,0
22/07/2026,11:00,   15.4,0
22/07/2026,12:00,   15.3,0
22/07/2026,13:00,   15.5,0
22/07/2026,14:00,   15.8,0
22/07/2026,15:00,   14.2,0
22/07/2026,16:00,   13.5,0
22/07/2026,17:00,   12.9,0
22/07/2026,18:00,   12.6,0
22/07/2026,19:00,   12.5,0
22/07/2026,20:00,   13.0,0
22/07/2026,21:00,   13.5,0
22/07/2026,22:00,   13.6,0
22/07/2026,23:00,   13.9,0
23/07/2026,00:00,   13.8,0
23/07/2026,01:00,   13.9,0
23/07/2026,02:00,   14.7,0
23/07/2026,03:00,   11.3,0
23/07/2026,04:00,   10.6,0
23/07/2026,05:00,   10.9,0
23/07/2026,06:00,   11.5,0
23/07/2026,07:00,   12.7,0
23/07/2026,08:00,   15.0,0
23/07/2026,09:00,   15.5,0
23/07/2026,10:00,   17.3,0
23/07/2026,11:00,   18.1,0
23/07/2026,12:00,   16.9,0
23/07/2026,13:00,   16.2,0
23/07/2026,14:00,   16.7,0
23/07/2026,15:00,   14.8,0
23/07/2026,16:00,   14.6,0
23/07/2026,17:00,   14.4,0
23/07/2026,18:00,   14.0,0
23/07/2026,19:00,   13.6,0
23/07/2026,20:00,   13.2,0
23/07/2026,21:00,   12.9,0
23/07/2026,22:00,   12.8,0
23/07/2026,23:00,   12.6,0
24/07/2026,00:00,   13.0,0
24/07/2026,01:00,   12.6,0
24/07/2026,02:00,   12.5,0
24/07/2026,03:00,   11.8,0
24/07/2026,04:00,   11.6,0
24/07/2026,05:00,   11.0,0
24/07/2026,06:00,   10.8,0
24/07/2026,07:00,   12.4,0
24/07/2026,08:00,   13.6,0
24/07/2026,09:00,   14.5,0
24/07/2026,10:00,   16.1,0
24/07/2026,11:00,   16.7,0
24/07/2026,12:00,   17.8,0
24/07/2026,13:00,   17.3,0
24/07/2026,14:00,   16.6,0
24/07/2026,15:00,   16.5,0
24/07/2026,16:00,   15.8,0
24/07/2026,17:00,   15.4,0
24/07/2026,18:00,   14.3,0
24/07/2026,19:00,   14.1,0
24/07/2026,20:00,   13.5,0
24/07/2026,21:00,   13.2,0
24/07/2026,22:00,   13.2,0
24/07/2026,23:00,   12.9,0
25/07/2026,00:00,   12.4,0
25/07/2026,01:00,   12.0,0
25/07/2026,02:00,   12.0,0
25/07/2026,03:00,   11.8,0
25/07/2026,04:00,   11.5,0
25/07/2026,05:00,   11.0,0
25/07/2026,06:00,   12.0,0
25/07/2026,07:00,   12.5,0
25/07/2026,08:00,   12.9,0
25/07/2026,09:00,   13.4,0
25/07/2026,10:00,   15.0,0
25/07/2026,11:00,   15.4,0
25/07/2026,12:00,   15.8,0
25/07/2026,13:00,   15.5,0
25/07/2026,14:00,   15.8,0
25/07/2026,15:00,   16.1,0
25/07/2026,16:00,   16.0,0
25/07/2026,17:00,   12.6,0
25/07/2026,18:00,   11.7,0
25/07/2026,19:00,   11.2,0
25/07/2026,20:00,   11.0,0
25/07/2026,21:00,   11.6,0
25/07/2026,22:00,   10.8,0
25/07/2026,23:00,   10.1,0
26/07/2026,00:00,   10.2,0
26/07/2026,01:00,   10.2,0
26/07/2026,02:00,   10.6,0
26/07/2026,03:00,   10.5,0
26/07/2026,04:00,    9.7,0
26/07/2026,05:00,    9.4,0
26/07/2026,06:00,    9.3,0
26/07/2026,07:00,   11.3,0
26/07/2026,08:00,   12.2,0
26/07/2026,09:00,   12.5,0
26/07/2026,10:00,   14.2,0
26/07/2026,11:00,   15.0,0
26/07/2026,12:00,   12.1,0
26/07/2026,13:00,   11.0,0
26/07/2026,14:00,   12.4,0
26/07/2026,15:00,   13.1,0
26/07/2026,16:00,   14.2,0
26/07/2026,17:00,   13.4,0
26/07/2026,18:00,   13.7,0
26/07/2026,19:00,   13.8,0
26/07/2026,20:00,   13.3,0
26/07/2026,21:00,   12.9,0
26/07/2026,22:00,   12.8,0
26/07/2026,23:00,   12.6,0
27/07/2026,00:00,   12.5,0
27/07/2026,01:00,   12.9,0
27/07/2026,02:00,   12.5,0
27/07/2026,03:00,   12.7,0
27/07/2026,04:00,   13.3,0
27/07/2026,05:00,   12.8,0
27/07/2026,06:00,   14.4,0
27/07/2026,07:00,   15.0,0
27/07/2026,08:00,   15.9,0
27/07/2026,09:00,   17.2,0
27/07/2026,10:00,   18.2,0
27/07/2026,11:00,   19.4,0
27/07/2026,12:00,   19.2,0
27/07/2026,13:00,   19.9,0
27/07/2026,14:00,   19.2,0
27/07/2026,15:00,   19.6,0
27/07/2026,16:00,   17.9,0
27/07/2026,17:00,   17.5,0
27/07/2026,18:00,   17.0,0
27/07/2026,19:00,   15.9,0
27/07/2026,20:00,   15.4,0
27/07/2026,21:00,   14.9,0
27/07/2026,22:00,   14.7,0
27/07/2026,23:00,   14.5,0
28/07/2026,00:00,   14.3,0
28/07/2026,01:00,   14.5,0
28/07/2026,02:00,   14.2,0
28/07/2026,03:00,   14.2,0
28/07/2026,04:00,   13.8,0
28/07/2026,05:00,   13.5,0
28/07/2026,06:00,   13.6,0
28/07/2026,07:00,   15.2,0
28/07/2026,08:00,   16.7,0
28/07/2026,09:00,   17.9,0
28/07/2026,10:00,   18.7,0
28/07/2026,11:00,   18.7,0
28/07/2026,12:00,   19.1,0
28/07/2026,13:00,   18.5,0
28/07/2026,14:00,   18.4,0
28/07/2026,15:00,   18.5,0
28/07/2026,16:00,   17.7,0
28/07/2026,17:00,   17.2,0
28/07/2026,18:00,   16.4,0
28/07/2026,19:00,   16.1,0
28/07/2026,20:00,   15.9,0
28/07/2026,21:00,   15.4,0
28/07/2026,22:00,   15.4,0
28/07/2026,23:00,   14.9,0
29/07/2026,00:00,   14.6,0
29/07/2026,01:00,   14.2,0
29/07/2026,02:00,   14.1,0
29/07/2026,03:00,   13.8,0
29/07/2026,04:00,   14.0,0
29/07/2026,05:00,   13.9,0
29/07/2026,06:00,   13.8,0
29/07/2026,07:00,   15.3,0
29/07/2026,08:00,   17.0,0
29/07/2026,09:00,   17.9,0
29/07/2026,10:00,   19.3,0
29/07/2026,11:00,   19.1,0
29/07/2026,12:00,   19.6,0
29/07/2026,13:00,   20.6,0
29/07/2026,14:00,   20.0,0
29/07/2026,15:00,   20.5,0
29/07/2026,16:00,   19.4,0
29/07/2026,17:00,   18.7,0
29/07/2026,18:00,   18.2,0
29/07/2026,19:00,   17.4,0
29/07/2026,20:00,   16.9,0
29/07/2026,21:00,   16.6,0
29/07/2026,22:00,   16.8,0
29/07/2026,23:00,   16.9,0
30/07/2026,00:00,   16.3,0
30/07/2026,01:00,   15.9,0
30/07/2026,02:00,   15.8,0
30/07/2026,03:00,   15.4,0
30/07/2026,04:00,   15.2,0
30/07/2026,05:00,   15.2,0
30/07/2026,06:00,   15.9,0
30/07/2026,07:00,   18.0,0
30/07/2026,08:00,   19.3,0
30/07/2026,09:00,   19.7,0
30/07/2026,10:00,   21.2,0
30/07/2026,11:00,   21.6,0
30/07/2026,12:00,   21.8,0
30/07/2026,13:00,   22.7,0
30/07/2026,14:00,   21.1,0
30/07/2026,15:00,   19.7,0
30/07/2026,16:00,   19.1,0
30/07/2026,17:00,   21.3,0
30/07/2026,18:00,   19.1,0
30/07/2026,19:00,   18.6,0
30/07/2026,20:00,   18.0,0
30/07/2026,21:00,   18.1,0
30/07/2026,22:00,   18.2,0
30/07/2026,23:00,   17.7,0
31/07/2026,00:00,   18.2,0
31/07/2026,01:00,   18.4,0
31/07/2026,02:00,   19.1,0
31/07/2026,03:00,   18.7,0
31/07/2026,04:00,   17.6,0
31/07/2026,05:00,   17.5,0
31/07/2026,06:00,   18.3,0
31/07/2026,07:00,   19.5,0
31/07/2026,08:00,   20.2,0
31/07/2026,09:00,   19.7,0
31/07/2026,10:00,   20.5,0
31/07/2026,11:00,   20.2,0
31/07/2026,12:00,   20.3,0
31/07/2026,13:00,   18.5,0
31/07/2026,14:00,   19.9,0
31/07/2026,15:00,   16.6,0
31/07/2026,16:00,   16.0,0
31/07/2026,17:00,   20.6,0
31/07/2026,18:00,   20.6,0
31/07/2026,19:00,   20.4,0
31/07/2026,20:00,   19.8,0
31/07/2026,21:00,   20.3,0
31/07/2026,22:00,   19.5,0
31/07/2026,23:00,   18.4,0
Elaborato il 2026-08-04 alle ore 16:43 UTC
