Codice richiesta,38931
Denominazione, VALDIERI 
Localita', TERME DI VALDIERI 
UTM X, 361709 m
UTM Y, 4896272 m
Quota, 1390 m s.l.m.
Parametro, Precipitazione oraria (mm)
Periodo pubblicazione,  1993-07-29 / 2004-02-24 
Periodo richiesto, 2025-07-31 / 2026-07-31
Dati orari
data,ora (UTC),valore,flag validazione
31/07/2025,01:00,    0.0,Z
31/07/2025,02:00,    0.0,Z
31/07/2025,03:00,    0.0,Z
31/07/2025,04:00,    0.0,Z
31/07/2025,05:00,    0.0,Z
31/07/2025,06:00,    0.0,Z
31/07/2025,07:00,    0.0,Z
31/07/2025,08:00,    0.0,Z
31/07/2025,09:00,    0.0,Z
31/07/2025,10:00,    0.0,Z
31/07/2025,11:00,    0.0,Z
31/07/2025,12:00,    0.0,Z
31/07/2025,13:00,    0.0,Z
31/07/2025,14:00,    0.0,Z
31/07/2025,15:00,    0.0,Z
31/07/2025,16:00,    0.0,Z
31/07/2025,17:00,    0.0,Z
31/07/2025,18:00,    0.0,Z
31/07/2025,19:00,    0.0,Z
31/07/2025,20:00,    0.0,Z
31/07/2025,21:00,    0.0,Z
31/07/2025,22:00,    0.0,Z
31/07/2025,23:00,    0.0,Z
01/08/2025,00:00,    0.0,Z
01/08/2025,01:00,    0.0,Z
01/08/2025,02:00,    0.0,Z
01/08/2025,03:00,    0.0,Z
01/08/2025,04:00,    0.0,Z
01/08/2025,05:00,    0.0,Z
01/08/2025,06:00,    0.0,Z
01/08/2025,07:00,    0.0,Z
01/08/2025,08:00,    0.0,Z
01/08/2025,09:00,    0.0,Z
01/08/2025,10:00,    0.0,Z
01/08/2025,11:00,    0.0,Z
01/08/2025,12:00,    0.0,Z
01/08/2025,13:00,    0.0,Z
01/08/2025,14:00,    0.0,Z
01/08/2025,15:00,    0.0,Z
01/08/2025,16:00,    0.0,Z
01/08/2025,17:00,    0.0,Z
01/08/2025,18:00,    0.0,Z
01/08/2025,19:00,    0.0,Z
01/08/2025,20:00,    0.0,Z
01/08/2025,21:00,    0.0,Z
01/08/2025,22:00,    0.0,Z
01/08/2025,23:00,    0.0,Z
02/08/2025,00:00,    0.0,Z
02/08/2025,01:00,    0.0,Z
02/08/2025,02:00,    0.0,Z
02/08/2025,03:00,    0.0,Z
02/08/2025,04:00,    0.0,Z
02/08/2025,05:00,    0.0,Z
02/08/2025,06:00,    0.0,Z
02/08/2025,07:00,    0.0,Z
02/08/2025,08:00,    0.0,Z
02/08/2025,09:00,    0.0,Z
02/08/2025,10:00,    0.0,Z
02/08/2025,11:00,    0.0,Z
02/08/2025,12:00,    0.0,Z
02/08/2025,13:00,    0.0,Z
02/08/2025,14:00,    0.0,Z
02/08/2025,15:00,    0.0,Z
02/08/2025,16:00,    0.0,Z
02/08/2025,17:00,    0.0,Z
02/08/2025,18:00,    0.0,Z
02/08/2025,19:00,    0.0,Z
02/08/2025,20:00,    0.0,Z
02/08/2025,21:00,    0.0,Z
02/08/2025,22:00,    0.0,Z
02/08/2025,23:00,    0.0,Z
03/08/2025,00:00,    0.0,Z
03/08/2025,01:00,    0.0,Z
03/08/2025,02:00,    0.0,Z
03/08/2025,03:00,    0.0,Z
03/08/2025,04:00,    0.0,Z
03/08/2025,05:00,    1.2,Z
03/08/2025,06:00,    0.0,Z
03/08/2025,07:00,    0.0,Z
03/08/2025,08:00,    0.0,Z
03/08/2025,09:00,    0.0,Z
03/08/2025,10:00,    0.0,Z
03/08/2025,11:00,    0.0,Z
03/08/2025,12:00,    0.0,Z
03/08/2025,13:00,    0.0,Z
03/08/2025,14:00,    0.0,Z
03/08/2025,15:00,    0.0,Z
03/08/2025,16:00,    0.0,Z
03/08/2025,17:00,    0.0,Z
03/08/2025,18:00,    0.0,Z
03/08/2025,19:00,    0.0,Z
03/08/2025,20:00,    0.0,Z
03/08/2025,21:00,    0.0,Z
03/08/2025,22:00,    0.0,Z
03/08/2025,23:00,    0.0,Z
04/08/2025,00:00,    0.0,Z
04/08/2025,01:00,    0.0,Z
04/08/2025,02:00,    0.0,Z
04/08/2025,03:00,    0.0,Z
04/08/2025,04:00,    0.0,Z
04/08/2025,05:00,    0.0,Z
04/08/2025,06:00,    0.0,Z
04/08/2025,07:00,    0.0,Z
04/08/2025,08:00,    0.0,Z
04/08/2025,09:00,    0.0,Z
04/08/2025,10:00,    0.0,Z
04/08/2025,11:00,    0.0,Z
04/08/2025,12:00,    0.0,Z
04/08/2025,13:00,    0.0,Z
04/08/2025,14:00,    0.0,Z
04/08/2025,15:00,    0.0,Z
04/08/2025,16:00,    0.0,Z
04/08/2025,17:00,    0.0,Z
04/08/2025,18:00,    0.0,Z
04/08/2025,19:00,    0.0,Z
04/08/2025,20:00,    0.0,Z
04/08/2025,21:00,    0.0,Z
04/08/2025,22:00,    0.0,Z
04/08/2025,23:00,    0.0,Z
05/08/2025,00:00,    0.0,Z
05/08/2025,01:00,    0.0,Z
05/08/2025,02:00,    0.0,Z
05/08/2025,03:00,    0.0,Z
05/08/2025,04:00,    0.0,Z
05/08/2025,05:00,    0.0,Z
05/08/2025,06:00,    0.0,Z
05/08/2025,07:00,    0.0,Z
05/08/2025,08:00,    0.0,Z
05/08/2025,09:00,    0.2,Y
05/08/2025,10:00,    0.0,Z
05/08/2025,11:00,    0.0,Z
05/08/2025,12:00,    0.0,Z
05/08/2025,13:00,    0.0,Z
05/08/2025,14:00,    0.0,Z
05/08/2025,15:00,    0.0,Z
05/08/2025,16:00,    0.0,Z
05/08/2025,17:00,    0.0,Z
05/08/2025,18:00,    0.0,Z
05/08/2025,19:00,    0.0,Z
05/08/2025,20:00,    0.0,Z
05/08/2025,21:00,    0.0,Z
05/08/2025,22:00,    0.0,Z
05/08/2025,23:00,    0.0,Z
06/08/2025,00:00,    0.0,Z
06/08/2025,01:00,    0.0,Z
06/08/2025,02:00,    0.0,Z
06/08/2025,03:00,    0.0,Z
06/08/2025,04:00,    0.0,Z
06/08/2025,05:00,    0.0,Z
06/08/2025,06:00,    0.0,Z
06/08/2025,07:00,    0.0,Z
06/08/2025,08:00,    0.0,Z
06/08/2025,09:00,    0.0,Z
06/08/2025,10:00,    0.0,Z
06/08/2025,11:00,    0.0,Z
06/08/2025,12:00,    0.0,Z
06/08/2025,13:00,    0.0,Z
06/08/2025,14:00,    0.0,Z
06/08/2025,15:00,    0.0,Z
06/08/2025,16:00,    0.0,Z
06/08/2025,17:00,    0.0,Z
06/08/2025,18:00,    0.0,Z
06/08/2025,19:00,    0.0,Z
06/08/2025,20:00,    0.0,Z
06/08/2025,21:00,    0.0,Z
06/08/2025,22:00,    0.0,Z
06/08/2025,23:00,    0.0,Z
07/08/2025,00:00,    0.0,Z
07/08/2025,01:00,    0.0,Z
07/08/2025,02:00,    0.0,Z
07/08/2025,03:00,    0.0,Z
07/08/2025,04:00,    0.0,Z
07/08/2025,05:00,    0.0,Z
07/08/2025,06:00,    0.0,Z
07/08/2025,07:00,    0.0,Z
07/08/2025,08:00,    0.0,Z
07/08/2025,09:00,    0.0,Z
07/08/2025,10:00,    0.0,Z
07/08/2025,11:00,    0.0,Z
07/08/2025,12:00,    0.0,Z
07/08/2025,13:00,    0.0,Z
07/08/2025,14:00,    0.0,Z
07/08/2025,15:00,    0.0,Z
07/08/2025,16:00,    0.0,Z
07/08/2025,17:00,    0.0,Z
07/08/2025,18:00,    0.0,Z
07/08/2025,19:00,    0.0,Z
07/08/2025,20:00,    0.0,Z
07/08/2025,21:00,    0.0,Z
07/08/2025,22:00,    0.0,Z
07/08/2025,23:00,    0.0,Z
08/08/2025,00:00,    0.0,Z
08/08/2025,01:00,    0.0,Z
08/08/2025,02:00,    0.0,Z
08/08/2025,03:00,    0.0,Z
08/08/2025,04:00,    0.0,Z
08/08/2025,05:00,    0.0,Z
08/08/2025,06:00,    0.0,Z
08/08/2025,07:00,    0.0,Z
08/08/2025,08:00,    0.0,Z
08/08/2025,09:00,    0.0,Z
08/08/2025,10:00,    0.0,Z
08/08/2025,11:00,    0.0,Z
08/08/2025,12:00,    0.0,Z
08/08/2025,13:00,    0.0,Z
08/08/2025,14:00,    0.0,Z
08/08/2025,15:00,    0.0,Z
08/08/2025,16:00,    0.0,Z
08/08/2025,17:00,    0.0,Z
08/08/2025,18:00,    0.0,Z
08/08/2025,19:00,    0.0,Z
08/08/2025,20:00,    0.0,Z
08/08/2025,21:00,    0.0,Z
08/08/2025,22:00,    0.0,Z
08/08/2025,23:00,    0.0,Z
09/08/2025,00:00,    0.0,Z
09/08/2025,01:00,    0.0,Z
09/08/2025,02:00,    0.0,Z
09/08/2025,03:00,    0.0,Z
09/08/2025,04:00,    0.0,Z
09/08/2025,05:00,    0.0,Z
09/08/2025,06:00,    0.0,Z
09/08/2025,07:00,    0.0,Z
09/08/2025,08:00,    0.0,Z
09/08/2025,09:00,    0.0,Z
09/08/2025,10:00,    0.0,Z
09/08/2025,11:00,    0.0,Z
09/08/2025,12:00,    0.0,Z
09/08/2025,13:00,    0.0,Z
09/08/2025,14:00,    0.0,Z
09/08/2025,15:00,    0.0,Z
09/08/2025,16:00,    0.0,Z
09/08/2025,17:00,    0.0,Z
09/08/2025,18:00,    0.0,Z
09/08/2025,19:00,    0.0,Z
09/08/2025,20:00,    0.0,Z
09/08/2025,21:00,    0.0,Z
09/08/2025,22:00,    0.0,Z
09/08/2025,23:00,    0.0,Z
10/08/2025,00:00,    0.0,Z
10/08/2025,01:00,    0.0,Z
10/08/2025,02:00,    0.0,Z
10/08/2025,03:00,    0.0,Z
10/08/2025,04:00,    0.0,Z
10/08/2025,05:00,    0.0,Z
10/08/2025,06:00,    0.0,Z
10/08/2025,07:00,    0.0,Z
10/08/2025,08:00,    0.0,Z
10/08/2025,09:00,    0.0,Z
10/08/2025,10:00,    0.0,Z
10/08/2025,11:00,    0.0,Z
10/08/2025,12:00,    0.0,Z
10/08/2025,13:00,    0.0,Z
10/08/2025,14:00,    0.0,Z
10/08/2025,15:00,    0.0,Z
10/08/2025,16:00,    0.0,Z
10/08/2025,17:00,    0.0,Z
10/08/2025,18:00,    0.0,Z
10/08/2025,19:00,    0.0,Z
10/08/2025,20:00,    0.0,Z
10/08/2025,21:00,    0.0,Z
10/08/2025,22:00,    0.0,Z
10/08/2025,23:00,    0.0,Z
11/08/2025,00:00,    0.0,Z
11/08/2025,01:00,    0.0,Z
11/08/2025,02:00,    0.0,Z
11/08/2025,03:00,    0.0,Z
11/08/2025,04:00,    0.0,Z
11/08/2025,05:00,    0.0,Z
11/08/2025,06:00,    0.0,Z
11/08/2025,07:00,    0.0,Z
11/08/2025,08:00,    0.0,Z
11/08/2025,09:00,    0.0,Z
11/08/2025,10:00,    0.0,Z
11/08/2025,11:00,    0.0,Z
11/08/2025,12:00,    0.0,Z
11/08/2025,13:00,    0.0,Z
11/08/2025,14:00,    0.0,Z
11/08/2025,15:00,    0.0,Z
11/08/2025,16:00,    0.0,Z
11/08/2025,17:00,    0.0,Z
11/08/2025,18:00,    0.0,Z
11/08/2025,19:00,    0.0,Z
11/08/2025,20:00,    0.0,Z
11/08/2025,21:00,    0.0,Z
11/08/2025,22:00,    0.0,Z
11/08/2025,23:00,    0.0,Z
12/08/2025,00:00,    0.0,Z
12/08/2025,01:00,    0.0,Z
12/08/2025,02:00,    0.0,Z
12/08/2025,03:00,    0.0,Z
12/08/2025,04:00,    0.0,Z
12/08/2025,05:00,    0.0,Z
12/08/2025,06:00,    0.0,Z
12/08/2025,07:00,    0.0,Z
12/08/2025,08:00,    0.0,Z
12/08/2025,09:00,    0.0,Z
12/08/2025,10:00,    0.0,Z
12/08/2025,11:00,    0.0,Z
12/08/2025,12:00,    0.0,Z
12/08/2025,13:00,    0.0,Z
12/08/2025,14:00,    0.0,Z
12/08/2025,15:00,    0.0,Z
12/08/2025,16:00,    0.0,Z
12/08/2025,17:00,    0.0,Z
12/08/2025,18:00,    0.0,Z
12/08/2025,19:00,    0.0,Z
12/08/2025,20:00,    0.0,Z
12/08/2025,21:00,    0.0,Z
12/08/2025,22:00,    0.0,Z
12/08/2025,23:00,    0.0,Z
13/08/2025,00:00,    0.0,Z
13/08/2025,01:00,    0.0,Z
13/08/2025,02:00,    0.0,Z
13/08/2025,03:00,    0.0,Z
13/08/2025,04:00,    0.0,Z
13/08/2025,05:00,    0.0,Z
13/08/2025,06:00,    0.0,Z
13/08/2025,07:00,    0.0,Z
13/08/2025,08:00,    0.0,Z
13/08/2025,09:00,    0.0,Z
13/08/2025,10:00,    0.0,Z
13/08/2025,11:00,    0.0,Z
13/08/2025,12:00,    0.0,Z
13/08/2025,13:00,    0.0,Z
13/08/2025,14:00,    0.0,Z
13/08/2025,15:00,    0.0,Z
13/08/2025,16:00,    0.0,Z
13/08/2025,17:00,    0.0,Z
13/08/2025,18:00,    0.0,Z
13/08/2025,19:00,    0.0,Z
13/08/2025,20:00,    0.0,Z
13/08/2025,21:00,    0.0,Z
13/08/2025,22:00,    0.0,Z
13/08/2025,23:00,    0.0,Z
14/08/2025,00:00,    0.0,Z
14/08/2025,01:00,    0.0,Z
14/08/2025,02:00,    0.0,Z
14/08/2025,03:00,    0.0,Z
14/08/2025,04:00,    0.0,Z
14/08/2025,05:00,    0.0,Z
14/08/2025,06:00,    0.0,Z
14/08/2025,07:00,    0.0,Z
14/08/2025,08:00,    0.0,Z
14/08/2025,09:00,    0.0,Z
14/08/2025,10:00,    0.0,Z
14/08/2025,11:00,    0.0,Z
14/08/2025,12:00,    0.0,Z
14/08/2025,13:00,    0.0,Z
14/08/2025,14:00,    0.0,Z
14/08/2025,15:00,    0.0,Z
14/08/2025,16:00,    0.0,Z
14/08/2025,17:00,    7.4,Z
14/08/2025,18:00,    2.6,Z
14/08/2025,19:00,    0.0,Z
14/08/2025,20:00,    0.2,Z
14/08/2025,21:00,    0.0,Z
14/08/2025,22:00,    0.0,Z
14/08/2025,23:00,    0.0,Z
15/08/2025,00:00,    0.0,Z
15/08/2025,01:00,    0.0,Z
15/08/2025,02:00,    0.0,Z
15/08/2025,03:00,    0.0,Z
15/08/2025,04:00,    0.0,Z
15/08/2025,05:00,    0.0,Z
15/08/2025,06:00,    0.0,Z
15/08/2025,07:00,    0.2,Z
15/08/2025,08:00,    0.0,Z
15/08/2025,09:00,    0.0,Z
15/08/2025,10:00,    0.0,Z
15/08/2025,11:00,    0.0,Z
15/08/2025,12:00,    0.0,Z
15/08/2025,13:00,    0.0,Z
15/08/2025,14:00,    0.0,Z
15/08/2025,15:00,    0.0,Z
15/08/2025,16:00,    0.0,Z
15/08/2025,17:00,    0.0,Z
15/08/2025,18:00,    0.0,Z
15/08/2025,19:00,    0.0,Z
15/08/2025,20:00,    0.0,Z
15/08/2025,21:00,    0.0,Z
15/08/2025,22:00,    0.0,Z
15/08/2025,23:00,    0.0,Z
16/08/2025,00:00,    0.0,Z
16/08/2025,01:00,    0.0,Z
16/08/2025,02:00,    0.0,Z
16/08/2025,03:00,    0.0,Z
16/08/2025,04:00,    0.0,Z
16/08/2025,05:00,    0.0,Z
16/08/2025,06:00,    0.0,Z
16/08/2025,07:00,    0.0,Z
16/08/2025,08:00,    0.0,Z
16/08/2025,09:00,    0.0,Z
16/08/2025,10:00,    0.0,Z
16/08/2025,11:00,    0.0,Z
16/08/2025,12:00,    0.0,Z
16/08/2025,13:00,    0.0,Z
16/08/2025,14:00,    0.0,Z
16/08/2025,15:00,    0.0,Z
16/08/2025,16:00,    0.0,Z
16/08/2025,17:00,    0.0,Z
16/08/2025,18:00,    0.0,Z
16/08/2025,19:00,    0.0,Z
16/08/2025,20:00,    0.0,Z
16/08/2025,21:00,    0.0,Z
16/08/2025,22:00,    0.0,Z
16/08/2025,23:00,    0.0,Z
17/08/2025,00:00,    0.0,Z
17/08/2025,01:00,    0.0,Z
17/08/2025,02:00,    0.0,Z
17/08/2025,03:00,    0.0,Z
17/08/2025,04:00,    0.0,Z
17/08/2025,05:00,    0.0,Z
17/08/2025,06:00,    0.0,Z
17/08/2025,07:00,    0.0,Z
17/08/2025,08:00,    0.0,Z
17/08/2025,09:00,    0.0,Z
17/08/2025,10:00,    0.0,Z
17/08/2025,11:00,    0.0,Z
17/08/2025,12:00,    0.0,Z
17/08/2025,13:00,    0.0,Z
17/08/2025,14:00,    0.0,Z
17/08/2025,15:00,    0.0,Z
17/08/2025,16:00,    0.0,Z
17/08/2025,17:00,    0.0,Z
17/08/2025,18:00,    0.0,Z
17/08/2025,19:00,    0.0,Z
17/08/2025,20:00,    0.0,Z
17/08/2025,21:00,    0.0,Z
17/08/2025,22:00,    0.0,Z
17/08/2025,23:00,    2.6,Z
18/08/2025,00:00,    0.0,Z
18/08/2025,01:00,    0.0,Z
18/08/2025,02:00,    0.0,Z
18/08/2025,03:00,    0.2,Z
18/08/2025,04:00,    0.0,Z
18/08/2025,05:00,    0.0,Z
18/08/2025,06:00,    0.0,Z
18/08/2025,07:00,    0.0,Z
18/08/2025,08:00,    0.0,Z
18/08/2025,09:00,    0.0,Z
18/08/2025,10:00,    0.0,Z
18/08/2025,11:00,    0.0,Z
18/08/2025,12:00,    0.0,Z
18/08/2025,13:00,    0.0,Z
18/08/2025,14:00,    0.0,Z
18/08/2025,15:00,    0.0,Z
18/08/2025,16:00,    0.6,Z
18/08/2025,17:00,    0.0,Z
18/08/2025,18:00,    0.0,Z
18/08/2025,19:00,    0.0,Z
18/08/2025,20:00,    0.0,Z
18/08/2025,21:00,    0.0,Z
18/08/2025,22:00,    0.0,Z
18/08/2025,23:00,    0.0,Z
19/08/2025,00:00,    0.0,Z
19/08/2025,01:00,    0.0,Z
19/08/2025,02:00,    0.0,Z
19/08/2025,03:00,    0.0,Z
19/08/2025,04:00,    0.0,Z
19/08/2025,05:00,    0.0,Z
19/08/2025,06:00,    0.0,Z
19/08/2025,07:00,    0.0,Z
19/08/2025,08:00,    0.0,Z
19/08/2025,09:00,    0.0,Z
19/08/2025,10:00,    0.0,Z
19/08/2025,11:00,    0.0,Z
19/08/2025,12:00,    0.0,Z
19/08/2025,13:00,    0.2,Z
19/08/2025,14:00,    0.2,Z
19/08/2025,15:00,    0.0,Z
19/08/2025,16:00,    0.0,Z
19/08/2025,17:00,    0.0,Z
19/08/2025,18:00,    0.0,Z
19/08/2025,19:00,    0.0,Z
19/08/2025,20:00,    0.0,Z
19/08/2025,21:00,    0.0,Z
19/08/2025,22:00,    0.0,Z
19/08/2025,23:00,    0.0,Z
20/08/2025,00:00,    0.0,Z
20/08/2025,01:00,    0.0,Z
20/08/2025,02:00,    0.0,Z
20/08/2025,03:00,    0.0,Z
20/08/2025,04:00,    0.0,Z
20/08/2025,05:00,    0.0,Z
20/08/2025,06:00,    0.0,Z
20/08/2025,07:00,    0.0,Z
20/08/2025,08:00,    0.4,Z
20/08/2025,09:00,    0.0,Z
20/08/2025,10:00,    0.0,Z
20/08/2025,11:00,    0.0,Z
20/08/2025,12:00,    0.0,Z
20/08/2025,13:00,    0.2,Z
20/08/2025,14:00,    4.4,Z
20/08/2025,15:00,    1.0,Z
20/08/2025,16:00,    0.0,Z
20/08/2025,17:00,    1.2,Z
20/08/2025,18:00,    0.0,Z
20/08/2025,19:00,    0.0,Z
20/08/2025,20:00,    0.0,Z
20/08/2025,21:00,    0.0,Z
20/08/2025,22:00,    0.0,Z
20/08/2025,23:00,    0.0,Z
21/08/2025,00:00,    0.0,Z
21/08/2025,01:00,    0.0,Z
21/08/2025,02:00,    0.0,Z
21/08/2025,03:00,    0.0,Z
21/08/2025,04:00,    0.0,Z
21/08/2025,05:00,    0.0,Z
21/08/2025,06:00,    0.0,Z
21/08/2025,07:00,    0.0,Z
21/08/2025,08:00,    0.0,Z
21/08/2025,09:00,    0.0,Z
21/08/2025,10:00,    0.0,Z
21/08/2025,11:00,    0.0,Z
21/08/2025,12:00,    0.0,Z
21/08/2025,13:00,    0.2,Z
21/08/2025,14:00,    0.2,Z
21/08/2025,15:00,    2.8,Z
21/08/2025,16:00,    0.6,Z
21/08/2025,17:00,    0.0,Z
21/08/2025,18:00,    0.0,Z
21/08/2025,19:00,    0.0,Z
21/08/2025,20:00,    0.0,Z
21/08/2025,21:00,    0.0,Z
21/08/2025,22:00,    0.0,Z
21/08/2025,23:00,    0.0,Z
22/08/2025,00:00,    0.0,Z
22/08/2025,01:00,    0.0,Z
22/08/2025,02:00,    0.0,Z
22/08/2025,03:00,    0.0,Z
22/08/2025,04:00,    0.0,Z
22/08/2025,05:00,    0.0,Z
22/08/2025,06:00,    0.0,Z
22/08/2025,07:00,    0.2,Z
22/08/2025,08:00,    0.0,Z
22/08/2025,09:00,    0.0,Z
22/08/2025,10:00,    0.0,Z
22/08/2025,11:00,    0.0,Z
22/08/2025,12:00,    0.0,Z
22/08/2025,13:00,    0.0,Z
22/08/2025,14:00,    0.0,Z
22/08/2025,15:00,    0.0,Z
22/08/2025,16:00,    0.0,Z
22/08/2025,17:00,    0.0,Z
22/08/2025,18:00,    0.0,Z
22/08/2025,19:00,    0.0,Z
22/08/2025,20:00,    0.0,Z
22/08/2025,21:00,    0.0,Z
22/08/2025,22:00,    0.0,Z
22/08/2025,23:00,    0.0,Z
23/08/2025,00:00,    0.0,Z
23/08/2025,01:00,    0.0,Z
23/08/2025,02:00,    0.0,Z
23/08/2025,03:00,    0.0,Z
23/08/2025,04:00,    0.0,Z
23/08/2025,05:00,    0.0,Z
23/08/2025,06:00,    0.0,Z
23/08/2025,07:00,    0.0,Z
23/08/2025,08:00,    0.0,Z
23/08/2025,09:00,    0.0,Z
23/08/2025,10:00,    0.0,Z
23/08/2025,11:00,    0.0,Z
23/08/2025,12:00,    0.0,Z
23/08/2025,13:00,    0.0,Z
23/08/2025,14:00,    0.0,Z
23/08/2025,15:00,    0.0,Z
23/08/2025,16:00,    0.0,Z
23/08/2025,17:00,    0.0,Z
23/08/2025,18:00,    0.0,Z
23/08/2025,19:00,    0.0,Z
23/08/2025,20:00,    0.0,Z
23/08/2025,21:00,    0.0,Z
23/08/2025,22:00,    0.0,Z
23/08/2025,23:00,    0.0,Z
24/08/2025,00:00,    0.0,Z
24/08/2025,01:00,    0.0,Z
24/08/2025,02:00,    0.0,Z
24/08/2025,03:00,    0.0,Z
24/08/2025,04:00,    0.0,Z
24/08/2025,05:00,    0.0,Z
24/08/2025,06:00,    0.0,Z
24/08/2025,07:00,    0.0,Z
24/08/2025,08:00,    0.0,Z
24/08/2025,09:00,    0.0,Z
24/08/2025,10:00,    0.0,Z
24/08/2025,11:00,    0.0,Z
24/08/2025,12:00,    0.0,Z
24/08/2025,13:00,    0.0,Z
24/08/2025,14:00,    0.0,Z
24/08/2025,15:00,    0.0,Z
24/08/2025,16:00,    0.0,Z
24/08/2025,17:00,    0.2,Z
24/08/2025,18:00,    0.2,Z
24/08/2025,19:00,    0.0,Z
24/08/2025,20:00,    0.2,Z
24/08/2025,21:00,    0.2,Z
24/08/2025,22:00,    0.0,Z
24/08/2025,23:00,    0.0,Z
25/08/2025,00:00,    0.0,Z
25/08/2025,01:00,    0.0,Z
25/08/2025,02:00,    0.0,Z
25/08/2025,03:00,    0.0,Z
25/08/2025,04:00,    0.0,Z
25/08/2025,05:00,    0.0,Z
25/08/2025,06:00,    0.0,Z
25/08/2025,07:00,    0.0,Z
25/08/2025,08:00,    0.0,Z
25/08/2025,09:00,    0.0,Z
25/08/2025,10:00,    0.0,Z
25/08/2025,11:00,    0.0,Z
25/08/2025,12:00,    0.0,Z
25/08/2025,13:00,    0.0,Z
25/08/2025,14:00,    0.0,Z
25/08/2025,15:00,    0.0,Z
25/08/2025,16:00,    0.0,Z
25/08/2025,17:00,    0.0,Z
25/08/2025,18:00,    0.0,Z
25/08/2025,19:00,    0.0,Z
25/08/2025,20:00,    0.0,Z
25/08/2025,21:00,    0.0,Z
25/08/2025,22:00,    0.0,Z
25/08/2025,23:00,    0.0,Z
26/08/2025,00:00,    0.0,Z
26/08/2025,01:00,    0.0,Z
26/08/2025,02:00,    0.0,Z
26/08/2025,03:00,    0.0,Z
26/08/2025,04:00,    0.0,Z
26/08/2025,05:00,    0.0,Z
26/08/2025,06:00,    0.0,Z
26/08/2025,07:00,    0.0,Z
26/08/2025,08:00,    0.0,Z
26/08/2025,09:00,    0.0,Z
26/08/2025,10:00,    0.0,Z
26/08/2025,11:00,    0.0,Z
26/08/2025,12:00,    0.0,Z
26/08/2025,13:00,    0.0,Z
26/08/2025,14:00,    0.0,Z
26/08/2025,15:00,    0.0,Z
26/08/2025,16:00,    0.0,Z
26/08/2025,17:00,    0.0,Z
26/08/2025,18:00,    0.0,Z
26/08/2025,19:00,    0.0,Z
26/08/2025,20:00,    0.0,Z
26/08/2025,21:00,    0.0,Z
26/08/2025,22:00,    0.0,Z
26/08/2025,23:00,    0.0,Z
27/08/2025,00:00,    0.0,Z
27/08/2025,01:00,    0.0,Z
27/08/2025,02:00,    0.0,Z
27/08/2025,03:00,    0.0,Z
27/08/2025,04:00,    0.0,Z
27/08/2025,05:00,    0.0,Z
27/08/2025,06:00,    0.0,Z
27/08/2025,07:00,    0.0,Z
27/08/2025,08:00,    0.2,Z
27/08/2025,09:00,    0.0,Z
27/08/2025,10:00,    0.6,Z
27/08/2025,11:00,    0.2,Z
27/08/2025,12:00,    0.0,Z
27/08/2025,13:00,    0.0,Z
27/08/2025,14:00,    0.0,Z
27/08/2025,15:00,    0.0,Z
27/08/2025,16:00,    0.0,Z
27/08/2025,17:00,    0.0,Z
27/08/2025,18:00,    0.0,Z
27/08/2025,19:00,    0.0,Z
27/08/2025,20:00,    0.0,Z
27/08/2025,21:00,    0.0,Z
27/08/2025,22:00,    0.0,Z
27/08/2025,23:00,    0.0,Z
28/08/2025,00:00,    0.0,Z
28/08/2025,01:00,    0.0,Z
28/08/2025,02:00,    1.0,Z
28/08/2025,03:00,    2.0,Z
28/08/2025,04:00,    5.3,Z
28/08/2025,05:00,    0.0,Z
28/08/2025,06:00,    0.0,Z
28/08/2025,07:00,    1.4,Z
28/08/2025,08:00,    0.2,Z
28/08/2025,09:00,    0.0,Z
28/08/2025,10:00,    0.0,Z
28/08/2025,11:00,    1.0,Z
28/08/2025,12:00,    8.4,Z
28/08/2025,13:00,    3.4,Z
28/08/2025,14:00,    0.0,Z
28/08/2025,15:00,    0.0,Z
28/08/2025,16:00,    0.0,Z
28/08/2025,17:00,    0.6,Z
28/08/2025,18:00,    0.2,Z
28/08/2025,19:00,    1.2,Z
28/08/2025,20:00,    3.2,Z
28/08/2025,21:00,    0.0,Z
28/08/2025,22:00,    0.0,Z
28/08/2025,23:00,    0.0,Z
29/08/2025,00:00,    0.0,Z
29/08/2025,01:00,    0.0,Z
29/08/2025,02:00,    0.0,Z
29/08/2025,03:00,    0.0,Z
29/08/2025,04:00,    0.0,Z
29/08/2025,05:00,    0.2,Z
29/08/2025,06:00,    0.0,Z
29/08/2025,07:00,    0.0,Z
29/08/2025,08:00,    0.0,Z
29/08/2025,09:00,    0.0,Z
29/08/2025,10:00,    0.0,Z
29/08/2025,11:00,    0.0,Z
29/08/2025,12:00,    0.0,Z
29/08/2025,13:00,    0.0,Z
29/08/2025,14:00,    0.0,Z
29/08/2025,15:00,    0.0,Z
29/08/2025,16:00,    0.0,Z
29/08/2025,17:00,    0.0,Z
29/08/2025,18:00,    0.0,Z
29/08/2025,19:00,    0.0,Z
29/08/2025,20:00,    0.0,Z
29/08/2025,21:00,    0.0,Z
29/08/2025,22:00,    0.0,Z
29/08/2025,23:00,    0.0,Z
30/08/2025,00:00,    0.0,Z
30/08/2025,01:00,    0.0,Z
30/08/2025,02:00,    0.0,Z
30/08/2025,03:00,    0.0,Z
30/08/2025,04:00,    0.0,Z
30/08/2025,05:00,    0.0,Z
30/08/2025,06:00,    0.0,Z
30/08/2025,07:00,    0.0,Z
30/08/2025,08:00,    0.0,Z
30/08/2025,09:00,    0.0,Z
30/08/2025,10:00,    0.0,Z
30/08/2025,11:00,    0.0,Z
30/08/2025,12:00,    0.0,Z
30/08/2025,13:00,    0.0,Z
30/08/2025,14:00,    0.0,Z
30/08/2025,15:00,    0.0,Z
30/08/2025,16:00,    0.0,Z
30/08/2025,17:00,    0.0,Z
30/08/2025,18:00,    0.0,Z
30/08/2025,19:00,    0.0,Z
30/08/2025,20:00,    0.0,Z
30/08/2025,21:00,    0.0,Z
30/08/2025,22:00,    0.0,Z
30/08/2025,23:00,    0.0,Z
31/08/2025,00:00,    0.0,Z
31/08/2025,01:00,    0.0,Z
31/08/2025,02:00,    0.0,Z
31/08/2025,03:00,    0.0,Z
31/08/2025,04:00,    0.0,Z
31/08/2025,05:00,    0.0,Z
31/08/2025,06:00,    0.0,Z
31/08/2025,07:00,    0.0,Z
31/08/2025,08:00,    0.0,Z
31/08/2025,09:00,    0.0,Z
31/08/2025,10:00,    0.0,Z
31/08/2025,11:00,    0.0,Z
31/08/2025,12:00,    0.0,Z
31/08/2025,13:00,    0.0,Z
31/08/2025,14:00,    0.0,Z
31/08/2025,15:00,    0.0,Z
31/08/2025,16:00,    0.0,Z
31/08/2025,17:00,    0.0,Z
31/08/2025,18:00,    0.0,Z
31/08/2025,19:00,    0.0,Z
31/08/2025,20:00,    0.0,Z
31/08/2025,21:00,    0.0,Z
31/08/2025,22:00,    0.0,Z
31/08/2025,23:00,    0.0,Z
01/09/2025,00:00,    0.0,Z
01/09/2025,01:00,    0.0,Z
01/09/2025,02:00,    0.0,Z
01/09/2025,03:00,    0.0,Z
01/09/2025,04:00,    3.4,Z
01/09/2025,05:00,    3.2,Z
01/09/2025,06:00,    0.8,Z
01/09/2025,07:00,    1.0,Z
01/09/2025,08:00,    2.8,Z
01/09/2025,09:00,    4.6,Z
01/09/2025,10:00,    0.6,Z
01/09/2025,11:00,    0.6,Z
01/09/2025,12:00,    0.2,Z
01/09/2025,13:00,    0.2,Z
01/09/2025,14:00,    0.0,Z
01/09/2025,15:00,    0.0,Z
01/09/2025,16:00,    0.0,Z
01/09/2025,17:00,    0.6,Z
01/09/2025,18:00,    1.4,Z
01/09/2025,19:00,    1.2,Z
01/09/2025,20:00,    2.8,Z
01/09/2025,21:00,    0.0,Z
01/09/2025,22:00,    0.0,Z
01/09/2025,23:00,    0.2,Z
02/09/2025,00:00,    0.0,Z
02/09/2025,01:00,    0.0,Z
02/09/2025,02:00,    0.0,Z
02/09/2025,03:00,    0.0,Z
02/09/2025,04:00,    0.0,Z
02/09/2025,05:00,    0.0,Z
02/09/2025,06:00,    0.0,Z
02/09/2025,07:00,    0.0,Z
02/09/2025,08:00,    0.0,Z
02/09/2025,09:00,    0.0,Z
02/09/2025,10:00,    0.0,Z
02/09/2025,11:00,    0.0,Z
02/09/2025,12:00,    0.0,Z
02/09/2025,13:00,    0.0,Z
02/09/2025,14:00,    0.0,Z
02/09/2025,15:00,    0.0,Z
02/09/2025,16:00,    0.0,Z
02/09/2025,17:00,    0.0,Z
02/09/2025,18:00,    0.0,Z
02/09/2025,19:00,    0.0,Z
02/09/2025,20:00,    0.0,Z
02/09/2025,21:00,    0.0,Z
02/09/2025,22:00,    0.0,Z
02/09/2025,23:00,    0.0,Z
03/09/2025,00:00,    0.0,Z
03/09/2025,01:00,    0.0,Z
03/09/2025,02:00,    0.0,Z
03/09/2025,03:00,    0.0,Z
03/09/2025,04:00,    0.0,Z
03/09/2025,05:00,    0.0,Z
03/09/2025,06:00,    0.0,Z
03/09/2025,07:00,    0.0,Z
03/09/2025,08:00,    0.0,Z
03/09/2025,09:00,    0.0,Z
03/09/2025,10:00,    0.0,Z
03/09/2025,11:00,    0.0,Z
03/09/2025,12:00,    0.0,Z
03/09/2025,13:00,    0.0,Z
03/09/2025,14:00,    0.0,Z
03/09/2025,15:00,    0.0,Z
03/09/2025,16:00,    0.0,Z
03/09/2025,17:00,    0.0,Z
03/09/2025,18:00,    0.0,Z
03/09/2025,19:00,    0.0,Z
03/09/2025,20:00,    0.0,Z
03/09/2025,21:00,    0.0,Z
03/09/2025,22:00,    0.0,Z
03/09/2025,23:00,    0.0,Z
04/09/2025,00:00,    0.0,Z
04/09/2025,01:00,    0.0,Z
04/09/2025,02:00,    0.0,Z
04/09/2025,03:00,    0.0,Z
04/09/2025,04:00,    0.0,Z
04/09/2025,05:00,    0.0,Z
04/09/2025,06:00,    0.0,Z
04/09/2025,07:00,    0.0,Z
04/09/2025,08:00,    0.0,Z
04/09/2025,09:00,    0.0,Z
04/09/2025,10:00,    0.0,Z
04/09/2025,11:00,    0.0,Z
04/09/2025,12:00,    0.0,Z
04/09/2025,13:00,    0.0,Z
04/09/2025,14:00,    0.0,Z
04/09/2025,15:00,    0.0,Z
04/09/2025,16:00,    0.0,Z
04/09/2025,17:00,    0.0,Z
04/09/2025,18:00,    0.0,Z
04/09/2025,19:00,    0.0,Z
04/09/2025,20:00,    1.0,Z
04/09/2025,21:00,    2.0,Z
04/09/2025,22:00,    0.2,Z
04/09/2025,23:00,    0.0,Z
05/09/2025,00:00,    0.0,Z
05/09/2025,01:00,    0.0,Z
05/09/2025,02:00,    0.0,Z
05/09/2025,03:00,    0.0,Z
05/09/2025,04:00,    0.0,Z
05/09/2025,05:00,    0.0,Z
05/09/2025,06:00,    0.0,Z
05/09/2025,07:00,    0.2,Z
05/09/2025,08:00,    0.0,Z
05/09/2025,09:00,    0.0,Z
05/09/2025,10:00,    0.0,Z
05/09/2025,11:00,    0.0,Z
05/09/2025,12:00,    0.0,Z
05/09/2025,13:00,    0.0,Z
05/09/2025,14:00,    0.0,Z
05/09/2025,15:00,    0.0,Z
05/09/2025,16:00,    0.0,Z
05/09/2025,17:00,    0.0,Z
05/09/2025,18:00,    0.0,Z
05/09/2025,19:00,    0.0,Z
05/09/2025,20:00,    0.0,Z
05/09/2025,21:00,    0.0,Z
05/09/2025,22:00,    0.0,Z
05/09/2025,23:00,    0.0,Z
06/09/2025,00:00,    0.0,Z
06/09/2025,01:00,    0.0,Z
06/09/2025,02:00,    0.0,Z
06/09/2025,03:00,    0.0,Z
06/09/2025,04:00,    0.0,Z
06/09/2025,05:00,    0.0,Z
06/09/2025,06:00,    0.0,Z
06/09/2025,07:00,    0.0,Z
06/09/2025,08:00,    0.0,Z
06/09/2025,09:00,    0.0,Z
06/09/2025,10:00,    0.0,Z
06/09/2025,11:00,    0.0,Z
06/09/2025,12:00,    0.0,Z
06/09/2025,13:00,    0.0,Z
06/09/2025,14:00,    0.0,Z
06/09/2025,15:00,    0.0,Z
06/09/2025,16:00,    0.0,Z
06/09/2025,17:00,    0.0,Z
06/09/2025,18:00,    0.0,Z
06/09/2025,19:00,    0.0,Z
06/09/2025,20:00,    0.0,Z
06/09/2025,21:00,    0.0,Z
06/09/2025,22:00,    0.0,Z
06/09/2025,23:00,    0.0,Z
07/09/2025,00:00,    0.0,Z
07/09/2025,01:00,    0.0,Z
07/09/2025,02:00,    0.0,Z
07/09/2025,03:00,    0.0,Z
07/09/2025,04:00,    0.0,Z
07/09/2025,05:00,    0.0,Z
07/09/2025,06:00,    0.0,Z
07/09/2025,07:00,    0.0,Z
07/09/2025,08:00,    0.0,Z
07/09/2025,09:00,    0.0,Z
07/09/2025,10:00,    0.0,Z
07/09/2025,11:00,    0.0,Z
07/09/2025,12:00,    0.0,Z
07/09/2025,13:00,    0.0,Z
07/09/2025,14:00,    0.0,Z
07/09/2025,15:00,    0.0,Z
07/09/2025,16:00,    0.0,Z
07/09/2025,17:00,    0.0,Z
07/09/2025,18:00,    0.0,Z
07/09/2025,19:00,    0.0,Z
07/09/2025,20:00,    0.0,Z
07/09/2025,21:00,    0.0,Z
07/09/2025,22:00,    0.0,Z
07/09/2025,23:00,    0.0,Z
08/09/2025,00:00,    0.0,Z
08/09/2025,01:00,    0.0,Z
08/09/2025,02:00,    0.0,Z
08/09/2025,03:00,    0.0,Z
08/09/2025,04:00,    0.0,Z
08/09/2025,05:00,    0.0,Z
08/09/2025,06:00,    0.0,Z
08/09/2025,07:00,    0.0,Z
08/09/2025,08:00,    0.0,Z
08/09/2025,09:00,    0.0,Z
08/09/2025,10:00,    0.0,Z
08/09/2025,11:00,    0.0,Z
08/09/2025,12:00,    0.0,Z
08/09/2025,13:00,    0.0,Z
08/09/2025,14:00,    0.0,Z
08/09/2025,15:00,    0.0,Z
08/09/2025,16:00,    0.0,Z
08/09/2025,17:00,    0.0,Z
08/09/2025,18:00,    0.0,Z
08/09/2025,19:00,    0.0,Z
08/09/2025,20:00,    0.0,Z
08/09/2025,21:00,    0.0,Z
08/09/2025,22:00,    0.0,Z
08/09/2025,23:00,    0.0,Z
09/09/2025,00:00,    0.0,Z
09/09/2025,01:00,    0.0,Z
09/09/2025,02:00,    0.0,Z
09/09/2025,03:00,    0.0,Z
09/09/2025,04:00,    0.0,Z
09/09/2025,05:00,    0.0,Z
09/09/2025,06:00,    0.0,Z
09/09/2025,07:00,    0.0,Z
09/09/2025,08:00,    0.0,Z
09/09/2025,09:00,    0.0,Z
09/09/2025,10:00,    0.0,Z
09/09/2025,11:00,    0.0,Z
09/09/2025,12:00,    0.0,Z
09/09/2025,13:00,    0.0,Z
09/09/2025,14:00,    0.0,Z
09/09/2025,15:00,    0.0,Z
09/09/2025,16:00,    0.0,Z
09/09/2025,17:00,    1.4,Z
09/09/2025,18:00,    0.2,Z
09/09/2025,19:00,    0.0,Z
09/09/2025,20:00,    0.0,Z
09/09/2025,21:00,    0.0,Z
09/09/2025,22:00,    0.0,Z
09/09/2025,23:00,    0.0,Z
10/09/2025,00:00,    0.0,Z
10/09/2025,01:00,    0.0,Z
10/09/2025,02:00,    0.0,Z
10/09/2025,03:00,    0.0,Z
10/09/2025,04:00,    0.0,Z
10/09/2025,05:00,    0.0,Z
10/09/2025,06:00,    0.0,Z
10/09/2025,07:00,    0.0,Z
10/09/2025,08:00,    0.0,Z
10/09/2025,09:00,    0.0,Z
10/09/2025,10:00,    0.0,Z
10/09/2025,11:00,    0.0,Z
10/09/2025,12:00,    0.0,Z
10/09/2025,13:00,    0.0,Z
10/09/2025,14:00,    0.0,Z
10/09/2025,15:00,    4.8,Z
10/09/2025,16:00,    0.2,Z
10/09/2025,17:00,    0.0,Z
10/09/2025,18:00,    0.0,Z
10/09/2025,19:00,    0.0,Z
10/09/2025,20:00,    0.6,Z
10/09/2025,21:00,    0.0,Z
10/09/2025,22:00,    0.2,Z
10/09/2025,23:00,    0.0,Z
11/09/2025,00:00,    0.0,Z
11/09/2025,01:00,    0.0,Z
11/09/2025,02:00,    0.0,Z
11/09/2025,03:00,    0.0,Z
11/09/2025,04:00,    0.0,Z
11/09/2025,05:00,    0.0,Z
11/09/2025,06:00,    0.0,Z
11/09/2025,07:00,    0.0,Z
11/09/2025,08:00,    0.0,Z
11/09/2025,09:00,    0.0,Z
11/09/2025,10:00,    0.0,Z
11/09/2025,11:00,    0.0,Z
11/09/2025,12:00,    0.0,Z
11/09/2025,13:00,    0.0,Z
11/09/2025,14:00,    0.0,Z
11/09/2025,15:00,    0.0,Z
11/09/2025,16:00,    0.0,Z
11/09/2025,17:00,    0.0,Z
11/09/2025,18:00,    0.0,Z
11/09/2025,19:00,    0.0,Z
11/09/2025,20:00,    0.0,Z
11/09/2025,21:00,    0.0,Z
11/09/2025,22:00,    0.0,Z
11/09/2025,23:00,    0.0,Z
12/09/2025,00:00,    0.0,Z
12/09/2025,01:00,    0.0,Z
12/09/2025,02:00,    0.0,Z
12/09/2025,03:00,    0.0,Z
12/09/2025,04:00,    0.0,Z
12/09/2025,05:00,    0.0,Z
12/09/2025,06:00,    0.0,Z
12/09/2025,07:00,    0.0,Z
12/09/2025,08:00,    0.0,Z
12/09/2025,09:00,    0.0,Z
12/09/2025,10:00,    0.0,Z
12/09/2025,11:00,    0.0,Z
12/09/2025,12:00,    0.0,Z
12/09/2025,13:00,    0.0,Z
12/09/2025,14:00,    0.0,Z
12/09/2025,15:00,    0.0,Z
12/09/2025,16:00,    0.0,Z
12/09/2025,17:00,    0.0,Z
12/09/2025,18:00,    0.0,Z
12/09/2025,19:00,    0.0,Z
12/09/2025,20:00,    0.0,Z
12/09/2025,21:00,    0.0,Z
12/09/2025,22:00,    0.0,Z
12/09/2025,23:00,    0.0,Z
13/09/2025,00:00,    0.0,Z
13/09/2025,01:00,    0.0,Z
13/09/2025,02:00,    0.0,Z
13/09/2025,03:00,    0.0,Z
13/09/2025,04:00,    0.0,Z
13/09/2025,05:00,    0.0,Z
13/09/2025,06:00,    0.0,Z
13/09/2025,07:00,    0.0,Z
13/09/2025,08:00,    0.0,Z
13/09/2025,09:00,    0.0,Z
13/09/2025,10:00,    0.0,Z
13/09/2025,11:00,    0.0,Z
13/09/2025,12:00,    0.0,Z
13/09/2025,13:00,    0.0,Z
13/09/2025,14:00,    0.0,Z
13/09/2025,15:00,    0.0,Z
13/09/2025,16:00,    0.0,Z
13/09/2025,17:00,    0.0,Z
13/09/2025,18:00,    0.2,Z
13/09/2025,19:00,    0.0,Z
13/09/2025,20:00,    0.0,Z
13/09/2025,21:00,    0.0,Z
13/09/2025,22:00,    0.0,Z
13/09/2025,23:00,    0.0,Z
14/09/2025,00:00,    0.2,Z
14/09/2025,01:00,    0.0,Z
14/09/2025,02:00,    0.0,Z
14/09/2025,03:00,    0.0,Z
14/09/2025,04:00,    0.0,Z
14/09/2025,05:00,    0.0,Z
14/09/2025,06:00,    0.0,Z
14/09/2025,07:00,    0.0,Z
14/09/2025,08:00,    0.0,Z
14/09/2025,09:00,    0.0,Z
14/09/2025,10:00,    0.0,Z
14/09/2025,11:00,    0.0,Z
14/09/2025,12:00,    0.0,Z
14/09/2025,13:00,    0.0,Z
14/09/2025,14:00,    0.0,Z
14/09/2025,15:00,    0.0,Z
14/09/2025,16:00,    0.0,Z
14/09/2025,17:00,    0.0,Z
14/09/2025,18:00,    0.0,Z
14/09/2025,19:00,    0.0,Z
14/09/2025,20:00,    0.0,Z
14/09/2025,21:00,    0.0,Z
14/09/2025,22:00,    0.0,Z
14/09/2025,23:00,    0.0,Z
15/09/2025,00:00,    0.0,Z
15/09/2025,01:00,    0.0,Z
15/09/2025,02:00,    0.0,Z
15/09/2025,03:00,    0.0,Z
15/09/2025,04:00,    0.0,Z
15/09/2025,05:00,    0.0,Z
15/09/2025,06:00,    0.0,Z
15/09/2025,07:00,    0.0,Z
15/09/2025,08:00,    0.0,Z
15/09/2025,09:00,    0.0,Z
15/09/2025,10:00,    0.0,Z
15/09/2025,11:00,    0.0,Z
15/09/2025,12:00,    0.0,Z
15/09/2025,13:00,    0.0,Z
15/09/2025,14:00,    0.0,Z
15/09/2025,15:00,    0.0,Z
15/09/2025,16:00,    0.0,Z
15/09/2025,17:00,    0.0,Z
15/09/2025,18:00,    0.0,Z
15/09/2025,19:00,    0.0,Z
15/09/2025,20:00,    0.0,Z
15/09/2025,21:00,    0.0,Z
15/09/2025,22:00,    0.0,Z
15/09/2025,23:00,    0.0,Z
16/09/2025,00:00,    0.0,Z
16/09/2025,01:00,    0.0,Z
16/09/2025,02:00,    0.0,Z
16/09/2025,03:00,    0.0,Z
16/09/2025,04:00,    0.0,Z
16/09/2025,05:00,    0.0,Z
16/09/2025,06:00,    0.0,Z
16/09/2025,07:00,    0.0,Z
16/09/2025,08:00,    0.0,Z
16/09/2025,09:00,    0.0,Z
16/09/2025,10:00,    0.0,Z
16/09/2025,11:00,    0.0,Z
16/09/2025,12:00,    0.0,Z
16/09/2025,13:00,    0.0,Z
16/09/2025,14:00,    0.0,Z
16/09/2025,15:00,    0.0,Z
16/09/2025,16:00,    0.0,Z
16/09/2025,17:00,    0.0,Z
16/09/2025,18:00,    0.0,Z
16/09/2025,19:00,    0.0,Z
16/09/2025,20:00,    0.0,Z
16/09/2025,21:00,    0.0,Z
16/09/2025,22:00,    0.0,Z
16/09/2025,23:00,    0.0,Z
17/09/2025,00:00,    0.0,Z
17/09/2025,01:00,    0.0,Z
17/09/2025,02:00,    0.0,Z
17/09/2025,03:00,    0.0,Z
17/09/2025,04:00,    0.0,Z
17/09/2025,05:00,    0.0,Z
17/09/2025,06:00,    0.0,Z
17/09/2025,07:00,    0.0,Z
17/09/2025,08:00,    0.0,Z
17/09/2025,09:00,    0.0,Z
17/09/2025,10:00,    0.0,Z
17/09/2025,11:00,    0.0,Z
17/09/2025,12:00,    0.0,Z
17/09/2025,13:00,    0.0,Z
17/09/2025,14:00,    0.0,Z
17/09/2025,15:00,    0.0,Z
17/09/2025,16:00,    0.0,Z
17/09/2025,17:00,    0.0,Z
17/09/2025,18:00,    0.0,Z
17/09/2025,19:00,    0.0,Z
17/09/2025,20:00,    0.0,Z
17/09/2025,21:00,    0.0,Z
17/09/2025,22:00,    0.0,Z
17/09/2025,23:00,    0.0,Z
18/09/2025,00:00,    0.0,Z
18/09/2025,01:00,    0.0,Z
18/09/2025,02:00,    0.0,Z
18/09/2025,03:00,    0.0,Z
18/09/2025,04:00,    0.0,Z
18/09/2025,05:00,    0.0,Z
18/09/2025,06:00,    0.0,Z
18/09/2025,07:00,    0.0,Z
18/09/2025,08:00,    0.0,Z
18/09/2025,09:00,    0.0,Z
18/09/2025,10:00,    0.0,Z
18/09/2025,11:00,    0.0,Z
18/09/2025,12:00,    0.0,Z
18/09/2025,13:00,    0.0,Z
18/09/2025,14:00,       ,Z
18/09/2025,15:00,    0.0,Z
18/09/2025,16:00,    0.0,Z
18/09/2025,17:00,    0.0,Z
18/09/2025,18:00,    0.0,Z
18/09/2025,19:00,    0.0,Z
18/09/2025,20:00,    0.0,Z
18/09/2025,21:00,    0.0,Z
18/09/2025,22:00,    0.0,Z
18/09/2025,23:00,    0.0,Z
19/09/2025,00:00,    0.0,Z
19/09/2025,01:00,    0.0,Z
19/09/2025,02:00,    0.0,Z
19/09/2025,03:00,    0.0,Z
19/09/2025,04:00,    0.0,Z
19/09/2025,05:00,    0.0,Z
19/09/2025,06:00,    0.0,Z
19/09/2025,07:00,    0.0,Z
19/09/2025,08:00,    0.0,Z
19/09/2025,09:00,    0.0,Z
19/09/2025,10:00,    0.0,Z
19/09/2025,11:00,    0.0,Z
19/09/2025,12:00,    0.0,Z
19/09/2025,13:00,    0.0,Z
19/09/2025,14:00,    0.0,Z
19/09/2025,15:00,    0.0,Z
19/09/2025,16:00,    0.0,Z
19/09/2025,17:00,    0.0,Z
19/09/2025,18:00,    0.0,Z
19/09/2025,19:00,    0.0,Z
19/09/2025,20:00,    0.0,Z
19/09/2025,21:00,    0.0,Z
19/09/2025,22:00,    0.0,Z
19/09/2025,23:00,    0.0,Z
20/09/2025,00:00,    0.0,Z
20/09/2025,01:00,    0.0,Z
20/09/2025,02:00,    0.0,Z
20/09/2025,03:00,    0.0,Z
20/09/2025,04:00,    0.0,Z
20/09/2025,05:00,    0.0,Z
20/09/2025,06:00,    0.0,Z
20/09/2025,07:00,    0.0,Z
20/09/2025,08:00,    0.0,Z
20/09/2025,09:00,    0.0,Z
20/09/2025,10:00,    0.0,Z
20/09/2025,11:00,    0.0,Z
20/09/2025,12:00,    0.0,Z
20/09/2025,13:00,    0.0,Z
20/09/2025,14:00,    0.0,Z
20/09/2025,15:00,    0.0,Z
20/09/2025,16:00,    0.0,Z
20/09/2025,17:00,    0.0,Z
20/09/2025,18:00,    0.0,Z
20/09/2025,19:00,    0.0,Z
20/09/2025,20:00,    0.0,Z
20/09/2025,21:00,    0.0,Z
20/09/2025,22:00,    0.0,Z
20/09/2025,23:00,    0.0,Z
21/09/2025,00:00,    0.0,Z
21/09/2025,01:00,    0.0,Z
21/09/2025,02:00,    0.0,Z
21/09/2025,03:00,    0.0,Z
21/09/2025,04:00,    0.0,Z
21/09/2025,05:00,    0.0,Z
21/09/2025,06:00,    0.0,Z
21/09/2025,07:00,    0.0,Z
21/09/2025,08:00,    0.0,Z
21/09/2025,09:00,    0.0,Z
21/09/2025,10:00,    0.0,Z
21/09/2025,11:00,    0.0,Z
21/09/2025,12:00,    0.0,Z
21/09/2025,13:00,    0.0,Z
21/09/2025,14:00,    0.0,Z
21/09/2025,15:00,    0.0,Z
21/09/2025,16:00,    0.0,Z
21/09/2025,17:00,    0.0,Z
21/09/2025,18:00,    0.0,Z
21/09/2025,19:00,    0.0,Z
21/09/2025,20:00,    2.2,Z
21/09/2025,21:00,    3.4,Z
21/09/2025,22:00,    3.6,Z
21/09/2025,23:00,    9.6,Z
22/09/2025,00:00,    8.0,Z
22/09/2025,01:00,    8.0,Z
22/09/2025,02:00,    9.4,Z
22/09/2025,03:00,   12.5,Z
22/09/2025,04:00,    5.4,Z
22/09/2025,05:00,    0.0,Z
22/09/2025,06:00,    0.0,Z
22/09/2025,07:00,    0.0,Z
22/09/2025,08:00,    0.0,Z
22/09/2025,09:00,    0.0,Z
22/09/2025,10:00,    0.0,Z
22/09/2025,11:00,    0.0,Z
22/09/2025,12:00,    0.0,Z
22/09/2025,13:00,    0.0,Z
22/09/2025,14:00,    0.0,Z
22/09/2025,15:00,    0.0,Z
22/09/2025,16:00,    0.0,Z
22/09/2025,17:00,    0.0,Z
22/09/2025,18:00,    0.0,Z
22/09/2025,19:00,    0.0,Z
22/09/2025,20:00,    0.0,Z
22/09/2025,21:00,    0.0,Z
22/09/2025,22:00,    0.0,Z
22/09/2025,23:00,    0.0,Z
23/09/2025,00:00,    0.0,Z
23/09/2025,01:00,    0.0,Z
23/09/2025,02:00,    0.0,Z
23/09/2025,03:00,    0.0,Z
23/09/2025,04:00,    0.0,Z
23/09/2025,05:00,    0.0,Z
23/09/2025,06:00,    0.0,Z
23/09/2025,07:00,    0.0,Z
23/09/2025,08:00,    0.0,Z
23/09/2025,09:00,    0.0,Z
23/09/2025,10:00,    0.0,Z
23/09/2025,11:00,    0.0,Z
23/09/2025,12:00,    0.0,Z
23/09/2025,13:00,    0.0,Z
23/09/2025,14:00,    0.0,Z
23/09/2025,15:00,    0.0,Z
23/09/2025,16:00,    0.0,Z
23/09/2025,17:00,    0.0,Z
23/09/2025,18:00,    0.0,Z
23/09/2025,19:00,    0.0,Z
23/09/2025,20:00,    0.0,Z
23/09/2025,21:00,    0.0,Z
23/09/2025,22:00,    0.0,Z
23/09/2025,23:00,    0.0,Z
24/09/2025,00:00,    0.0,Z
24/09/2025,01:00,    0.0,Z
24/09/2025,02:00,    0.0,Z
24/09/2025,03:00,    0.0,Z
24/09/2025,04:00,    0.0,Z
24/09/2025,05:00,    0.0,Z
24/09/2025,06:00,    0.0,Z
24/09/2025,07:00,    0.0,Z
24/09/2025,08:00,    0.0,Z
24/09/2025,09:00,    0.0,Z
24/09/2025,10:00,    0.0,Z
24/09/2025,11:00,    0.0,Z
24/09/2025,12:00,    0.0,Z
24/09/2025,13:00,    0.2,Z
24/09/2025,14:00,    4.0,Z
24/09/2025,15:00,    6.0,Z
24/09/2025,16:00,    5.6,Z
24/09/2025,17:00,    0.4,Z
24/09/2025,18:00,    0.2,Z
24/09/2025,19:00,    0.0,Z
24/09/2025,20:00,    0.0,Z
24/09/2025,21:00,    0.0,Z
24/09/2025,22:00,    0.0,Z
24/09/2025,23:00,    0.0,Z
25/09/2025,00:00,    0.0,Z
25/09/2025,01:00,    0.0,Z
25/09/2025,02:00,    0.0,Z
25/09/2025,03:00,    0.0,Z
25/09/2025,04:00,    0.0,Z
25/09/2025,05:00,    0.0,Z
25/09/2025,06:00,    0.0,Z
25/09/2025,07:00,    0.0,Z
25/09/2025,08:00,    0.0,Z
25/09/2025,09:00,    0.0,Z
25/09/2025,10:00,    0.0,Z
25/09/2025,11:00,    0.0,Z
25/09/2025,12:00,    0.0,Z
25/09/2025,13:00,    0.0,Z
25/09/2025,14:00,    0.0,Z
25/09/2025,15:00,    0.0,Z
25/09/2025,16:00,    0.0,Z
25/09/2025,17:00,    0.2,Z
25/09/2025,18:00,    0.0,Z
25/09/2025,19:00,    0.0,Z
25/09/2025,20:00,    0.0,Z
25/09/2025,21:00,    0.0,Z
25/09/2025,22:00,    0.2,Z
25/09/2025,23:00,    0.0,Z
26/09/2025,00:00,    0.0,Z
26/09/2025,01:00,    0.0,Z
26/09/2025,02:00,    0.0,Z
26/09/2025,03:00,    0.0,Z
26/09/2025,04:00,    0.0,Z
26/09/2025,05:00,    0.0,Z
26/09/2025,06:00,    0.0,Z
26/09/2025,07:00,    0.0,Z
26/09/2025,08:00,    0.0,Z
26/09/2025,09:00,    0.0,Z
26/09/2025,10:00,    0.0,Z
26/09/2025,11:00,    0.0,Z
26/09/2025,12:00,    0.0,Z
26/09/2025,13:00,    0.0,Z
26/09/2025,14:00,    0.0,Z
26/09/2025,15:00,    0.0,Z
26/09/2025,16:00,    0.0,Z
26/09/2025,17:00,    0.0,Z
26/09/2025,18:00,    0.0,Z
26/09/2025,19:00,    0.0,Z
26/09/2025,20:00,    0.0,Z
26/09/2025,21:00,    0.0,Z
26/09/2025,22:00,    0.0,Z
26/09/2025,23:00,    0.0,Z
27/09/2025,00:00,    0.0,Z
27/09/2025,01:00,    0.0,Z
27/09/2025,02:00,    0.0,Z
27/09/2025,03:00,    0.0,Z
27/09/2025,04:00,    0.0,Z
27/09/2025,05:00,    0.0,Z
27/09/2025,06:00,    0.0,Z
27/09/2025,07:00,    0.0,Z
27/09/2025,08:00,    0.0,Z
27/09/2025,09:00,    0.0,Z
27/09/2025,10:00,    0.0,Z
27/09/2025,11:00,    0.0,Z
27/09/2025,12:00,    0.0,Z
27/09/2025,13:00,    0.0,Z
27/09/2025,14:00,    0.0,Z
27/09/2025,15:00,    0.0,Z
27/09/2025,16:00,    0.0,Z
27/09/2025,17:00,    0.0,Z
27/09/2025,18:00,    0.0,Z
27/09/2025,19:00,    0.0,Z
27/09/2025,20:00,    0.0,Z
27/09/2025,21:00,    0.0,Z
27/09/2025,22:00,    0.0,Z
27/09/2025,23:00,    0.0,Z
28/09/2025,00:00,    0.0,Z
28/09/2025,01:00,    0.0,Z
28/09/2025,02:00,    0.0,Z
28/09/2025,03:00,    0.0,Z
28/09/2025,04:00,    0.0,Z
28/09/2025,05:00,    0.0,Z
28/09/2025,06:00,    0.0,Z
28/09/2025,07:00,    0.0,Z
28/09/2025,08:00,    0.0,Z
28/09/2025,09:00,    0.0,Z
28/09/2025,10:00,    0.0,Z
28/09/2025,11:00,    0.0,Z
28/09/2025,12:00,    0.0,Z
28/09/2025,13:00,    0.0,Z
28/09/2025,14:00,    0.0,Z
28/09/2025,15:00,    0.0,Z
28/09/2025,16:00,    0.0,Z
28/09/2025,17:00,    0.0,Z
28/09/2025,18:00,    0.0,Z
28/09/2025,19:00,    0.0,Z
28/09/2025,20:00,    0.0,Z
28/09/2025,21:00,    0.0,Z
28/09/2025,22:00,    0.0,Z
28/09/2025,23:00,    0.0,Z
29/09/2025,00:00,    0.0,Z
29/09/2025,01:00,    0.0,Z
29/09/2025,02:00,    0.0,Z
29/09/2025,03:00,    0.0,Z
29/09/2025,04:00,    0.0,Z
29/09/2025,05:00,    0.0,Z
29/09/2025,06:00,    0.0,Z
29/09/2025,07:00,    0.0,Z
29/09/2025,08:00,    0.0,Z
29/09/2025,09:00,    0.0,Z
29/09/2025,10:00,    0.0,Z
29/09/2025,11:00,    0.0,Z
29/09/2025,12:00,    0.0,Z
29/09/2025,13:00,    0.0,Z
29/09/2025,14:00,    0.0,Z
29/09/2025,15:00,    0.0,Z
29/09/2025,16:00,    0.0,Z
29/09/2025,17:00,    0.0,Z
29/09/2025,18:00,    0.0,Z
29/09/2025,19:00,    0.0,Z
29/09/2025,20:00,    0.0,Z
29/09/2025,21:00,    0.0,Z
29/09/2025,22:00,    0.0,Z
29/09/2025,23:00,    0.0,Z
30/09/2025,00:00,    0.0,Z
30/09/2025,01:00,    0.0,Z
30/09/2025,02:00,    0.0,Z
30/09/2025,03:00,    0.0,Z
30/09/2025,04:00,    0.0,Z
30/09/2025,05:00,    0.0,Z
30/09/2025,06:00,    0.0,Z
30/09/2025,07:00,    0.0,Z
30/09/2025,08:00,    0.0,Z
30/09/2025,09:00,    0.0,Z
30/09/2025,10:00,    0.0,Z
30/09/2025,11:00,    0.0,Z
30/09/2025,12:00,    0.0,Z
30/09/2025,13:00,    0.0,Z
30/09/2025,14:00,    0.0,Z
30/09/2025,15:00,    0.0,Z
30/09/2025,16:00,    0.0,Z
30/09/2025,17:00,    0.0,Z
30/09/2025,18:00,    0.0,Z
30/09/2025,19:00,    0.0,Z
30/09/2025,20:00,    0.0,Z
30/09/2025,21:00,    0.0,Z
30/09/2025,22:00,    0.0,Z
30/09/2025,23:00,    0.0,Z
01/10/2025,00:00,    0.0,Z
01/10/2025,01:00,    0.0,Z
01/10/2025,02:00,    0.0,Z
01/10/2025,03:00,    0.0,Z
01/10/2025,04:00,    0.0,Z
01/10/2025,05:00,    0.0,Z
01/10/2025,06:00,    0.0,Z
01/10/2025,07:00,    0.0,Z
01/10/2025,08:00,    0.0,Z
01/10/2025,09:00,    0.0,Z
01/10/2025,10:00,    0.0,Z
01/10/2025,11:00,    0.0,Z
01/10/2025,12:00,    0.0,Z
01/10/2025,13:00,    0.0,Z
01/10/2025,14:00,    0.0,Z
01/10/2025,15:00,    0.0,Z
01/10/2025,16:00,    0.0,Z
01/10/2025,17:00,    0.0,Z
01/10/2025,18:00,    0.0,Z
01/10/2025,19:00,    0.0,Z
01/10/2025,20:00,    0.0,Z
01/10/2025,21:00,    0.0,Z
01/10/2025,22:00,    0.0,Z
01/10/2025,23:00,    0.0,Z
02/10/2025,00:00,    0.0,Z
02/10/2025,01:00,    0.0,Z
02/10/2025,02:00,    0.0,Z
02/10/2025,03:00,    0.0,Z
02/10/2025,04:00,    0.0,Z
02/10/2025,05:00,    0.0,Z
02/10/2025,06:00,    0.0,Z
02/10/2025,07:00,    0.0,Z
02/10/2025,08:00,    0.0,Z
02/10/2025,09:00,    0.0,Z
02/10/2025,10:00,    0.0,Z
02/10/2025,11:00,    0.0,Z
02/10/2025,12:00,    0.0,Z
02/10/2025,13:00,    0.0,Z
02/10/2025,14:00,    0.0,Z
02/10/2025,15:00,    0.0,Z
02/10/2025,16:00,    0.0,Z
02/10/2025,17:00,    0.0,Z
02/10/2025,18:00,    0.0,Z
02/10/2025,19:00,    0.0,Z
02/10/2025,20:00,    0.0,Z
02/10/2025,21:00,    0.0,Z
02/10/2025,22:00,    0.0,Z
02/10/2025,23:00,    0.0,Z
03/10/2025,00:00,    0.0,Z
03/10/2025,01:00,    0.0,Z
03/10/2025,02:00,    0.0,Z
03/10/2025,03:00,    0.0,Z
03/10/2025,04:00,    0.0,Z
03/10/2025,05:00,    0.0,Z
03/10/2025,06:00,    0.0,Z
03/10/2025,07:00,    0.0,Z
03/10/2025,08:00,    0.0,Z
03/10/2025,09:00,    0.0,Z
03/10/2025,10:00,    0.0,Z
03/10/2025,11:00,    0.0,Z
03/10/2025,12:00,    0.0,Z
03/10/2025,13:00,    0.0,Z
03/10/2025,14:00,    0.0,Z
03/10/2025,15:00,    0.0,Z
03/10/2025,16:00,    0.0,Z
03/10/2025,17:00,    0.0,Z
03/10/2025,18:00,    0.0,Z
03/10/2025,19:00,    0.0,Z
03/10/2025,20:00,    0.0,Z
03/10/2025,21:00,    0.0,Z
03/10/2025,22:00,    0.0,Z
03/10/2025,23:00,    0.0,Z
04/10/2025,00:00,    0.0,Z
04/10/2025,01:00,    0.0,Z
04/10/2025,02:00,    0.0,Z
04/10/2025,03:00,    0.0,Z
04/10/2025,04:00,    0.0,Z
04/10/2025,05:00,    0.0,Z
04/10/2025,06:00,    0.0,Z
04/10/2025,07:00,    0.0,Z
04/10/2025,08:00,    0.0,Z
04/10/2025,09:00,    0.0,Z
04/10/2025,10:00,    0.0,Z
04/10/2025,11:00,    0.0,Z
04/10/2025,12:00,    0.0,Z
04/10/2025,13:00,    0.0,Z
04/10/2025,14:00,    0.0,Z
04/10/2025,15:00,    0.0,Z
04/10/2025,16:00,    0.0,Z
04/10/2025,17:00,    0.0,Z
04/10/2025,18:00,    0.0,Z
04/10/2025,19:00,    0.0,Z
04/10/2025,20:00,    0.0,Z
04/10/2025,21:00,    0.0,Z
04/10/2025,22:00,    0.0,Z
04/10/2025,23:00,    0.0,Z
05/10/2025,00:00,    0.0,Z
05/10/2025,01:00,    0.0,Z
05/10/2025,02:00,    0.0,Z
05/10/2025,03:00,    0.0,Z
05/10/2025,04:00,    0.0,Z
05/10/2025,05:00,    0.0,Z
05/10/2025,06:00,    0.0,Z
05/10/2025,07:00,    0.0,Z
05/10/2025,08:00,    0.0,Z
05/10/2025,09:00,    0.0,Z
05/10/2025,10:00,    0.0,Z
05/10/2025,11:00,    0.0,Z
05/10/2025,12:00,    0.0,Z
05/10/2025,13:00,    0.0,Z
05/10/2025,14:00,    0.0,Z
05/10/2025,15:00,    0.0,Z
05/10/2025,16:00,    0.0,Z
05/10/2025,17:00,    0.0,Z
05/10/2025,18:00,    0.0,Z
05/10/2025,19:00,    0.0,Z
05/10/2025,20:00,    0.0,Z
05/10/2025,21:00,    0.0,Z
05/10/2025,22:00,    0.0,Z
05/10/2025,23:00,    0.0,Z
06/10/2025,00:00,    0.0,Z
06/10/2025,01:00,    0.0,Z
06/10/2025,02:00,    0.0,Z
06/10/2025,03:00,    0.0,Z
06/10/2025,04:00,    0.0,Z
06/10/2025,05:00,    0.0,Z
06/10/2025,06:00,    0.0,Z
06/10/2025,07:00,    0.0,Z
06/10/2025,08:00,    0.0,Z
06/10/2025,09:00,    0.0,Z
06/10/2025,10:00,    0.0,Z
06/10/2025,11:00,    0.0,Z
06/10/2025,12:00,    0.0,Z
06/10/2025,13:00,    0.0,Z
06/10/2025,14:00,    0.0,Z
06/10/2025,15:00,    0.0,Z
06/10/2025,16:00,    0.0,Z
06/10/2025,17:00,    0.0,Z
06/10/2025,18:00,    0.0,Z
06/10/2025,19:00,    0.0,Z
06/10/2025,20:00,    0.0,Z
06/10/2025,21:00,    0.0,Z
06/10/2025,22:00,    0.0,Z
06/10/2025,23:00,    0.0,Z
07/10/2025,00:00,    0.0,Z
07/10/2025,01:00,    0.0,Z
07/10/2025,02:00,    0.0,Z
07/10/2025,03:00,    0.0,Z
07/10/2025,04:00,    0.0,Z
07/10/2025,05:00,    0.0,Z
07/10/2025,06:00,    0.0,Z
07/10/2025,07:00,    0.0,Z
07/10/2025,08:00,    0.0,Z
07/10/2025,09:00,    0.0,Z
07/10/2025,10:00,    0.0,Z
07/10/2025,11:00,    0.0,Z
07/10/2025,12:00,    0.0,Z
07/10/2025,13:00,    0.0,Z
07/10/2025,14:00,    0.0,Z
07/10/2025,15:00,    0.0,Z
07/10/2025,16:00,    0.0,Z
07/10/2025,17:00,    0.0,Z
07/10/2025,18:00,    0.0,Z
07/10/2025,19:00,    0.0,Z
07/10/2025,20:00,    0.0,Z
07/10/2025,21:00,    0.0,Z
07/10/2025,22:00,    0.0,Z
07/10/2025,23:00,    0.0,Z
08/10/2025,00:00,    0.0,Z
08/10/2025,01:00,    0.0,Z
08/10/2025,02:00,    0.0,Z
08/10/2025,03:00,    0.0,Z
08/10/2025,04:00,    0.0,Z
08/10/2025,05:00,    0.0,Z
08/10/2025,06:00,    0.0,Z
08/10/2025,07:00,    0.0,Z
08/10/2025,08:00,    0.0,Z
08/10/2025,09:00,    0.0,Z
08/10/2025,10:00,    0.0,Z
08/10/2025,11:00,    0.0,Z
08/10/2025,12:00,    0.0,Z
08/10/2025,13:00,    0.0,Z
08/10/2025,14:00,    0.0,Z
08/10/2025,15:00,    0.0,Z
08/10/2025,16:00,    0.0,Z
08/10/2025,17:00,    0.0,Z
08/10/2025,18:00,    0.0,Z
08/10/2025,19:00,    0.0,Z
08/10/2025,20:00,    0.0,Z
08/10/2025,21:00,    0.0,Z
08/10/2025,22:00,    0.0,Z
08/10/2025,23:00,    0.0,Z
09/10/2025,00:00,    0.0,Z
09/10/2025,01:00,    0.0,Z
09/10/2025,02:00,    0.0,Z
09/10/2025,03:00,    0.0,Z
09/10/2025,04:00,    0.0,Z
09/10/2025,05:00,    0.0,Z
09/10/2025,06:00,    0.0,Z
09/10/2025,07:00,    0.0,Z
09/10/2025,08:00,    0.0,Z
09/10/2025,09:00,       ,Z
09/10/2025,10:00,    1.0,Y
09/10/2025,11:00,    0.0,Z
09/10/2025,12:00,    0.0,Z
09/10/2025,13:00,    0.0,Z
09/10/2025,14:00,    0.0,Z
09/10/2025,15:00,    0.0,Z
09/10/2025,16:00,    0.0,Z
09/10/2025,17:00,    0.0,Z
09/10/2025,18:00,    0.0,Z
09/10/2025,19:00,    0.0,Z
09/10/2025,20:00,    0.0,Z
09/10/2025,21:00,    0.0,Z
09/10/2025,22:00,    0.0,Z
09/10/2025,23:00,    0.0,Z
10/10/2025,00:00,    0.0,Z
10/10/2025,01:00,    0.0,Z
10/10/2025,02:00,    0.0,Z
10/10/2025,03:00,    0.0,Z
10/10/2025,04:00,    0.0,Z
10/10/2025,05:00,    0.0,Z
10/10/2025,06:00,    0.0,Z
10/10/2025,07:00,    0.0,Z
10/10/2025,08:00,    0.0,Z
10/10/2025,09:00,    0.0,Z
10/10/2025,10:00,    0.0,Z
10/10/2025,11:00,    0.0,Z
10/10/2025,12:00,    0.0,Z
10/10/2025,13:00,    0.0,Z
10/10/2025,14:00,    0.0,Z
10/10/2025,15:00,    0.0,Z
10/10/2025,16:00,    0.0,Z
10/10/2025,17:00,    0.0,Z
10/10/2025,18:00,    0.0,Z
10/10/2025,19:00,    0.0,Z
10/10/2025,20:00,    0.0,Z
10/10/2025,21:00,    0.0,Z
10/10/2025,22:00,    0.0,Z
10/10/2025,23:00,    0.0,Z
11/10/2025,00:00,    0.0,Z
11/10/2025,01:00,    0.0,Z
11/10/2025,02:00,    0.0,Z
11/10/2025,03:00,    0.0,Z
11/10/2025,04:00,    0.0,Z
11/10/2025,05:00,    0.0,Z
11/10/2025,06:00,    0.0,Z
11/10/2025,07:00,    0.0,Z
11/10/2025,08:00,    0.0,Z
11/10/2025,09:00,    0.0,Z
11/10/2025,10:00,    0.0,Z
11/10/2025,11:00,    0.0,Z
11/10/2025,12:00,    0.0,Z
11/10/2025,13:00,    0.0,Z
11/10/2025,14:00,    0.0,Z
11/10/2025,15:00,    0.0,Z
11/10/2025,16:00,    0.0,Z
11/10/2025,17:00,    0.0,Z
11/10/2025,18:00,    0.0,Z
11/10/2025,19:00,    0.0,Z
11/10/2025,20:00,    0.0,Z
11/10/2025,21:00,    0.0,Z
11/10/2025,22:00,    0.0,Z
11/10/2025,23:00,    0.0,Z
12/10/2025,00:00,    0.0,Z
12/10/2025,01:00,    0.0,Z
12/10/2025,02:00,    0.0,Z
12/10/2025,03:00,    0.0,Z
12/10/2025,04:00,    0.0,Z
12/10/2025,05:00,    0.0,Z
12/10/2025,06:00,    0.0,Z
12/10/2025,07:00,    0.0,Z
12/10/2025,08:00,    0.0,Z
12/10/2025,09:00,    0.0,Z
12/10/2025,10:00,    0.0,Z
12/10/2025,11:00,    0.0,Z
12/10/2025,12:00,    0.0,Z
12/10/2025,13:00,    0.0,Z
12/10/2025,14:00,    0.0,Z
12/10/2025,15:00,    0.0,Z
12/10/2025,16:00,    0.0,Z
12/10/2025,17:00,    0.0,Z
12/10/2025,18:00,    0.0,Z
12/10/2025,19:00,    0.0,Z
12/10/2025,20:00,    0.0,Z
12/10/2025,21:00,    0.0,Z
12/10/2025,22:00,    0.0,Z
12/10/2025,23:00,    0.0,Z
13/10/2025,00:00,    0.0,Z
13/10/2025,01:00,    0.0,Z
13/10/2025,02:00,    0.0,Z
13/10/2025,03:00,    0.0,Z
13/10/2025,04:00,    0.0,Z
13/10/2025,05:00,    0.0,Z
13/10/2025,06:00,    0.0,Z
13/10/2025,07:00,    0.0,Z
13/10/2025,08:00,    0.0,Z
13/10/2025,09:00,    0.0,Z
13/10/2025,10:00,    0.0,Z
13/10/2025,11:00,    0.0,Z
13/10/2025,12:00,    0.0,Z
13/10/2025,13:00,    0.0,Z
13/10/2025,14:00,    0.0,Z
13/10/2025,15:00,    0.0,Z
13/10/2025,16:00,    0.0,Z
13/10/2025,17:00,    0.0,Z
13/10/2025,18:00,    0.0,Z
13/10/2025,19:00,    0.0,Z
13/10/2025,20:00,    0.0,Z
13/10/2025,21:00,    0.0,Z
13/10/2025,22:00,    0.0,Z
13/10/2025,23:00,    0.0,Z
14/10/2025,00:00,    0.0,Z
14/10/2025,01:00,    0.0,Z
14/10/2025,02:00,    0.0,Z
14/10/2025,03:00,    0.0,Z
14/10/2025,04:00,    0.0,Z
14/10/2025,05:00,    0.0,Z
14/10/2025,06:00,    0.0,Z
14/10/2025,07:00,    0.0,Z
14/10/2025,08:00,    0.0,Z
14/10/2025,09:00,    0.0,Z
14/10/2025,10:00,    0.0,Z
14/10/2025,11:00,    0.0,Z
14/10/2025,12:00,    0.0,Z
14/10/2025,13:00,    0.0,Z
14/10/2025,14:00,    0.0,Z
14/10/2025,15:00,    0.0,Z
14/10/2025,16:00,    0.0,Z
14/10/2025,17:00,    0.0,Z
14/10/2025,18:00,    0.0,Z
14/10/2025,19:00,    0.0,Z
14/10/2025,20:00,    0.0,Z
14/10/2025,21:00,    0.0,Z
14/10/2025,22:00,    0.0,Z
14/10/2025,23:00,    0.0,Z
15/10/2025,00:00,    0.0,Z
15/10/2025,01:00,    0.0,Z
15/10/2025,02:00,    0.0,Z
15/10/2025,03:00,    0.0,Z
15/10/2025,04:00,    0.0,Z
15/10/2025,05:00,    0.0,Z
15/10/2025,06:00,    0.0,Z
15/10/2025,07:00,    0.0,Z
15/10/2025,08:00,    0.0,Z
15/10/2025,09:00,    0.0,Z
15/10/2025,10:00,    0.0,Z
15/10/2025,11:00,    0.0,Z
15/10/2025,12:00,    0.0,Z
15/10/2025,13:00,    0.0,Z
15/10/2025,14:00,    0.0,Z
15/10/2025,15:00,    0.0,Z
15/10/2025,16:00,    0.0,Z
15/10/2025,17:00,    0.0,Z
15/10/2025,18:00,    0.0,Z
15/10/2025,19:00,    0.0,Z
15/10/2025,20:00,    0.0,Z
15/10/2025,21:00,    0.0,Z
15/10/2025,22:00,    0.0,Z
15/10/2025,23:00,    0.0,Z
16/10/2025,00:00,    0.0,Z
16/10/2025,01:00,    0.0,Z
16/10/2025,02:00,    0.0,Z
16/10/2025,03:00,    0.0,Z
16/10/2025,04:00,    0.0,Z
16/10/2025,05:00,    0.0,Z
16/10/2025,06:00,    0.0,Z
16/10/2025,07:00,    0.0,Z
16/10/2025,08:00,    0.0,Z
16/10/2025,09:00,    0.0,Z
16/10/2025,10:00,    0.0,Z
16/10/2025,11:00,    0.0,Z
16/10/2025,12:00,    0.0,Z
16/10/2025,13:00,    0.0,Z
16/10/2025,14:00,    0.0,Z
16/10/2025,15:00,    0.0,Z
16/10/2025,16:00,    0.0,Z
16/10/2025,17:00,    0.0,Z
16/10/2025,18:00,    0.0,Z
16/10/2025,19:00,    0.0,Z
16/10/2025,20:00,    0.0,Z
16/10/2025,21:00,    0.0,Z
16/10/2025,22:00,    0.0,Z
16/10/2025,23:00,    0.0,Z
17/10/2025,00:00,    0.0,Z
17/10/2025,01:00,    0.0,Z
17/10/2025,02:00,    0.0,Z
17/10/2025,03:00,    0.0,Z
17/10/2025,04:00,    0.0,Z
17/10/2025,05:00,    0.0,Z
17/10/2025,06:00,    0.0,Z
17/10/2025,07:00,    0.0,Z
17/10/2025,08:00,    0.0,Z
17/10/2025,09:00,    0.0,Z
17/10/2025,10:00,    0.0,Z
17/10/2025,11:00,    0.0,Z
17/10/2025,12:00,    0.0,Z
17/10/2025,13:00,    0.0,Z
17/10/2025,14:00,    0.0,Z
17/10/2025,15:00,    0.0,Z
17/10/2025,16:00,    0.0,Z
17/10/2025,17:00,    0.0,Z
17/10/2025,18:00,    0.0,Z
17/10/2025,19:00,    0.0,Z
17/10/2025,20:00,    0.0,Z
17/10/2025,21:00,    0.0,Z
17/10/2025,22:00,    0.0,Z
17/10/2025,23:00,    0.0,Z
18/10/2025,00:00,    0.0,Z
18/10/2025,01:00,    0.0,Z
18/10/2025,02:00,    0.0,Z
18/10/2025,03:00,    0.0,Z
18/10/2025,04:00,    0.0,Z
18/10/2025,05:00,    0.0,Z
18/10/2025,06:00,    0.0,Z
18/10/2025,07:00,    0.0,Z
18/10/2025,08:00,    0.0,Z
18/10/2025,09:00,    0.0,Z
18/10/2025,10:00,    0.0,Z
18/10/2025,11:00,    0.0,Z
18/10/2025,12:00,    0.0,Z
18/10/2025,13:00,    0.0,Z
18/10/2025,14:00,    0.0,Z
18/10/2025,15:00,    0.0,Z
18/10/2025,16:00,    0.0,Z
18/10/2025,17:00,    0.0,Z
18/10/2025,18:00,    0.0,Z
18/10/2025,19:00,    0.0,Z
18/10/2025,20:00,    0.0,Z
18/10/2025,21:00,    0.0,Z
18/10/2025,22:00,    0.0,Z
18/10/2025,23:00,    0.0,Z
19/10/2025,00:00,    0.0,Z
19/10/2025,01:00,    0.0,Z
19/10/2025,02:00,    0.0,Z
19/10/2025,03:00,    0.0,Z
19/10/2025,04:00,    0.0,Z
19/10/2025,05:00,    0.0,Z
19/10/2025,06:00,    0.0,Z
19/10/2025,07:00,    0.0,Z
19/10/2025,08:00,    0.0,Z
19/10/2025,09:00,    0.0,Z
19/10/2025,10:00,    0.0,Z
19/10/2025,11:00,    0.0,Z
19/10/2025,12:00,    0.0,Z
19/10/2025,13:00,    0.0,Z
19/10/2025,14:00,    0.0,Z
19/10/2025,15:00,    0.0,Z
19/10/2025,16:00,    0.0,Z
19/10/2025,17:00,    0.0,Z
19/10/2025,18:00,    0.0,Z
19/10/2025,19:00,    0.0,Z
19/10/2025,20:00,    0.0,Z
19/10/2025,21:00,    0.0,Z
19/10/2025,22:00,    0.0,Z
19/10/2025,23:00,    0.0,Z
20/10/2025,00:00,    0.0,Z
20/10/2025,01:00,    0.0,Z
20/10/2025,02:00,    0.0,Z
20/10/2025,03:00,    0.0,Z
20/10/2025,04:00,    0.4,Z
20/10/2025,05:00,    0.6,Z
20/10/2025,06:00,    0.4,Z
20/10/2025,07:00,    0.6,Z
20/10/2025,08:00,    1.6,Z
20/10/2025,09:00,    2.8,Z
20/10/2025,10:00,    1.4,Z
20/10/2025,11:00,    0.8,Z
20/10/2025,12:00,    1.2,Z
20/10/2025,13:00,    1.4,Z
20/10/2025,14:00,    3.6,Z
20/10/2025,15:00,    5.8,Z
20/10/2025,16:00,    7.2,Z
20/10/2025,17:00,    3.2,Z
20/10/2025,18:00,    1.0,Z
20/10/2025,19:00,    0.2,Z
20/10/2025,20:00,    0.0,Z
20/10/2025,21:00,    0.0,Z
20/10/2025,22:00,    0.0,Z
20/10/2025,23:00,    0.0,Z
21/10/2025,00:00,    0.0,Z
21/10/2025,01:00,    0.0,Z
21/10/2025,02:00,    0.0,Z
21/10/2025,03:00,    0.0,Z
21/10/2025,04:00,    0.0,Z
21/10/2025,05:00,    0.0,Z
21/10/2025,06:00,    0.0,Z
21/10/2025,07:00,    0.0,Z
21/10/2025,08:00,    0.0,Z
21/10/2025,09:00,    0.0,Z
21/10/2025,10:00,    0.0,Z
21/10/2025,11:00,    0.0,Z
21/10/2025,12:00,    0.0,Z
21/10/2025,13:00,    0.0,Z
21/10/2025,14:00,    0.0,Z
21/10/2025,15:00,    0.0,Z
21/10/2025,16:00,    0.0,Z
21/10/2025,17:00,    0.0,Z
21/10/2025,18:00,    0.0,Z
21/10/2025,19:00,    0.0,Z
21/10/2025,20:00,    0.0,Z
21/10/2025,21:00,    0.0,Z
21/10/2025,22:00,    0.0,Z
21/10/2025,23:00,    0.0,Z
22/10/2025,00:00,    0.0,Z
22/10/2025,01:00,    0.0,Z
22/10/2025,02:00,    0.0,Z
22/10/2025,03:00,    0.0,Z
22/10/2025,04:00,    0.0,Z
22/10/2025,05:00,    0.0,Z
22/10/2025,06:00,    0.0,Z
22/10/2025,07:00,    0.0,Z
22/10/2025,08:00,    0.0,Z
22/10/2025,09:00,    0.0,Z
22/10/2025,10:00,    0.0,Z
22/10/2025,11:00,    0.0,Z
22/10/2025,12:00,    0.0,Z
22/10/2025,13:00,    0.0,Z
22/10/2025,14:00,    0.0,Z
22/10/2025,15:00,    0.0,Z
22/10/2025,16:00,    0.0,Z
22/10/2025,17:00,    0.0,Z
22/10/2025,18:00,    0.0,Z
22/10/2025,19:00,    0.0,Z
22/10/2025,20:00,    0.0,Z
22/10/2025,21:00,    0.0,Z
22/10/2025,22:00,    0.0,Z
22/10/2025,23:00,    0.0,Z
23/10/2025,00:00,    0.0,Z
23/10/2025,01:00,    0.0,Z
23/10/2025,02:00,    0.0,Z
23/10/2025,03:00,    0.0,Z
23/10/2025,04:00,    0.0,Z
23/10/2025,05:00,    0.0,Z
23/10/2025,06:00,    0.0,Z
23/10/2025,07:00,    0.6,Z
23/10/2025,08:00,    3.0,Z
23/10/2025,09:00,    0.6,Z
23/10/2025,10:00,    0.0,Z
23/10/2025,11:00,    0.4,Z
23/10/2025,12:00,    2.0,Z
23/10/2025,13:00,    0.0,Z
23/10/2025,14:00,    0.0,Z
23/10/2025,15:00,    0.0,Z
23/10/2025,16:00,    0.0,Z
23/10/2025,17:00,    0.0,Z
23/10/2025,18:00,    0.0,Z
23/10/2025,19:00,    0.0,Z
23/10/2025,20:00,    0.0,Y
23/10/2025,21:00,    0.0,Z
23/10/2025,22:00,    0.0,Z
23/10/2025,23:00,    0.0,Z
24/10/2025,00:00,    0.0,Z
24/10/2025,01:00,    0.0,Z
24/10/2025,02:00,    0.0,Z
24/10/2025,03:00,    0.0,Z
24/10/2025,04:00,    0.0,Z
24/10/2025,05:00,    0.0,Z
24/10/2025,06:00,    0.0,Z
24/10/2025,07:00,    0.0,Z
24/10/2025,08:00,    0.0,Z
24/10/2025,09:00,    0.0,Z
24/10/2025,10:00,    0.0,Z
24/10/2025,11:00,    0.0,Z
24/10/2025,12:00,    0.0,Z
24/10/2025,13:00,    0.0,Z
24/10/2025,14:00,    0.0,Z
24/10/2025,15:00,    0.0,Z
24/10/2025,16:00,    0.0,Z
24/10/2025,17:00,    0.0,Z
24/10/2025,18:00,    0.0,Z
24/10/2025,19:00,    0.0,Z
24/10/2025,20:00,    0.0,Z
24/10/2025,21:00,    0.0,Z
24/10/2025,22:00,    0.0,Z
24/10/2025,23:00,    0.0,Z
25/10/2025,00:00,    0.0,Z
25/10/2025,01:00,    0.0,Z
25/10/2025,02:00,    0.0,Z
25/10/2025,03:00,    0.0,Z
25/10/2025,04:00,    0.0,Z
25/10/2025,05:00,    0.0,Z
25/10/2025,06:00,    0.0,Z
25/10/2025,07:00,    0.0,Z
25/10/2025,08:00,    0.0,Z
25/10/2025,09:00,    0.0,Z
25/10/2025,10:00,    0.0,Z
25/10/2025,11:00,    0.0,Z
25/10/2025,12:00,    0.0,Z
25/10/2025,13:00,    0.0,Z
25/10/2025,14:00,    0.0,Z
25/10/2025,15:00,    0.0,Z
25/10/2025,16:00,    0.0,Z
25/10/2025,17:00,    0.0,Z
25/10/2025,18:00,    0.0,Z
25/10/2025,19:00,    0.0,Z
25/10/2025,20:00,    0.0,Z
25/10/2025,21:00,    0.0,Z
25/10/2025,22:00,    0.0,Z
25/10/2025,23:00,    0.0,Z
26/10/2025,00:00,    0.0,Z
26/10/2025,01:00,    0.0,Z
26/10/2025,02:00,    0.0,Z
26/10/2025,03:00,    0.0,Z
26/10/2025,04:00,    0.0,Z
26/10/2025,05:00,    0.0,Z
26/10/2025,06:00,    0.0,Z
26/10/2025,07:00,    0.0,Z
26/10/2025,08:00,    0.0,Z
26/10/2025,09:00,    0.0,Z
26/10/2025,10:00,    0.0,Z
26/10/2025,11:00,    0.0,Z
26/10/2025,12:00,    0.0,Z
26/10/2025,13:00,    0.0,Z
26/10/2025,14:00,    0.0,Z
26/10/2025,15:00,    0.0,Z
26/10/2025,16:00,    0.0,Z
26/10/2025,17:00,    0.0,Z
26/10/2025,18:00,    0.0,Z
26/10/2025,19:00,    0.0,Z
26/10/2025,20:00,    0.0,Z
26/10/2025,21:00,    0.0,Z
26/10/2025,22:00,    0.0,Z
26/10/2025,23:00,    0.0,Z
27/10/2025,00:00,    0.0,Z
27/10/2025,01:00,    0.0,Z
27/10/2025,02:00,    0.0,Z
27/10/2025,03:00,    0.0,Z
27/10/2025,04:00,    0.0,Z
27/10/2025,05:00,    0.0,Z
27/10/2025,06:00,    0.0,Z
27/10/2025,07:00,    0.0,Z
27/10/2025,08:00,    0.0,Z
27/10/2025,09:00,    0.0,Z
27/10/2025,10:00,    0.0,Z
27/10/2025,11:00,    0.0,Z
27/10/2025,12:00,    0.0,Z
27/10/2025,13:00,    0.0,Z
27/10/2025,14:00,    0.0,Z
27/10/2025,15:00,    0.0,Z
27/10/2025,16:00,    0.0,Z
27/10/2025,17:00,    0.0,Z
27/10/2025,18:00,    0.0,Z
27/10/2025,19:00,    0.0,Z
27/10/2025,20:00,    0.0,Z
27/10/2025,21:00,    0.0,Z
27/10/2025,22:00,    0.0,Z
27/10/2025,23:00,    0.0,Z
28/10/2025,00:00,    0.0,Z
28/10/2025,01:00,    0.0,Z
28/10/2025,02:00,    0.0,Z
28/10/2025,03:00,    0.0,Z
28/10/2025,04:00,    0.0,Z
28/10/2025,05:00,    0.0,Z
28/10/2025,06:00,    0.0,Z
28/10/2025,07:00,    0.0,Z
28/10/2025,08:00,    0.0,Z
28/10/2025,09:00,    0.0,Z
28/10/2025,10:00,    0.0,Z
28/10/2025,11:00,    0.0,Z
28/10/2025,12:00,    0.0,Z
28/10/2025,13:00,    0.0,Z
28/10/2025,14:00,    0.0,Z
28/10/2025,15:00,    0.0,Z
28/10/2025,16:00,    0.0,Z
28/10/2025,17:00,    0.0,Z
28/10/2025,18:00,    0.0,Z
28/10/2025,19:00,    0.0,Z
28/10/2025,20:00,    0.0,Z
28/10/2025,21:00,    0.0,Z
28/10/2025,22:00,    0.0,Z
28/10/2025,23:00,    0.0,Z
29/10/2025,00:00,    0.0,Z
29/10/2025,01:00,    0.0,Z
29/10/2025,02:00,    0.0,Z
29/10/2025,03:00,    0.0,Z
29/10/2025,04:00,    0.0,Z
29/10/2025,05:00,    0.0,Z
29/10/2025,06:00,    0.0,Z
29/10/2025,07:00,    0.0,Z
29/10/2025,08:00,    0.0,Z
29/10/2025,09:00,    0.0,Z
29/10/2025,10:00,    0.0,Z
29/10/2025,11:00,    0.0,Z
29/10/2025,12:00,    0.0,Z
29/10/2025,13:00,    0.0,Z
29/10/2025,14:00,    0.0,Z
29/10/2025,15:00,    0.2,Z
29/10/2025,16:00,    0.2,Z
29/10/2025,17:00,    1.4,Z
29/10/2025,18:00,    3.4,Z
29/10/2025,19:00,    1.6,Z
29/10/2025,20:00,    0.8,Z
29/10/2025,21:00,    1.0,Z
29/10/2025,22:00,    1.4,Z
29/10/2025,23:00,    2.2,Z
30/10/2025,00:00,    3.6,Z
30/10/2025,01:00,    5.4,Z
30/10/2025,02:00,    4.2,Z
30/10/2025,03:00,    5.2,Z
30/10/2025,04:00,    3.4,Z
30/10/2025,05:00,    0.0,Z
30/10/2025,06:00,    0.0,Z
30/10/2025,07:00,    0.0,Z
30/10/2025,08:00,    0.0,Z
30/10/2025,09:00,    0.0,Z
30/10/2025,10:00,    0.0,Z
30/10/2025,11:00,    0.0,Z
30/10/2025,12:00,    0.0,Z
30/10/2025,13:00,    0.0,Z
30/10/2025,14:00,    0.0,Z
30/10/2025,15:00,    0.0,Z
30/10/2025,16:00,    0.0,Z
30/10/2025,17:00,    0.0,Z
30/10/2025,18:00,    0.0,Z
30/10/2025,19:00,    0.0,Z
30/10/2025,20:00,    0.0,Z
30/10/2025,21:00,    0.0,Z
30/10/2025,22:00,    0.0,Z
30/10/2025,23:00,    0.0,Z
31/10/2025,00:00,    0.0,Z
31/10/2025,01:00,    0.0,Z
31/10/2025,02:00,    0.0,Z
31/10/2025,03:00,    0.0,Z
31/10/2025,04:00,    0.0,Z
31/10/2025,05:00,    0.0,Z
31/10/2025,06:00,    0.0,Z
31/10/2025,07:00,    0.0,Z
31/10/2025,08:00,    0.0,Z
31/10/2025,09:00,    0.0,Z
31/10/2025,10:00,    0.0,Z
31/10/2025,11:00,    0.0,Z
31/10/2025,12:00,    0.0,Z
31/10/2025,13:00,    0.0,Z
31/10/2025,14:00,    0.0,Z
31/10/2025,15:00,    0.0,Z
31/10/2025,16:00,    0.0,Z
31/10/2025,17:00,    0.0,Z
31/10/2025,18:00,    0.0,Z
31/10/2025,19:00,    0.0,Z
31/10/2025,20:00,    0.0,Z
31/10/2025,21:00,    0.0,Z
31/10/2025,22:00,    0.0,Z
31/10/2025,23:00,    0.0,Z
01/11/2025,00:00,    0.0,Z
01/11/2025,01:00,    0.0,Z
01/11/2025,02:00,    0.0,Z
01/11/2025,03:00,    0.0,Z
01/11/2025,04:00,    0.0,Z
01/11/2025,05:00,    0.0,Z
01/11/2025,06:00,    0.0,Z
01/11/2025,07:00,    0.0,Z
01/11/2025,08:00,    0.0,Z
01/11/2025,09:00,    0.0,Z
01/11/2025,10:00,    0.0,Z
01/11/2025,11:00,    0.0,Z
01/11/2025,12:00,    0.0,Z
01/11/2025,13:00,    0.0,Z
01/11/2025,14:00,    0.0,Z
01/11/2025,15:00,    0.0,Z
01/11/2025,16:00,    0.0,Z
01/11/2025,17:00,    0.0,Z
01/11/2025,18:00,    0.0,Z
01/11/2025,19:00,    0.0,Z
01/11/2025,20:00,    0.0,Y
01/11/2025,21:00,    0.0,Z
01/11/2025,22:00,    0.0,Z
01/11/2025,23:00,    0.0,Z
02/11/2025,00:00,    0.0,Z
02/11/2025,01:00,    0.0,Z
02/11/2025,02:00,    0.0,Z
02/11/2025,03:00,    0.0,Z
02/11/2025,04:00,    0.0,Z
02/11/2025,05:00,    0.0,Z
02/11/2025,06:00,    0.0,Z
02/11/2025,07:00,    1.6,Z
02/11/2025,08:00,    0.6,Z
02/11/2025,09:00,    0.0,Z
02/11/2025,10:00,    0.0,Z
02/11/2025,11:00,    0.2,Z
02/11/2025,12:00,    2.2,Z
02/11/2025,13:00,    2.0,Z
02/11/2025,14:00,    0.0,Z
02/11/2025,15:00,    0.0,Z
02/11/2025,16:00,    0.0,Z
02/11/2025,17:00,    0.0,Z
02/11/2025,18:00,    0.0,Z
02/11/2025,19:00,    0.0,Z
02/11/2025,20:00,    0.0,Z
02/11/2025,21:00,    0.0,Z
02/11/2025,22:00,    0.0,Z
02/11/2025,23:00,    0.0,Z
03/11/2025,00:00,    0.0,Z
03/11/2025,01:00,    0.0,Z
03/11/2025,02:00,    0.0,Z
03/11/2025,03:00,    0.0,Z
03/11/2025,04:00,    0.0,Z
03/11/2025,05:00,    0.0,Z
03/11/2025,06:00,    0.0,Z
03/11/2025,07:00,    0.0,Z
03/11/2025,08:00,    0.0,Z
03/11/2025,09:00,    0.0,Z
03/11/2025,10:00,    0.0,Z
03/11/2025,11:00,    0.0,Z
03/11/2025,12:00,    0.0,Z
03/11/2025,13:00,    0.0,Z
03/11/2025,14:00,    0.0,Z
03/11/2025,15:00,    0.0,Z
03/11/2025,16:00,    0.0,Z
03/11/2025,17:00,    0.0,Z
03/11/2025,18:00,    0.0,Z
03/11/2025,19:00,    0.0,Z
03/11/2025,20:00,    0.0,Z
03/11/2025,21:00,    0.0,Z
03/11/2025,22:00,    0.0,Z
03/11/2025,23:00,    0.0,Z
04/11/2025,00:00,    0.0,Z
04/11/2025,01:00,    0.0,Z
04/11/2025,02:00,    0.0,Z
04/11/2025,03:00,    0.0,Z
04/11/2025,04:00,    0.0,Z
04/11/2025,05:00,    0.0,Z
04/11/2025,06:00,    0.0,Z
04/11/2025,07:00,    0.0,Z
04/11/2025,08:00,    0.0,Z
04/11/2025,09:00,    0.0,Z
04/11/2025,10:00,    0.0,Z
04/11/2025,11:00,    0.0,Z
04/11/2025,12:00,    0.0,Z
04/11/2025,13:00,    0.0,Z
04/11/2025,14:00,    0.0,Z
04/11/2025,15:00,    0.0,Z
04/11/2025,16:00,    0.0,Z
04/11/2025,17:00,    0.0,Z
04/11/2025,18:00,    0.0,Z
04/11/2025,19:00,    0.0,Z
04/11/2025,20:00,    0.0,Z
04/11/2025,21:00,    0.0,Z
04/11/2025,22:00,    0.0,Z
04/11/2025,23:00,    0.0,Z
05/11/2025,00:00,    0.0,Z
05/11/2025,01:00,    0.0,Z
05/11/2025,02:00,    0.0,Z
05/11/2025,03:00,    0.0,Z
05/11/2025,04:00,    0.0,Z
05/11/2025,05:00,    0.0,Z
05/11/2025,06:00,    0.0,Z
05/11/2025,07:00,    0.0,Z
05/11/2025,08:00,    0.0,Z
05/11/2025,09:00,    0.0,Z
05/11/2025,10:00,    0.0,Z
05/11/2025,11:00,    0.0,Z
05/11/2025,12:00,    0.0,Z
05/11/2025,13:00,    0.0,Z
05/11/2025,14:00,    0.0,Z
05/11/2025,15:00,    0.0,Z
05/11/2025,16:00,    0.0,Z
05/11/2025,17:00,    0.0,Z
05/11/2025,18:00,    0.0,Z
05/11/2025,19:00,    0.0,Z
05/11/2025,20:00,    0.0,Z
05/11/2025,21:00,    0.0,Z
05/11/2025,22:00,    0.0,Z
05/11/2025,23:00,    0.0,Z
06/11/2025,00:00,    0.0,Z
06/11/2025,01:00,    0.0,Z
06/11/2025,02:00,    0.0,Z
06/11/2025,03:00,    0.0,Z
06/11/2025,04:00,    0.0,Z
06/11/2025,05:00,    0.0,Z
06/11/2025,06:00,    0.0,Z
06/11/2025,07:00,    0.0,Z
06/11/2025,08:00,    0.0,Z
06/11/2025,09:00,    0.0,Z
06/11/2025,10:00,    0.0,Z
06/11/2025,11:00,    0.0,Z
06/11/2025,12:00,    0.0,Z
06/11/2025,13:00,    0.0,Z
06/11/2025,14:00,    0.0,Z
06/11/2025,15:00,    0.0,Z
06/11/2025,16:00,    0.0,Z
06/11/2025,17:00,    0.0,Z
06/11/2025,18:00,    0.0,Z
06/11/2025,19:00,    0.0,Z
06/11/2025,20:00,    0.0,Z
06/11/2025,21:00,    0.0,Z
06/11/2025,22:00,    0.0,Z
06/11/2025,23:00,    0.0,Z
07/11/2025,00:00,    0.0,Z
07/11/2025,01:00,    0.0,Z
07/11/2025,02:00,    0.0,Z
07/11/2025,03:00,    0.0,Z
07/11/2025,04:00,    0.0,Z
07/11/2025,05:00,    0.8,Z
07/11/2025,06:00,    1.0,Z
07/11/2025,07:00,    1.8,Z
07/11/2025,08:00,    1.8,Z
07/11/2025,09:00,    2.2,Z
07/11/2025,10:00,    1.5,Z
07/11/2025,11:00,    1.8,Z
07/11/2025,12:00,    0.2,Z
07/11/2025,13:00,    0.2,Z
07/11/2025,14:00,    0.0,Z
07/11/2025,15:00,    0.0,Z
07/11/2025,16:00,    0.0,Z
07/11/2025,17:00,    0.0,Z
07/11/2025,18:00,    0.0,Z
07/11/2025,19:00,    0.0,Z
07/11/2025,20:00,    0.0,Z
07/11/2025,21:00,    0.0,Z
07/11/2025,22:00,    0.0,Z
07/11/2025,23:00,    0.0,Z
08/11/2025,00:00,    0.0,Z
08/11/2025,01:00,    0.0,Z
08/11/2025,02:00,    0.0,Z
08/11/2025,03:00,    0.0,Z
08/11/2025,04:00,    0.0,Z
08/11/2025,05:00,    0.0,Z
08/11/2025,06:00,    0.0,Z
08/11/2025,07:00,    0.0,Z
08/11/2025,08:00,    0.0,Z
08/11/2025,09:00,    0.0,Z
08/11/2025,10:00,    0.0,Z
08/11/2025,11:00,    0.0,Z
08/11/2025,12:00,    0.0,Z
08/11/2025,13:00,    0.0,Z
08/11/2025,14:00,    0.0,Z
08/11/2025,15:00,    0.0,Z
08/11/2025,16:00,    0.0,Z
08/11/2025,17:00,    0.0,Z
08/11/2025,18:00,    0.0,Z
08/11/2025,19:00,    0.0,Z
08/11/2025,20:00,    0.0,Z
08/11/2025,21:00,    0.0,Z
08/11/2025,22:00,    0.0,Z
08/11/2025,23:00,    0.0,Z
09/11/2025,00:00,    0.0,Z
09/11/2025,01:00,    0.0,Z
09/11/2025,02:00,    0.0,Z
09/11/2025,03:00,    0.0,Z
09/11/2025,04:00,    0.0,Z
09/11/2025,05:00,    0.0,Z
09/11/2025,06:00,    0.0,Z
09/11/2025,07:00,    0.0,Z
09/11/2025,08:00,    0.0,Z
09/11/2025,09:00,    0.0,Z
09/11/2025,10:00,    0.0,Z
09/11/2025,11:00,    0.0,Z
09/11/2025,12:00,    0.0,Z
09/11/2025,13:00,    0.0,Z
09/11/2025,14:00,    0.0,Z
09/11/2025,15:00,    0.0,Z
09/11/2025,16:00,    0.0,Z
09/11/2025,17:00,    0.0,Z
09/11/2025,18:00,    0.0,Z
09/11/2025,19:00,    0.0,Z
09/11/2025,20:00,    0.0,Z
09/11/2025,21:00,    0.0,Z
09/11/2025,22:00,    0.0,Z
09/11/2025,23:00,    0.0,Z
10/11/2025,00:00,    0.0,Z
10/11/2025,01:00,    0.0,Z
10/11/2025,02:00,    0.0,Z
10/11/2025,03:00,    0.0,Z
10/11/2025,04:00,    0.0,Z
10/11/2025,05:00,    0.0,Z
10/11/2025,06:00,    0.0,Z
10/11/2025,07:00,    0.0,Z
10/11/2025,08:00,    0.0,Z
10/11/2025,09:00,    0.0,Z
10/11/2025,10:00,    0.0,Z
10/11/2025,11:00,    0.0,Z
10/11/2025,12:00,    0.0,Z
10/11/2025,13:00,    0.0,Z
10/11/2025,14:00,    0.0,Z
10/11/2025,15:00,    0.0,Z
10/11/2025,16:00,    0.0,Z
10/11/2025,17:00,    0.0,Z
10/11/2025,18:00,    0.0,Z
10/11/2025,19:00,    0.0,Z
10/11/2025,20:00,    0.0,Z
10/11/2025,21:00,    0.0,Z
10/11/2025,22:00,    0.0,Z
10/11/2025,23:00,    0.0,Z
11/11/2025,00:00,    0.0,Z
11/11/2025,01:00,    0.0,Z
11/11/2025,02:00,    0.0,Z
11/11/2025,03:00,    0.0,Z
11/11/2025,04:00,    0.0,Z
11/11/2025,05:00,    0.0,Z
11/11/2025,06:00,    0.0,Z
11/11/2025,07:00,    0.0,Z
11/11/2025,08:00,    0.0,Z
11/11/2025,09:00,    0.0,Z
11/11/2025,10:00,    0.0,Z
11/11/2025,11:00,    0.0,Z
11/11/2025,12:00,    0.0,Z
11/11/2025,13:00,    0.0,Z
11/11/2025,14:00,    0.0,Z
11/11/2025,15:00,    0.0,Z
11/11/2025,16:00,    0.0,Z
11/11/2025,17:00,    0.0,Z
11/11/2025,18:00,    0.0,Z
11/11/2025,19:00,    0.0,Z
11/11/2025,20:00,    0.0,Z
11/11/2025,21:00,    0.0,Z
11/11/2025,22:00,    0.0,Z
11/11/2025,23:00,    0.0,Z
12/11/2025,00:00,    0.0,Z
12/11/2025,01:00,    0.0,Z
12/11/2025,02:00,    0.0,Z
12/11/2025,03:00,    0.0,Z
12/11/2025,04:00,    0.0,Z
12/11/2025,05:00,    0.0,Z
12/11/2025,06:00,    0.0,Z
12/11/2025,07:00,    0.0,Z
12/11/2025,08:00,    0.0,Z
12/11/2025,09:00,    0.0,Z
12/11/2025,10:00,    0.0,Z
12/11/2025,11:00,    0.0,Z
12/11/2025,12:00,    0.0,Z
12/11/2025,13:00,    0.0,Z
12/11/2025,14:00,    0.0,Z
12/11/2025,15:00,    0.0,Z
12/11/2025,16:00,    0.0,Z
12/11/2025,17:00,    0.0,Z
12/11/2025,18:00,    0.0,Z
12/11/2025,19:00,    0.0,Z
12/11/2025,20:00,    0.0,Z
12/11/2025,21:00,    0.0,Z
12/11/2025,22:00,    0.0,Z
12/11/2025,23:00,    0.0,Z
13/11/2025,00:00,    0.0,Z
13/11/2025,01:00,    0.0,Z
13/11/2025,02:00,    0.0,Z
13/11/2025,03:00,    0.0,Z
13/11/2025,04:00,    0.0,Z
13/11/2025,05:00,    0.0,Z
13/11/2025,06:00,    0.0,Z
13/11/2025,07:00,    0.0,Z
13/11/2025,08:00,    0.0,Z
13/11/2025,09:00,    0.0,Z
13/11/2025,10:00,    0.0,Z
13/11/2025,11:00,    0.0,Z
13/11/2025,12:00,    0.0,Z
13/11/2025,13:00,    0.0,Z
13/11/2025,14:00,    0.0,Z
13/11/2025,15:00,    0.0,Z
13/11/2025,16:00,    0.0,Z
13/11/2025,17:00,    0.0,Z
13/11/2025,18:00,    0.0,Z
13/11/2025,19:00,    0.0,Z
13/11/2025,20:00,    0.0,Z
13/11/2025,21:00,    0.0,Z
13/11/2025,22:00,    0.0,Z
13/11/2025,23:00,    0.0,Z
14/11/2025,00:00,    0.0,Z
14/11/2025,01:00,    0.0,Z
14/11/2025,02:00,    0.0,Z
14/11/2025,03:00,    0.0,Z
14/11/2025,04:00,    0.0,Z
14/11/2025,05:00,    0.0,Z
14/11/2025,06:00,    0.0,Z
14/11/2025,07:00,    0.0,Z
14/11/2025,08:00,    0.0,Z
14/11/2025,09:00,    0.0,Z
14/11/2025,10:00,    0.0,Z
14/11/2025,11:00,    0.0,Z
14/11/2025,12:00,    0.0,Z
14/11/2025,13:00,    0.0,Z
14/11/2025,14:00,    0.0,Z
14/11/2025,15:00,    0.0,Z
14/11/2025,16:00,    0.0,Z
14/11/2025,17:00,    0.0,Z
14/11/2025,18:00,    0.0,Z
14/11/2025,19:00,    0.0,Z
14/11/2025,20:00,    0.0,Z
14/11/2025,21:00,    0.0,Z
14/11/2025,22:00,    0.0,Z
14/11/2025,23:00,    0.2,Z
15/11/2025,00:00,    0.4,Z
15/11/2025,01:00,    2.0,Z
15/11/2025,02:00,    0.6,Z
15/11/2025,03:00,    0.2,Z
15/11/2025,04:00,    0.0,Z
15/11/2025,05:00,    2.2,Z
15/11/2025,06:00,    3.0,Z
15/11/2025,07:00,    1.2,Z
15/11/2025,08:00,    0.2,Z
15/11/2025,09:00,    0.0,Z
15/11/2025,10:00,    0.0,Z
15/11/2025,11:00,    0.0,Z
15/11/2025,12:00,    0.2,Z
15/11/2025,13:00,    1.0,Z
15/11/2025,14:00,    0.0,Z
15/11/2025,15:00,    0.8,Z
15/11/2025,16:00,    4.8,Z
15/11/2025,17:00,    1.2,Z
15/11/2025,18:00,    0.2,Z
15/11/2025,19:00,    0.0,Z
15/11/2025,20:00,    0.0,Z
15/11/2025,21:00,    0.0,Z
15/11/2025,22:00,    0.0,Z
15/11/2025,23:00,    0.0,Z
16/11/2025,00:00,    0.0,Z
16/11/2025,01:00,    0.2,Z
16/11/2025,02:00,    0.0,Z
16/11/2025,03:00,    0.6,Z
16/11/2025,04:00,    0.6,Z
16/11/2025,05:00,    0.6,Z
16/11/2025,06:00,    1.4,Z
16/11/2025,07:00,    3.6,Z
16/11/2025,08:00,    4.0,Z
16/11/2025,09:00,    4.6,Z
16/11/2025,10:00,    3.8,Z
16/11/2025,11:00,    7.6,Z
16/11/2025,12:00,    6.6,Z
16/11/2025,13:00,    6.6,Z
16/11/2025,14:00,    5.4,Z
16/11/2025,15:00,    1.0,Z
16/11/2025,16:00,    1.8,Z
16/11/2025,17:00,    2.2,Z
16/11/2025,18:00,    0.6,Z
16/11/2025,19:00,    0.0,Z
16/11/2025,20:00,    0.0,Z
16/11/2025,21:00,    0.0,Z
16/11/2025,22:00,    0.0,Z
16/11/2025,23:00,    0.0,Z
17/11/2025,00:00,    0.0,Z
17/11/2025,01:00,    0.0,Z
17/11/2025,02:00,    0.0,Z
17/11/2025,03:00,    0.0,Z
17/11/2025,04:00,    0.0,Z
17/11/2025,05:00,    0.0,Z
17/11/2025,06:00,    0.0,Z
17/11/2025,07:00,    0.0,Z
17/11/2025,08:00,    0.0,Z
17/11/2025,09:00,    0.0,Z
17/11/2025,10:00,    0.0,Z
17/11/2025,11:00,    0.0,Z
17/11/2025,12:00,    0.0,Z
17/11/2025,13:00,    0.0,Z
17/11/2025,14:00,    0.0,Z
17/11/2025,15:00,    0.0,Z
17/11/2025,16:00,    0.0,Z
17/11/2025,17:00,    0.0,Z
17/11/2025,18:00,    0.0,Z
17/11/2025,19:00,    0.0,Z
17/11/2025,20:00,    0.0,Z
17/11/2025,21:00,    0.0,Z
17/11/2025,22:00,    0.0,Z
17/11/2025,23:00,    0.0,Z
18/11/2025,00:00,    0.0,Z
18/11/2025,01:00,    0.0,Z
18/11/2025,02:00,    0.0,Z
18/11/2025,03:00,    0.0,Z
18/11/2025,04:00,    0.0,Z
18/11/2025,05:00,    0.0,Z
18/11/2025,06:00,    0.0,Z
18/11/2025,07:00,    0.0,Z
18/11/2025,08:00,    0.0,Z
18/11/2025,09:00,    0.0,Z
18/11/2025,10:00,    0.0,Z
18/11/2025,11:00,    0.0,Z
18/11/2025,12:00,    0.0,Z
18/11/2025,13:00,    0.0,Z
18/11/2025,14:00,    0.0,Z
18/11/2025,15:00,    0.0,Z
18/11/2025,16:00,    0.0,Z
18/11/2025,17:00,    0.0,Z
18/11/2025,18:00,    0.0,Z
18/11/2025,19:00,    0.0,Z
18/11/2025,20:00,    0.0,Z
18/11/2025,21:00,    0.0,Z
18/11/2025,22:00,    0.0,Z
18/11/2025,23:00,    0.0,Z
19/11/2025,00:00,    0.0,Z
19/11/2025,01:00,    0.0,Z
19/11/2025,02:00,    0.0,Z
19/11/2025,03:00,    0.0,Z
19/11/2025,04:00,    0.0,Z
19/11/2025,05:00,    0.0,Z
19/11/2025,06:00,    0.0,Z
19/11/2025,07:00,    0.0,Z
19/11/2025,08:00,    0.0,Z
19/11/2025,09:00,    0.0,Z
19/11/2025,10:00,    0.0,Z
19/11/2025,11:00,    0.0,Z
19/11/2025,12:00,    0.0,Z
19/11/2025,13:00,    0.0,Z
19/11/2025,14:00,    0.0,Z
19/11/2025,15:00,    0.0,Z
19/11/2025,16:00,    0.0,Z
19/11/2025,17:00,    0.0,Z
19/11/2025,18:00,    0.0,Z
19/11/2025,19:00,    0.0,Z
19/11/2025,20:00,    0.0,Z
19/11/2025,21:00,    0.0,Z
19/11/2025,22:00,    0.0,Z
19/11/2025,23:00,    0.0,Z
20/11/2025,00:00,    0.0,Z
20/11/2025,01:00,    0.0,Z
20/11/2025,02:00,    0.0,Z
20/11/2025,03:00,    0.0,Z
20/11/2025,04:00,    0.0,Z
20/11/2025,05:00,    0.0,Z
20/11/2025,06:00,    0.0,Z
20/11/2025,07:00,    0.0,Z
20/11/2025,08:00,    0.0,Z
20/11/2025,09:00,    0.0,Z
20/11/2025,10:00,    0.0,Z
20/11/2025,11:00,    0.0,Z
20/11/2025,12:00,    0.0,Z
20/11/2025,13:00,    0.0,Z
20/11/2025,14:00,    0.0,Z
20/11/2025,15:00,    0.0,Z
20/11/2025,16:00,    0.0,Z
20/11/2025,17:00,    0.0,Z
20/11/2025,18:00,    0.0,Z
20/11/2025,19:00,    0.0,Z
20/11/2025,20:00,    0.0,Z
20/11/2025,21:00,    0.0,Z
20/11/2025,22:00,    0.0,Z
20/11/2025,23:00,    0.0,Z
21/11/2025,00:00,    0.0,Z
21/11/2025,01:00,    0.0,Z
21/11/2025,02:00,    0.2,Z
21/11/2025,03:00,    0.2,Z
21/11/2025,04:00,    0.4,Z
21/11/2025,05:00,    0.4,Z
21/11/2025,06:00,    1.8,Z
21/11/2025,07:00,    1.0,Z
21/11/2025,08:00,    1.2,Z
21/11/2025,09:00,    0.2,Z
21/11/2025,10:00,    0.2,Z
21/11/2025,11:00,    0.2,Z
21/11/2025,12:00,    1.0,Z
21/11/2025,13:00,    0.6,Z
21/11/2025,14:00,    0.4,Z
21/11/2025,15:00,    1.2,Z
21/11/2025,16:00,    0.0,Z
21/11/2025,17:00,    0.8,Z
21/11/2025,18:00,    2.0,Z
21/11/2025,19:00,    0.8,Z
21/11/2025,20:00,    1.0,Z
21/11/2025,21:00,    1.0,Z
21/11/2025,22:00,    0.8,Z
21/11/2025,23:00,    3.4,Z
22/11/2025,00:00,    1.2,Z
22/11/2025,01:00,    0.8,Z
22/11/2025,02:00,    0.2,Z
22/11/2025,03:00,    0.0,Z
22/11/2025,04:00,    0.0,Z
22/11/2025,05:00,    0.0,Z
22/11/2025,06:00,    0.0,Z
22/11/2025,07:00,    0.0,Z
22/11/2025,08:00,    0.0,Z
22/11/2025,09:00,    0.0,Z
22/11/2025,10:00,    0.0,Z
22/11/2025,11:00,    0.0,Z
22/11/2025,12:00,    0.0,Z
22/11/2025,13:00,    0.0,Z
22/11/2025,14:00,    0.0,Z
22/11/2025,15:00,    0.0,Z
22/11/2025,16:00,    0.0,Z
22/11/2025,17:00,    0.0,Z
22/11/2025,18:00,    0.0,Z
22/11/2025,19:00,    0.0,Z
22/11/2025,20:00,    0.0,Z
22/11/2025,21:00,    0.0,Z
22/11/2025,22:00,    0.0,Z
22/11/2025,23:00,    0.0,Z
23/11/2025,00:00,    0.0,Z
23/11/2025,01:00,    0.0,Z
23/11/2025,02:00,    0.0,Z
23/11/2025,03:00,    0.0,Z
23/11/2025,04:00,    0.0,Z
23/11/2025,05:00,    0.0,Z
23/11/2025,06:00,    0.0,Z
23/11/2025,07:00,    0.0,Z
23/11/2025,08:00,    0.0,Z
23/11/2025,09:00,    0.0,Z
23/11/2025,10:00,    0.0,Z
23/11/2025,11:00,    0.0,Z
23/11/2025,12:00,    0.0,Z
23/11/2025,13:00,    0.0,Z
23/11/2025,14:00,    0.0,Z
23/11/2025,15:00,    0.0,Z
23/11/2025,16:00,    0.0,Z
23/11/2025,17:00,    0.0,Z
23/11/2025,18:00,    0.0,Z
23/11/2025,19:00,    0.0,Z
23/11/2025,20:00,    0.0,Z
23/11/2025,21:00,    0.0,Z
23/11/2025,22:00,    0.0,Z
23/11/2025,23:00,    0.0,Z
24/11/2025,00:00,    0.0,Z
24/11/2025,01:00,    0.0,Z
24/11/2025,02:00,    0.0,Z
24/11/2025,03:00,    0.0,Y
24/11/2025,04:00,    0.0,Y
24/11/2025,05:00,    0.0,Z
24/11/2025,06:00,    0.0,Z
24/11/2025,07:00,    0.0,Z
24/11/2025,08:00,    0.0,Z
24/11/2025,09:00,    0.0,Z
24/11/2025,10:00,    0.0,Z
24/11/2025,11:00,    0.0,Z
24/11/2025,12:00,    0.0,Z
24/11/2025,13:00,    0.0,Z
24/11/2025,14:00,    0.0,Z
24/11/2025,15:00,    0.0,Z
24/11/2025,16:00,    0.0,Z
24/11/2025,17:00,    1.0,Z
24/11/2025,18:00,    0.4,Z
24/11/2025,19:00,    0.0,Z
24/11/2025,20:00,    0.2,Z
24/11/2025,21:00,    0.2,Z
24/11/2025,22:00,    0.0,Z
24/11/2025,23:00,    0.0,Z
25/11/2025,00:00,    0.0,Z
25/11/2025,01:00,    0.0,Z
25/11/2025,02:00,    0.0,Z
25/11/2025,03:00,    0.0,Z
25/11/2025,04:00,    0.0,Z
25/11/2025,05:00,    0.0,Z
25/11/2025,06:00,    0.0,Z
25/11/2025,07:00,    0.0,Z
25/11/2025,08:00,    0.0,Z
25/11/2025,09:00,    0.0,Z
25/11/2025,10:00,    0.0,Z
25/11/2025,11:00,    0.0,Z
25/11/2025,12:00,    0.0,Z
25/11/2025,13:00,    0.0,Z
25/11/2025,14:00,    0.0,Z
25/11/2025,15:00,    0.0,Z
25/11/2025,16:00,    0.0,Z
25/11/2025,17:00,    0.0,Z
25/11/2025,18:00,    0.0,Z
25/11/2025,19:00,    0.0,Z
25/11/2025,20:00,    0.0,Z
25/11/2025,21:00,    0.0,Z
25/11/2025,22:00,    0.0,Z
25/11/2025,23:00,    0.0,Z
26/11/2025,00:00,    0.0,Z
26/11/2025,01:00,    0.0,Z
26/11/2025,02:00,    0.0,Z
26/11/2025,03:00,    0.0,Z
26/11/2025,04:00,    0.0,Z
26/11/2025,05:00,    0.0,Z
26/11/2025,06:00,    0.0,Z
26/11/2025,07:00,    0.0,Z
26/11/2025,08:00,    0.0,Z
26/11/2025,09:00,    0.0,Z
26/11/2025,10:00,    0.0,Z
26/11/2025,11:00,    0.0,Z
26/11/2025,12:00,    0.0,Z
26/11/2025,13:00,    0.0,Z
26/11/2025,14:00,    0.0,Z
26/11/2025,15:00,    0.0,Z
26/11/2025,16:00,    0.0,Z
26/11/2025,17:00,    0.0,Z
26/11/2025,18:00,    0.0,Z
26/11/2025,19:00,    0.0,Z
26/11/2025,20:00,    0.0,Z
26/11/2025,21:00,    0.0,Z
26/11/2025,22:00,    0.0,Z
26/11/2025,23:00,    0.0,Z
27/11/2025,00:00,    0.0,Z
27/11/2025,01:00,    0.0,Z
27/11/2025,02:00,    0.0,Z
27/11/2025,03:00,    0.0,Z
27/11/2025,04:00,    0.0,Z
27/11/2025,05:00,    0.0,Z
27/11/2025,06:00,    0.0,Z
27/11/2025,07:00,    0.0,Z
27/11/2025,08:00,    0.0,Z
27/11/2025,09:00,    0.0,Z
27/11/2025,10:00,    0.0,Z
27/11/2025,11:00,    0.0,Z
27/11/2025,12:00,    0.0,Z
27/11/2025,13:00,    0.0,Z
27/11/2025,14:00,    0.0,Z
27/11/2025,15:00,    0.0,Z
27/11/2025,16:00,    0.0,Z
27/11/2025,17:00,    0.0,Z
27/11/2025,18:00,    0.0,Z
27/11/2025,19:00,    0.0,Z
27/11/2025,20:00,    0.0,Z
27/11/2025,21:00,    0.0,Z
27/11/2025,22:00,    0.0,Z
27/11/2025,23:00,    0.0,Z
28/11/2025,00:00,    0.0,Z
28/11/2025,01:00,    0.0,Z
28/11/2025,02:00,    0.0,Z
28/11/2025,03:00,    0.0,Z
28/11/2025,04:00,    0.0,Z
28/11/2025,05:00,    0.0,Z
28/11/2025,06:00,    0.0,Z
28/11/2025,07:00,    0.0,Z
28/11/2025,08:00,    0.0,Z
28/11/2025,09:00,    0.0,Z
28/11/2025,10:00,    0.0,Z
28/11/2025,11:00,    0.0,Z
28/11/2025,12:00,    0.0,Z
28/11/2025,13:00,    0.0,Z
28/11/2025,14:00,    0.0,Z
28/11/2025,15:00,    0.0,Z
28/11/2025,16:00,    0.0,Z
28/11/2025,17:00,    0.0,Z
28/11/2025,18:00,    0.0,Z
28/11/2025,19:00,    0.0,Z
28/11/2025,20:00,    0.0,Z
28/11/2025,21:00,    0.0,Z
28/11/2025,22:00,    0.0,Z
28/11/2025,23:00,    0.0,Z
29/11/2025,00:00,    0.0,Z
29/11/2025,01:00,    0.0,Z
29/11/2025,02:00,    0.0,Z
29/11/2025,03:00,    0.0,Z
29/11/2025,04:00,    0.0,Z
29/11/2025,05:00,    0.0,Z
29/11/2025,06:00,    0.0,Z
29/11/2025,07:00,    0.0,Z
29/11/2025,08:00,    0.0,Z
29/11/2025,09:00,    0.0,Z
29/11/2025,10:00,    0.0,Z
29/11/2025,11:00,    0.0,Z
29/11/2025,12:00,    0.0,Z
29/11/2025,13:00,    0.0,Z
29/11/2025,14:00,    0.0,Z
29/11/2025,15:00,    0.0,Z
29/11/2025,16:00,    0.0,Z
29/11/2025,17:00,    0.0,Z
29/11/2025,18:00,    0.0,Z
29/11/2025,19:00,    0.0,Z
29/11/2025,20:00,    0.0,Z
29/11/2025,21:00,    0.0,Z
29/11/2025,22:00,    0.0,Z
29/11/2025,23:00,    0.0,Z
30/11/2025,00:00,    0.0,Z
30/11/2025,01:00,    0.0,Z
30/11/2025,02:00,    0.0,Z
30/11/2025,03:00,    0.0,Z
30/11/2025,04:00,    0.0,Z
30/11/2025,05:00,    0.0,Z
30/11/2025,06:00,    0.0,Z
30/11/2025,07:00,    0.0,Z
30/11/2025,08:00,    0.0,Z
30/11/2025,09:00,    0.0,Z
30/11/2025,10:00,    0.0,Z
30/11/2025,11:00,    0.0,Z
30/11/2025,12:00,    0.0,Z
30/11/2025,13:00,    0.0,Z
30/11/2025,14:00,    0.0,Z
30/11/2025,15:00,    0.0,Z
30/11/2025,16:00,    0.0,Z
30/11/2025,17:00,    0.0,Z
30/11/2025,18:00,    0.0,Z
30/11/2025,19:00,    0.0,Z
30/11/2025,20:00,    0.0,Z
30/11/2025,21:00,    0.0,Z
30/11/2025,22:00,    0.0,Z
30/11/2025,23:00,    0.0,Z
01/12/2025,00:00,    0.0,Z
01/12/2025,01:00,    0.0,Z
01/12/2025,02:00,    0.0,Z
01/12/2025,03:00,    0.0,Z
01/12/2025,04:00,    0.0,Z
01/12/2025,05:00,    0.0,Z
01/12/2025,06:00,    0.0,Z
01/12/2025,07:00,    0.0,Z
01/12/2025,08:00,    0.0,Z
01/12/2025,09:00,    0.0,Z
01/12/2025,10:00,    0.0,Z
01/12/2025,11:00,    0.0,Z
01/12/2025,12:00,    0.0,Z
01/12/2025,13:00,    0.0,Z
01/12/2025,14:00,    0.0,Z
01/12/2025,15:00,    0.0,Z
01/12/2025,16:00,    0.0,Z
01/12/2025,17:00,    0.0,Z
01/12/2025,18:00,    0.0,Z
01/12/2025,19:00,    0.0,Z
01/12/2025,20:00,    0.0,Z
01/12/2025,21:00,    0.0,Z
01/12/2025,22:00,    0.0,Z
01/12/2025,23:00,    0.0,Z
02/12/2025,00:00,    0.0,Z
02/12/2025,01:00,    0.0,Z
02/12/2025,02:00,    0.0,Z
02/12/2025,03:00,    0.0,Z
02/12/2025,04:00,    0.0,Z
02/12/2025,05:00,    0.0,Z
02/12/2025,06:00,    0.0,Z
02/12/2025,07:00,    0.0,Z
02/12/2025,08:00,    0.0,Z
02/12/2025,09:00,    0.0,Z
02/12/2025,10:00,    0.0,Z
02/12/2025,11:00,    0.0,Z
02/12/2025,12:00,    0.0,Z
02/12/2025,13:00,    0.0,Z
02/12/2025,14:00,    0.0,Z
02/12/2025,15:00,    0.0,Z
02/12/2025,16:00,    0.0,Z
02/12/2025,17:00,    0.0,Z
02/12/2025,18:00,    0.0,Z
02/12/2025,19:00,    0.0,Z
02/12/2025,20:00,    0.0,Z
02/12/2025,21:00,    0.0,Z
02/12/2025,22:00,    0.0,Z
02/12/2025,23:00,    0.0,Z
03/12/2025,00:00,    0.0,Z
03/12/2025,01:00,    0.2,Z
03/12/2025,02:00,    0.2,Z
03/12/2025,03:00,    0.2,Z
03/12/2025,04:00,    0.8,Z
03/12/2025,05:00,    0.2,Z
03/12/2025,06:00,    0.4,Z
03/12/2025,07:00,    0.4,Z
03/12/2025,08:00,    0.0,Z
03/12/2025,09:00,    0.0,Z
03/12/2025,10:00,    0.0,Z
03/12/2025,11:00,    0.0,Z
03/12/2025,12:00,    0.0,Z
03/12/2025,13:00,    0.2,Z
03/12/2025,14:00,    0.4,Z
03/12/2025,15:00,    0.6,Z
03/12/2025,16:00,    0.8,Z
03/12/2025,17:00,    0.6,Z
03/12/2025,18:00,    0.8,Z
03/12/2025,19:00,    1.0,Z
03/12/2025,20:00,    1.8,Z
03/12/2025,21:00,    1.8,Z
03/12/2025,22:00,    2.6,Z
03/12/2025,23:00,    3.0,Z
04/12/2025,00:00,    3.8,Z
04/12/2025,01:00,    5.2,Z
04/12/2025,02:00,    2.6,Z
04/12/2025,03:00,    1.0,Z
04/12/2025,04:00,    0.8,Z
04/12/2025,05:00,    0.8,Z
04/12/2025,06:00,    0.2,Z
04/12/2025,07:00,    0.4,Z
04/12/2025,08:00,    0.0,Z
04/12/2025,09:00,    0.6,Z
04/12/2025,10:00,    0.2,Z
04/12/2025,11:00,    0.0,Z
04/12/2025,12:00,    0.0,Z
04/12/2025,13:00,    0.0,Z
04/12/2025,14:00,    0.0,Z
04/12/2025,15:00,    0.0,Z
04/12/2025,16:00,    0.0,Z
04/12/2025,17:00,    0.0,Z
04/12/2025,18:00,    0.0,Z
04/12/2025,19:00,    0.0,Z
04/12/2025,20:00,    0.0,Z
04/12/2025,21:00,    0.0,Z
04/12/2025,22:00,    0.0,Z
04/12/2025,23:00,    0.0,Z
05/12/2025,00:00,    0.0,Z
05/12/2025,01:00,    0.0,Z
05/12/2025,02:00,    0.0,Z
05/12/2025,03:00,    0.0,Z
05/12/2025,04:00,    0.0,Z
05/12/2025,05:00,    0.0,Z
05/12/2025,06:00,    0.0,Z
05/12/2025,07:00,    0.0,Z
05/12/2025,08:00,    0.0,Z
05/12/2025,09:00,    0.0,Z
05/12/2025,10:00,    0.0,Z
05/12/2025,11:00,    0.0,Z
05/12/2025,12:00,    0.0,Z
05/12/2025,13:00,    0.0,Z
05/12/2025,14:00,    0.0,Z
05/12/2025,15:00,    0.0,Z
05/12/2025,16:00,    0.0,Z
05/12/2025,17:00,    0.0,Z
05/12/2025,18:00,    0.0,Z
05/12/2025,19:00,    0.0,Z
05/12/2025,20:00,    0.0,Z
05/12/2025,21:00,    0.0,Z
05/12/2025,22:00,    0.0,Z
05/12/2025,23:00,    0.0,Z
06/12/2025,00:00,    0.0,Z
06/12/2025,01:00,    0.0,Z
06/12/2025,02:00,    0.0,Z
06/12/2025,03:00,    0.0,Z
06/12/2025,04:00,    0.0,Z
06/12/2025,05:00,    0.0,Z
06/12/2025,06:00,    0.0,Z
06/12/2025,07:00,    0.0,Z
06/12/2025,08:00,    0.0,Z
06/12/2025,09:00,    0.0,Z
06/12/2025,10:00,    0.0,Z
06/12/2025,11:00,    0.0,Z
06/12/2025,12:00,    0.0,Z
06/12/2025,13:00,    0.0,Z
06/12/2025,14:00,    0.0,Z
06/12/2025,15:00,    0.0,Z
06/12/2025,16:00,    0.0,Z
06/12/2025,17:00,    0.0,Z
06/12/2025,18:00,    0.0,Z
06/12/2025,19:00,    0.0,Z
06/12/2025,20:00,    0.0,Z
06/12/2025,21:00,    0.0,Z
06/12/2025,22:00,    0.0,Z
06/12/2025,23:00,    0.0,Z
07/12/2025,00:00,    0.0,Z
07/12/2025,01:00,    0.0,Z
07/12/2025,02:00,    0.0,Z
07/12/2025,03:00,    0.0,Z
07/12/2025,04:00,    0.0,Z
07/12/2025,05:00,    0.0,Z
07/12/2025,06:00,    0.0,Z
07/12/2025,07:00,    0.0,Z
07/12/2025,08:00,    0.0,Z
07/12/2025,09:00,    0.0,Z
07/12/2025,10:00,    0.0,Z
07/12/2025,11:00,    0.0,Z
07/12/2025,12:00,    0.0,Z
07/12/2025,13:00,    0.0,Z
07/12/2025,14:00,    0.0,Z
07/12/2025,15:00,    0.0,Z
07/12/2025,16:00,    0.0,Z
07/12/2025,17:00,    0.0,Z
07/12/2025,18:00,    0.0,Z
07/12/2025,19:00,    0.0,Z
07/12/2025,20:00,    0.0,Z
07/12/2025,21:00,    0.0,Z
07/12/2025,22:00,    0.0,Z
07/12/2025,23:00,    0.0,Z
08/12/2025,00:00,    0.0,Z
08/12/2025,01:00,    0.0,Z
08/12/2025,02:00,    0.0,Z
08/12/2025,03:00,    0.0,Z
08/12/2025,04:00,    0.0,Z
08/12/2025,05:00,    0.0,Z
08/12/2025,06:00,    0.0,Z
08/12/2025,07:00,    0.0,Z
08/12/2025,08:00,    0.0,Z
08/12/2025,09:00,    0.0,Z
08/12/2025,10:00,    0.0,Z
08/12/2025,11:00,    0.0,Z
08/12/2025,12:00,    0.0,Z
08/12/2025,13:00,    0.0,Z
08/12/2025,14:00,    0.0,Z
08/12/2025,15:00,    0.0,Z
08/12/2025,16:00,    0.0,Z
08/12/2025,17:00,    0.0,Z
08/12/2025,18:00,    0.0,Z
08/12/2025,19:00,    0.0,Z
08/12/2025,20:00,    0.0,Z
08/12/2025,21:00,    0.0,Z
08/12/2025,22:00,    0.0,Z
08/12/2025,23:00,    0.0,Z
09/12/2025,00:00,    0.0,Z
09/12/2025,01:00,    0.0,Z
09/12/2025,02:00,    0.0,Z
09/12/2025,03:00,    0.0,Z
09/12/2025,04:00,    0.0,Z
09/12/2025,05:00,    0.0,Z
09/12/2025,06:00,    0.0,Z
09/12/2025,07:00,    0.0,Z
09/12/2025,08:00,    0.0,Z
09/12/2025,09:00,    0.0,Z
09/12/2025,10:00,    0.0,Z
09/12/2025,11:00,    0.0,Z
09/12/2025,12:00,    0.0,Z
09/12/2025,13:00,    0.0,Z
09/12/2025,14:00,    0.0,Z
09/12/2025,15:00,    0.0,Z
09/12/2025,16:00,    0.0,Z
09/12/2025,17:00,    0.0,Z
09/12/2025,18:00,    0.0,Z
09/12/2025,19:00,    0.0,Z
09/12/2025,20:00,    0.0,Z
09/12/2025,21:00,    0.0,Z
09/12/2025,22:00,    0.0,Z
09/12/2025,23:00,    0.0,Z
10/12/2025,00:00,    0.0,Z
10/12/2025,01:00,    0.0,Z
10/12/2025,02:00,    0.0,Z
10/12/2025,03:00,    0.0,Z
10/12/2025,04:00,    0.0,Z
10/12/2025,05:00,    0.0,Z
10/12/2025,06:00,    0.0,Z
10/12/2025,07:00,    0.0,Z
10/12/2025,08:00,    0.0,Z
10/12/2025,09:00,    0.0,Z
10/12/2025,10:00,    0.0,Z
10/12/2025,11:00,    0.0,Z
10/12/2025,12:00,    0.0,Z
10/12/2025,13:00,    0.0,Z
10/12/2025,14:00,    0.0,Z
10/12/2025,15:00,    0.0,Z
10/12/2025,16:00,    0.0,Z
10/12/2025,17:00,    0.0,Z
10/12/2025,18:00,    0.0,Z
10/12/2025,19:00,    0.0,Z
10/12/2025,20:00,    0.0,Z
10/12/2025,21:00,    0.0,Z
10/12/2025,22:00,    0.0,Z
10/12/2025,23:00,    0.0,Z
11/12/2025,00:00,    0.0,Z
11/12/2025,01:00,    0.0,Z
11/12/2025,02:00,    0.0,Z
11/12/2025,03:00,    0.0,Z
11/12/2025,04:00,    0.0,Z
11/12/2025,05:00,    0.0,Z
11/12/2025,06:00,    0.0,Z
11/12/2025,07:00,    0.0,Z
11/12/2025,08:00,    0.0,Z
11/12/2025,09:00,    0.0,Z
11/12/2025,10:00,    0.0,Z
11/12/2025,11:00,    0.0,Z
11/12/2025,12:00,    0.0,Z
11/12/2025,13:00,    0.0,Z
11/12/2025,14:00,    0.0,Z
11/12/2025,15:00,    0.0,Z
11/12/2025,16:00,    0.0,Z
11/12/2025,17:00,    0.0,Z
11/12/2025,18:00,    0.0,Z
11/12/2025,19:00,    0.0,Z
11/12/2025,20:00,    0.0,Z
11/12/2025,21:00,    0.0,Z
11/12/2025,22:00,    0.0,Z
11/12/2025,23:00,    0.0,Z
12/12/2025,00:00,    0.0,Z
12/12/2025,01:00,    0.0,Z
12/12/2025,02:00,    0.0,Z
12/12/2025,03:00,    0.0,Z
12/12/2025,04:00,    0.0,Z
12/12/2025,05:00,    0.0,Z
12/12/2025,06:00,    0.0,Z
12/12/2025,07:00,    0.0,Z
12/12/2025,08:00,    0.0,Z
12/12/2025,09:00,    0.0,Z
12/12/2025,10:00,    0.0,Z
12/12/2025,11:00,    0.0,Z
12/12/2025,12:00,    0.0,Z
12/12/2025,13:00,    0.0,Z
12/12/2025,14:00,    0.0,Z
12/12/2025,15:00,    0.0,Z
12/12/2025,16:00,    0.0,Z
12/12/2025,17:00,    0.0,Z
12/12/2025,18:00,    0.0,Z
12/12/2025,19:00,    0.0,Z
12/12/2025,20:00,    0.0,Z
12/12/2025,21:00,    0.0,Z
12/12/2025,22:00,    0.0,Z
12/12/2025,23:00,    0.0,Z
13/12/2025,00:00,    0.0,Z
13/12/2025,01:00,    0.0,Z
13/12/2025,02:00,    0.0,Z
13/12/2025,03:00,    0.0,Z
13/12/2025,04:00,    0.0,Z
13/12/2025,05:00,    0.0,Z
13/12/2025,06:00,    0.0,Z
13/12/2025,07:00,    0.0,Z
13/12/2025,08:00,    0.0,Z
13/12/2025,09:00,    0.0,Z
13/12/2025,10:00,    0.0,Z
13/12/2025,11:00,    0.0,Z
13/12/2025,12:00,    0.0,Z
13/12/2025,13:00,    0.0,Z
13/12/2025,14:00,    0.0,Z
13/12/2025,15:00,    0.0,Z
13/12/2025,16:00,    0.0,Z
13/12/2025,17:00,    0.0,Z
13/12/2025,18:00,    0.0,Z
13/12/2025,19:00,    0.0,Z
13/12/2025,20:00,    0.0,Z
13/12/2025,21:00,    0.0,Z
13/12/2025,22:00,    0.0,Z
13/12/2025,23:00,    0.0,Z
14/12/2025,00:00,    0.0,Z
14/12/2025,01:00,    0.0,Z
14/12/2025,02:00,    0.0,Z
14/12/2025,03:00,    0.0,Z
14/12/2025,04:00,    0.0,Z
14/12/2025,05:00,    0.0,Z
14/12/2025,06:00,    0.0,Z
14/12/2025,07:00,    0.0,Z
14/12/2025,08:00,    0.0,Z
14/12/2025,09:00,    0.0,Z
14/12/2025,10:00,    0.0,Z
14/12/2025,11:00,    0.0,Z
14/12/2025,12:00,    0.0,Z
14/12/2025,13:00,    0.0,Z
14/12/2025,14:00,    0.0,Z
14/12/2025,15:00,    0.0,Z
14/12/2025,16:00,    0.0,Z
14/12/2025,17:00,    0.0,Z
14/12/2025,18:00,    0.0,Z
14/12/2025,19:00,    0.0,Z
14/12/2025,20:00,    0.0,Z
14/12/2025,21:00,    0.0,Z
14/12/2025,22:00,    0.0,Z
14/12/2025,23:00,    0.0,Z
15/12/2025,00:00,    0.0,Z
15/12/2025,01:00,    0.0,Z
15/12/2025,02:00,    0.0,Z
15/12/2025,03:00,    0.0,Z
15/12/2025,04:00,    0.0,Z
15/12/2025,05:00,    0.0,Z
15/12/2025,06:00,    0.0,Z
15/12/2025,07:00,    0.0,Z
15/12/2025,08:00,    0.0,Z
15/12/2025,09:00,    0.0,Z
15/12/2025,10:00,    0.0,Z
15/12/2025,11:00,    0.0,Z
15/12/2025,12:00,    0.0,Z
15/12/2025,13:00,    0.0,Z
15/12/2025,14:00,    0.0,Z
15/12/2025,15:00,    0.0,Z
15/12/2025,16:00,    0.0,Z
15/12/2025,17:00,    0.0,Z
15/12/2025,18:00,    0.0,Z
15/12/2025,19:00,    0.0,Z
15/12/2025,20:00,    0.0,Z
15/12/2025,21:00,    0.0,Z
15/12/2025,22:00,    0.0,Z
15/12/2025,23:00,    0.8,Z
16/12/2025,00:00,    1.0,Z
16/12/2025,01:00,    1.0,Z
16/12/2025,02:00,    1.4,Z
16/12/2025,03:00,    2.4,Z
16/12/2025,04:00,    2.6,Z
16/12/2025,05:00,    3.0,Z
16/12/2025,06:00,    1.4,Z
16/12/2025,07:00,    1.0,Z
16/12/2025,08:00,    3.0,Z
16/12/2025,09:00,    2.6,Z
16/12/2025,10:00,    2.6,Z
16/12/2025,11:00,    1.4,Z
16/12/2025,12:00,    0.6,Y
16/12/2025,13:00,    1.2,Y
16/12/2025,14:00,    1.4,Y
16/12/2025,15:00,    0.2,Y
16/12/2025,16:00,    0.0,Y
16/12/2025,17:00,    0.4,Z
16/12/2025,18:00,    0.6,Z
16/12/2025,19:00,    0.4,Z
16/12/2025,20:00,    0.2,Z
16/12/2025,21:00,    0.4,Z
16/12/2025,22:00,    0.6,Z
16/12/2025,23:00,    1.0,Z
17/12/2025,00:00,    0.6,Z
17/12/2025,01:00,    0.8,Z
17/12/2025,02:00,    0.6,Z
17/12/2025,03:00,    0.0,Z
17/12/2025,04:00,    0.2,Z
17/12/2025,05:00,    0.2,Z
17/12/2025,06:00,    0.0,Z
17/12/2025,07:00,    0.0,Z
17/12/2025,08:00,    0.0,Z
17/12/2025,09:00,    0.0,Z
17/12/2025,10:00,    0.0,Z
17/12/2025,11:00,    0.0,Z
17/12/2025,12:00,    0.0,Z
17/12/2025,13:00,    0.0,Z
17/12/2025,14:00,    0.0,Z
17/12/2025,15:00,    0.0,Z
17/12/2025,16:00,    0.0,Z
17/12/2025,17:00,    0.0,Z
17/12/2025,18:00,    0.0,Z
17/12/2025,19:00,    0.0,Z
17/12/2025,20:00,    0.0,Z
17/12/2025,21:00,    0.0,Z
17/12/2025,22:00,    0.0,Z
17/12/2025,23:00,    0.0,Z
18/12/2025,00:00,    0.0,Z
18/12/2025,01:00,    0.0,Z
18/12/2025,02:00,    0.0,Z
18/12/2025,03:00,    0.0,Z
18/12/2025,04:00,    0.0,Z
18/12/2025,05:00,    0.0,Z
18/12/2025,06:00,    0.0,Z
18/12/2025,07:00,    0.0,Z
18/12/2025,08:00,    0.0,Z
18/12/2025,09:00,    0.0,Z
18/12/2025,10:00,    0.0,Z
18/12/2025,11:00,    0.0,Z
18/12/2025,12:00,    0.0,Z
18/12/2025,13:00,    0.0,Z
18/12/2025,14:00,    0.0,Z
18/12/2025,15:00,    0.0,Z
18/12/2025,16:00,    0.0,Z
18/12/2025,17:00,    0.0,Z
18/12/2025,18:00,    0.0,Z
18/12/2025,19:00,    0.0,Z
18/12/2025,20:00,    0.0,Z
18/12/2025,21:00,    0.0,Z
18/12/2025,22:00,    0.0,Z
18/12/2025,23:00,    0.0,Z
19/12/2025,00:00,    0.0,Z
19/12/2025,01:00,    0.0,Z
19/12/2025,02:00,    0.0,Z
19/12/2025,03:00,    0.0,Z
19/12/2025,04:00,    0.0,Z
19/12/2025,05:00,    0.0,Z
19/12/2025,06:00,    0.0,Z
19/12/2025,07:00,    0.2,Z
19/12/2025,08:00,    0.4,Z
19/12/2025,09:00,    0.2,Z
19/12/2025,10:00,    0.4,Z
19/12/2025,11:00,    0.0,Z
19/12/2025,12:00,    0.8,Z
19/12/2025,13:00,    0.6,Z
19/12/2025,14:00,    0.4,Z
19/12/2025,15:00,    0.0,Z
19/12/2025,16:00,    0.2,Z
19/12/2025,17:00,    0.0,Z
19/12/2025,18:00,    0.0,Z
19/12/2025,19:00,    0.0,Z
19/12/2025,20:00,    0.0,Z
19/12/2025,21:00,    0.4,Z
19/12/2025,22:00,    0.2,Z
19/12/2025,23:00,    0.2,Z
20/12/2025,00:00,    0.0,Z
20/12/2025,01:00,    0.0,Z
20/12/2025,02:00,    0.0,Z
20/12/2025,03:00,    0.0,Z
20/12/2025,04:00,    0.0,Z
20/12/2025,05:00,    0.0,Z
20/12/2025,06:00,    0.0,Z
20/12/2025,07:00,    0.0,Z
20/12/2025,08:00,    0.0,Z
20/12/2025,09:00,    0.0,Z
20/12/2025,10:00,    0.0,Z
20/12/2025,11:00,    0.0,Z
20/12/2025,12:00,    0.0,Z
20/12/2025,13:00,    0.0,Z
20/12/2025,14:00,    0.2,Z
20/12/2025,15:00,    0.2,Z
20/12/2025,16:00,    0.0,Z
20/12/2025,17:00,    0.0,Z
20/12/2025,18:00,    0.0,Z
20/12/2025,19:00,    0.0,Z
20/12/2025,20:00,    0.4,Z
20/12/2025,21:00,    0.0,Z
20/12/2025,22:00,    0.0,Z
20/12/2025,23:00,    0.0,Z
21/12/2025,00:00,    0.0,Z
21/12/2025,01:00,    0.0,Z
21/12/2025,02:00,    0.0,Z
21/12/2025,03:00,    0.0,Z
21/12/2025,04:00,    0.0,Z
21/12/2025,05:00,    0.0,Z
21/12/2025,06:00,    0.6,Z
21/12/2025,07:00,    0.8,Z
21/12/2025,08:00,    0.8,Z
21/12/2025,09:00,    0.2,Z
21/12/2025,10:00,    0.4,Z
21/12/2025,11:00,    0.2,Z
21/12/2025,12:00,    0.4,Z
21/12/2025,13:00,    0.4,Z
21/12/2025,14:00,    0.6,Z
21/12/2025,15:00,    0.0,Z
21/12/2025,16:00,    0.2,Z
21/12/2025,17:00,    0.2,Z
21/12/2025,18:00,    1.2,Z
21/12/2025,19:00,    1.0,Z
21/12/2025,20:00,    0.4,Z
21/12/2025,21:00,    0.4,Z
21/12/2025,22:00,    0.8,Z
21/12/2025,23:00,    0.2,Z
22/12/2025,00:00,    1.0,Z
22/12/2025,01:00,    1.2,Z
22/12/2025,02:00,    1.0,Z
22/12/2025,03:00,    1.8,Z
22/12/2025,04:00,    1.0,Z
22/12/2025,05:00,    0.6,Z
22/12/2025,06:00,    1.4,Z
22/12/2025,07:00,    1.0,Z
22/12/2025,08:00,    1.4,Z
22/12/2025,09:00,    1.2,Z
22/12/2025,10:00,    0.8,Z
22/12/2025,11:00,    1.4,Z
22/12/2025,12:00,    1.8,Z
22/12/2025,13:00,    1.2,Z
22/12/2025,14:00,    1.8,Z
22/12/2025,15:00,    1.4,Z
22/12/2025,16:00,    1.6,Z
22/12/2025,17:00,    2.8,Z
22/12/2025,18:00,    2.8,Z
22/12/2025,19:00,    2.4,Z
22/12/2025,20:00,    2.2,Z
22/12/2025,21:00,    2.8,Z
22/12/2025,22:00,    2.2,Z
22/12/2025,23:00,    4.0,Z
23/12/2025,00:00,    3.6,Z
23/12/2025,01:00,    5.8,Z
23/12/2025,02:00,    4.4,Z
23/12/2025,03:00,    1.8,Z
23/12/2025,04:00,    0.6,Y
23/12/2025,05:00,    1.0,Y
23/12/2025,06:00,    3.2,Y
23/12/2025,07:00,    1.2,Y
23/12/2025,08:00,    1.0,Y
23/12/2025,09:00,    1.0,Z
23/12/2025,10:00,    0.8,Z
23/12/2025,11:00,    0.6,Z
23/12/2025,12:00,    1.0,Y
23/12/2025,13:00,    0.6,Y
23/12/2025,14:00,    0.2,Y
23/12/2025,15:00,    0.4,Y
23/12/2025,16:00,    0.2,Y
23/12/2025,17:00,    0.2,Z
23/12/2025,18:00,    0.4,Z
23/12/2025,19:00,    0.8,Z
23/12/2025,20:00,    1.4,Z
23/12/2025,21:00,    2.0,Z
23/12/2025,22:00,    2.6,Z
23/12/2025,23:00,    2.2,Z
24/12/2025,00:00,    1.8,Z
24/12/2025,01:00,    2.0,Z
24/12/2025,02:00,    1.2,Z
24/12/2025,03:00,    1.4,Z
24/12/2025,04:00,    0.8,Z
24/12/2025,05:00,    0.4,Z
24/12/2025,06:00,    1.0,Z
24/12/2025,07:00,    0.8,Z
24/12/2025,08:00,    1.2,Z
24/12/2025,09:00,    0.2,Z
24/12/2025,10:00,    1.8,Z
24/12/2025,11:00,    1.6,Z
24/12/2025,12:00,    1.2,Z
24/12/2025,13:00,    0.6,Z
24/12/2025,14:00,    0.6,Z
24/12/2025,15:00,    0.2,Z
24/12/2025,16:00,    0.4,Z
24/12/2025,17:00,    0.8,Z
24/12/2025,18:00,    1.0,Z
24/12/2025,19:00,    0.8,Z
24/12/2025,20:00,    0.8,Z
24/12/2025,21:00,    0.2,Z
24/12/2025,22:00,    0.4,Z
24/12/2025,23:00,    0.6,Z
25/12/2025,00:00,    0.4,Z
25/12/2025,01:00,    0.6,Z
25/12/2025,02:00,    0.4,Z
25/12/2025,03:00,    0.2,Z
25/12/2025,04:00,    0.2,Z
25/12/2025,05:00,    0.0,Z
25/12/2025,06:00,    0.0,Z
25/12/2025,07:00,    0.2,Z
25/12/2025,08:00,    0.2,Z
25/12/2025,09:00,    0.2,Z
25/12/2025,10:00,    0.2,Z
25/12/2025,11:00,    0.8,Z
25/12/2025,12:00,    0.0,Z
25/12/2025,13:00,    0.2,Z
25/12/2025,14:00,    0.2,Z
25/12/2025,15:00,    0.6,Z
25/12/2025,16:00,    0.2,Z
25/12/2025,17:00,    0.4,Z
25/12/2025,18:00,    0.6,Z
25/12/2025,19:00,    0.2,Z
25/12/2025,20:00,    0.6,Z
25/12/2025,21:00,    0.6,Z
25/12/2025,22:00,    0.6,Z
25/12/2025,23:00,    1.0,Z
26/12/2025,00:00,    1.8,Z
26/12/2025,01:00,    2.2,Z
26/12/2025,02:00,    1.2,Z
26/12/2025,03:00,    0.4,Z
26/12/2025,04:00,    0.4,Y
26/12/2025,05:00,    0.4,Y
26/12/2025,06:00,    0.2,Y
26/12/2025,07:00,    0.0,Y
26/12/2025,08:00,    0.0,Y
26/12/2025,09:00,    0.2,Z
26/12/2025,10:00,    0.0,Z
26/12/2025,11:00,    0.0,Z
26/12/2025,12:00,    0.0,Z
26/12/2025,13:00,    0.0,Z
26/12/2025,14:00,    0.0,Z
26/12/2025,15:00,    0.0,Z
26/12/2025,16:00,    0.0,Z
26/12/2025,17:00,    0.0,Z
26/12/2025,18:00,    0.0,Z
26/12/2025,19:00,    0.0,Z
26/12/2025,20:00,    0.0,Z
26/12/2025,21:00,    0.0,Z
26/12/2025,22:00,    0.0,Z
26/12/2025,23:00,    0.0,Z
27/12/2025,00:00,    0.0,Z
27/12/2025,01:00,    0.0,Z
27/12/2025,02:00,    0.0,Z
27/12/2025,03:00,    0.0,Z
27/12/2025,04:00,    0.0,Z
27/12/2025,05:00,    0.0,Z
27/12/2025,06:00,    0.0,Z
27/12/2025,07:00,    0.0,Z
27/12/2025,08:00,    0.0,Z
27/12/2025,09:00,    0.0,Z
27/12/2025,10:00,    0.0,Z
27/12/2025,11:00,    0.0,Z
27/12/2025,12:00,    0.0,Z
27/12/2025,13:00,    0.0,Z
27/12/2025,14:00,    0.0,Z
27/12/2025,15:00,    0.0,Z
27/12/2025,16:00,    0.0,Z
27/12/2025,17:00,    0.0,Z
27/12/2025,18:00,    0.0,Z
27/12/2025,19:00,    0.0,Z
27/12/2025,20:00,    0.0,Z
27/12/2025,21:00,    0.0,Z
27/12/2025,22:00,    0.0,Z
27/12/2025,23:00,    0.0,Z
28/12/2025,00:00,    0.0,Z
28/12/2025,01:00,    0.0,Z
28/12/2025,02:00,    0.0,Z
28/12/2025,03:00,    0.0,Z
28/12/2025,04:00,    0.0,Z
28/12/2025,05:00,    0.0,Z
28/12/2025,06:00,    0.0,Z
28/12/2025,07:00,    0.0,Z
28/12/2025,08:00,    0.0,Z
28/12/2025,09:00,    0.0,Z
28/12/2025,10:00,    0.0,Z
28/12/2025,11:00,    0.0,Z
28/12/2025,12:00,    0.0,Z
28/12/2025,13:00,    0.0,Z
28/12/2025,14:00,    0.0,Z
28/12/2025,15:00,    0.0,Z
28/12/2025,16:00,    0.0,Z
28/12/2025,17:00,    0.0,Z
28/12/2025,18:00,    0.0,Z
28/12/2025,19:00,    0.0,Z
28/12/2025,20:00,    0.0,Z
28/12/2025,21:00,    0.0,Z
28/12/2025,22:00,    0.0,Z
28/12/2025,23:00,    0.0,Z
29/12/2025,00:00,    0.0,Z
29/12/2025,01:00,    0.0,Z
29/12/2025,02:00,    0.0,Z
29/12/2025,03:00,    0.0,Z
29/12/2025,04:00,    0.0,Z
29/12/2025,05:00,    0.0,Z
29/12/2025,06:00,    0.0,Z
29/12/2025,07:00,    0.0,Z
29/12/2025,08:00,    0.0,Z
29/12/2025,09:00,    0.0,Z
29/12/2025,10:00,    0.0,Z
29/12/2025,11:00,    0.0,Z
29/12/2025,12:00,    0.0,Z
29/12/2025,13:00,    0.0,Z
29/12/2025,14:00,    0.0,Z
29/12/2025,15:00,    0.0,Z
29/12/2025,16:00,    0.0,Z
29/12/2025,17:00,    0.0,Z
29/12/2025,18:00,    0.0,Z
29/12/2025,19:00,    0.0,Z
29/12/2025,20:00,    0.0,Z
29/12/2025,21:00,    0.0,Z
29/12/2025,22:00,    0.0,Z
29/12/2025,23:00,    0.0,Z
30/12/2025,00:00,    0.0,Z
30/12/2025,01:00,    0.0,Z
30/12/2025,02:00,    0.0,Z
30/12/2025,03:00,    0.0,Z
30/12/2025,04:00,    0.0,Z
30/12/2025,05:00,    0.0,Z
30/12/2025,06:00,    0.0,Z
30/12/2025,07:00,    0.0,Z
30/12/2025,08:00,    0.0,Z
30/12/2025,09:00,    0.0,Z
30/12/2025,10:00,    0.0,Z
30/12/2025,11:00,    0.0,Z
30/12/2025,12:00,    0.0,Z
30/12/2025,13:00,    0.0,Z
30/12/2025,14:00,    0.0,Z
30/12/2025,15:00,    0.0,Z
30/12/2025,16:00,    0.0,Z
30/12/2025,17:00,    0.0,Z
30/12/2025,18:00,    0.0,Z
30/12/2025,19:00,    0.0,Z
30/12/2025,20:00,    0.0,Z
30/12/2025,21:00,    0.0,Z
30/12/2025,22:00,    0.0,Z
30/12/2025,23:00,    0.0,Z
31/12/2025,00:00,    0.0,Z
31/12/2025,01:00,    0.0,Z
31/12/2025,02:00,    0.0,Z
31/12/2025,03:00,    0.0,Z
31/12/2025,04:00,    0.0,Z
31/12/2025,05:00,    0.0,Z
31/12/2025,06:00,    0.0,Z
31/12/2025,07:00,    0.0,Z
31/12/2025,08:00,    0.0,Z
31/12/2025,09:00,    0.0,Z
31/12/2025,10:00,    0.0,Z
31/12/2025,11:00,    0.0,Z
31/12/2025,12:00,    0.0,Z
31/12/2025,13:00,    0.0,Z
31/12/2025,14:00,    0.0,Z
31/12/2025,15:00,    0.0,Z
31/12/2025,16:00,    0.0,Z
31/12/2025,17:00,    0.0,Z
31/12/2025,18:00,    0.0,Z
31/12/2025,19:00,    0.0,Z
31/12/2025,20:00,    0.0,Z
31/12/2025,21:00,    0.0,Z
31/12/2025,22:00,    0.0,Z
31/12/2025,23:00,    0.0,Z
01/01/2026,00:00,    0.0,Z
01/01/2026,01:00,    0.0,Z
01/01/2026,02:00,    0.0,Z
01/01/2026,03:00,    0.0,Z
01/01/2026,04:00,    0.0,Z
01/01/2026,05:00,    0.0,Z
01/01/2026,06:00,    0.0,Z
01/01/2026,07:00,    0.0,Z
01/01/2026,08:00,    0.0,Z
01/01/2026,09:00,    0.0,Z
01/01/2026,10:00,    0.0,Z
01/01/2026,11:00,    0.0,Z
01/01/2026,12:00,    0.0,Z
01/01/2026,13:00,    0.0,Z
01/01/2026,14:00,    0.0,Z
01/01/2026,15:00,    0.0,Z
01/01/2026,16:00,    0.0,Z
01/01/2026,17:00,    0.0,Z
01/01/2026,18:00,    0.0,Z
01/01/2026,19:00,    0.0,Z
01/01/2026,20:00,    0.0,Z
01/01/2026,21:00,    0.0,Z
01/01/2026,22:00,    0.0,Z
01/01/2026,23:00,    0.0,Z
02/01/2026,00:00,    0.0,Z
02/01/2026,01:00,    0.0,Z
02/01/2026,02:00,    0.0,Z
02/01/2026,03:00,    0.0,Z
02/01/2026,04:00,    0.0,Z
02/01/2026,05:00,    0.0,Z
02/01/2026,06:00,    0.0,Z
02/01/2026,07:00,    0.0,Z
02/01/2026,08:00,    0.0,Z
02/01/2026,09:00,    0.0,Z
02/01/2026,10:00,    0.0,Z
02/01/2026,11:00,    0.0,Z
02/01/2026,12:00,    0.0,Z
02/01/2026,13:00,    0.0,Z
02/01/2026,14:00,    0.0,Z
02/01/2026,15:00,    0.0,Z
02/01/2026,16:00,    0.0,Z
02/01/2026,17:00,    0.0,Z
02/01/2026,18:00,    0.0,Z
02/01/2026,19:00,    0.0,Z
02/01/2026,20:00,    0.0,Y
02/01/2026,21:00,    0.0,Y
02/01/2026,22:00,    0.0,Z
02/01/2026,23:00,    0.0,Z
03/01/2026,00:00,    0.0,Z
03/01/2026,01:00,    0.0,Z
03/01/2026,02:00,    0.0,Z
03/01/2026,03:00,    0.0,Z
03/01/2026,04:00,    0.0,Z
03/01/2026,05:00,    0.0,Z
03/01/2026,06:00,    0.0,Z
03/01/2026,07:00,    0.0,Z
03/01/2026,08:00,    0.0,Z
03/01/2026,09:00,    0.0,Z
03/01/2026,10:00,    0.0,Z
03/01/2026,11:00,    0.0,Z
03/01/2026,12:00,    0.0,Z
03/01/2026,13:00,    0.0,Z
03/01/2026,14:00,    0.0,Z
03/01/2026,15:00,    0.0,Z
03/01/2026,16:00,    0.0,Z
03/01/2026,17:00,    0.0,Z
03/01/2026,18:00,    0.0,Z
03/01/2026,19:00,    0.0,Z
03/01/2026,20:00,    0.0,Z
03/01/2026,21:00,    0.0,Z
03/01/2026,22:00,    0.0,Z
03/01/2026,23:00,    0.0,Z
04/01/2026,00:00,    0.0,Z
04/01/2026,01:00,    0.0,Z
04/01/2026,02:00,    0.0,Z
04/01/2026,03:00,    0.0,Z
04/01/2026,04:00,    0.0,Z
04/01/2026,05:00,    0.0,Z
04/01/2026,06:00,    0.0,Z
04/01/2026,07:00,    0.0,Z
04/01/2026,08:00,    0.0,Z
04/01/2026,09:00,    0.0,Z
04/01/2026,10:00,    0.0,Z
04/01/2026,11:00,    0.0,Z
04/01/2026,12:00,    0.0,Z
04/01/2026,13:00,    0.0,Z
04/01/2026,14:00,    0.0,Z
04/01/2026,15:00,    0.0,Z
04/01/2026,16:00,    0.0,Z
04/01/2026,17:00,    0.0,Z
04/01/2026,18:00,    0.0,Z
04/01/2026,19:00,    0.0,Z
04/01/2026,20:00,    0.0,Z
04/01/2026,21:00,    0.0,Z
04/01/2026,22:00,    0.0,Z
04/01/2026,23:00,    0.0,Z
05/01/2026,00:00,    0.0,Z
05/01/2026,01:00,    0.0,Z
05/01/2026,02:00,    0.0,Z
05/01/2026,03:00,    0.0,Z
05/01/2026,04:00,    0.0,Z
05/01/2026,05:00,    0.0,Z
05/01/2026,06:00,    0.0,Z
05/01/2026,07:00,    0.0,Z
05/01/2026,08:00,    0.0,Z
05/01/2026,09:00,    0.0,Z
05/01/2026,10:00,    0.0,Z
05/01/2026,11:00,    0.0,Z
05/01/2026,12:00,    0.0,Z
05/01/2026,13:00,    0.0,Z
05/01/2026,14:00,    0.0,Z
05/01/2026,15:00,    0.0,Z
05/01/2026,16:00,    0.0,Z
05/01/2026,17:00,    0.0,Z
05/01/2026,18:00,    0.0,Z
05/01/2026,19:00,    0.0,Z
05/01/2026,20:00,    0.0,Z
05/01/2026,21:00,    0.0,Z
05/01/2026,22:00,    0.0,Z
05/01/2026,23:00,    0.0,Z
06/01/2026,00:00,    0.0,Z
06/01/2026,01:00,    0.0,Z
06/01/2026,02:00,    0.0,Z
06/01/2026,03:00,    0.0,Z
06/01/2026,04:00,    0.0,Z
06/01/2026,05:00,    0.0,Z
06/01/2026,06:00,    0.0,Z
06/01/2026,07:00,    0.0,Z
06/01/2026,08:00,    0.0,Z
06/01/2026,09:00,    0.0,Z
06/01/2026,10:00,    0.0,Z
06/01/2026,11:00,    0.0,Z
06/01/2026,12:00,    0.0,Z
06/01/2026,13:00,    0.0,Z
06/01/2026,14:00,    0.0,Z
06/01/2026,15:00,    0.0,Z
06/01/2026,16:00,    0.0,Z
06/01/2026,17:00,    0.0,Z
06/01/2026,18:00,    0.0,Z
06/01/2026,19:00,    0.0,Z
06/01/2026,20:00,    0.0,Z
06/01/2026,21:00,    0.0,Z
06/01/2026,22:00,    0.0,Z
06/01/2026,23:00,    0.0,Z
07/01/2026,00:00,    0.0,Z
07/01/2026,01:00,    0.0,Z
07/01/2026,02:00,    0.0,Z
07/01/2026,03:00,    0.0,Z
07/01/2026,04:00,    0.0,Z
07/01/2026,05:00,    0.0,Z
07/01/2026,06:00,    0.0,Z
07/01/2026,07:00,    0.0,Z
07/01/2026,08:00,    0.0,Z
07/01/2026,09:00,    0.0,Z
07/01/2026,10:00,    0.0,Z
07/01/2026,11:00,    0.0,Z
07/01/2026,12:00,    0.0,Z
07/01/2026,13:00,    0.0,Z
07/01/2026,14:00,    0.0,Z
07/01/2026,15:00,    0.0,Z
07/01/2026,16:00,    0.0,Z
07/01/2026,17:00,    0.0,Z
07/01/2026,18:00,    0.0,Z
07/01/2026,19:00,    0.0,Z
07/01/2026,20:00,    0.0,Z
07/01/2026,21:00,    0.0,Z
07/01/2026,22:00,    0.0,Z
07/01/2026,23:00,    0.0,Z
08/01/2026,00:00,    0.0,Z
08/01/2026,01:00,    0.0,Z
08/01/2026,02:00,    0.0,Z
08/01/2026,03:00,    0.0,Z
08/01/2026,04:00,    0.0,Z
08/01/2026,05:00,    0.0,Z
08/01/2026,06:00,    0.0,Z
08/01/2026,07:00,    0.0,Z
08/01/2026,08:00,    0.0,Z
08/01/2026,09:00,    0.0,Z
08/01/2026,10:00,    0.0,Z
08/01/2026,11:00,    0.0,Z
08/01/2026,12:00,    0.0,Z
08/01/2026,13:00,    0.0,Z
08/01/2026,14:00,    0.0,Z
08/01/2026,15:00,    0.0,Z
08/01/2026,16:00,    0.0,Z
08/01/2026,17:00,    0.0,Z
08/01/2026,18:00,    0.0,Z
08/01/2026,19:00,    0.0,Z
08/01/2026,20:00,    0.0,Z
08/01/2026,21:00,    0.0,Z
08/01/2026,22:00,    0.0,Z
08/01/2026,23:00,    0.0,Z
09/01/2026,00:00,    0.0,Z
09/01/2026,01:00,    0.0,Z
09/01/2026,02:00,    0.0,Z
09/01/2026,03:00,    0.0,Z
09/01/2026,04:00,    0.0,Z
09/01/2026,05:00,    0.0,Z
09/01/2026,06:00,    0.0,Z
09/01/2026,07:00,    0.0,Z
09/01/2026,08:00,    0.0,Z
09/01/2026,09:00,    0.0,Z
09/01/2026,10:00,    0.0,Z
09/01/2026,11:00,    0.0,Z
09/01/2026,12:00,    0.0,Z
09/01/2026,13:00,    0.0,Z
09/01/2026,14:00,    0.0,Z
09/01/2026,15:00,    0.0,Z
09/01/2026,16:00,    0.0,Z
09/01/2026,17:00,    0.0,Z
09/01/2026,18:00,    0.0,Z
09/01/2026,19:00,    0.0,Z
09/01/2026,20:00,    0.0,Z
09/01/2026,21:00,    0.0,Z
09/01/2026,22:00,    0.0,Z
09/01/2026,23:00,    0.0,Z
10/01/2026,00:00,    0.0,Z
10/01/2026,01:00,    0.0,Z
10/01/2026,02:00,    0.0,Z
10/01/2026,03:00,    0.0,Z
10/01/2026,04:00,    0.0,Z
10/01/2026,05:00,    0.0,Z
10/01/2026,06:00,    0.0,Z
10/01/2026,07:00,    0.0,Z
10/01/2026,08:00,    0.0,Z
10/01/2026,09:00,    0.0,Z
10/01/2026,10:00,    0.0,Z
10/01/2026,11:00,    0.0,Z
10/01/2026,12:00,    0.0,Z
10/01/2026,13:00,    0.0,Z
10/01/2026,14:00,    0.0,Z
10/01/2026,15:00,    0.0,Z
10/01/2026,16:00,    0.0,Z
10/01/2026,17:00,    0.0,Z
10/01/2026,18:00,    0.0,Z
10/01/2026,19:00,    0.0,Z
10/01/2026,20:00,    0.0,Z
10/01/2026,21:00,    0.0,Z
10/01/2026,22:00,    0.0,Z
10/01/2026,23:00,    0.0,Z
11/01/2026,00:00,    0.0,Z
11/01/2026,01:00,    0.0,Z
11/01/2026,02:00,    0.0,Z
11/01/2026,03:00,    0.0,Z
11/01/2026,04:00,    0.0,Z
11/01/2026,05:00,    0.0,Z
11/01/2026,06:00,    0.0,Z
11/01/2026,07:00,    0.0,Z
11/01/2026,08:00,    0.0,Z
11/01/2026,09:00,    0.0,Z
11/01/2026,10:00,    0.0,Z
11/01/2026,11:00,    0.0,Z
11/01/2026,12:00,    0.0,Z
11/01/2026,13:00,    0.0,Z
11/01/2026,14:00,    0.0,Z
11/01/2026,15:00,    0.0,Z
11/01/2026,16:00,    0.0,Z
11/01/2026,17:00,    0.0,Z
11/01/2026,18:00,    0.0,Z
11/01/2026,19:00,    0.0,Z
11/01/2026,20:00,    0.0,Z
11/01/2026,21:00,    0.0,Z
11/01/2026,22:00,    0.0,Z
11/01/2026,23:00,    0.0,Z
12/01/2026,00:00,    0.0,Z
12/01/2026,01:00,    0.0,Z
12/01/2026,02:00,    0.0,Z
12/01/2026,03:00,    0.0,Z
12/01/2026,04:00,    0.0,Z
12/01/2026,05:00,    0.0,Z
12/01/2026,06:00,    0.0,Z
12/01/2026,07:00,    0.0,Z
12/01/2026,08:00,    0.0,Z
12/01/2026,09:00,    0.0,Z
12/01/2026,10:00,    0.0,Z
12/01/2026,11:00,    0.0,Z
12/01/2026,12:00,    0.0,Z
12/01/2026,13:00,    0.0,Z
12/01/2026,14:00,    0.0,Z
12/01/2026,15:00,    0.0,Z
12/01/2026,16:00,    0.0,Z
12/01/2026,17:00,    0.0,Z
12/01/2026,18:00,    0.0,Z
12/01/2026,19:00,    0.0,Z
12/01/2026,20:00,    0.0,Z
12/01/2026,21:00,    0.0,Z
12/01/2026,22:00,    0.0,Z
12/01/2026,23:00,    0.0,Z
13/01/2026,00:00,    0.0,Z
13/01/2026,01:00,    0.0,Z
13/01/2026,02:00,    0.0,Z
13/01/2026,03:00,    0.0,Z
13/01/2026,04:00,    0.0,Z
13/01/2026,05:00,    0.0,Z
13/01/2026,06:00,    0.0,Z
13/01/2026,07:00,    0.0,Z
13/01/2026,08:00,    0.0,Z
13/01/2026,09:00,    0.0,Z
13/01/2026,10:00,    0.0,Z
13/01/2026,11:00,    0.0,Z
13/01/2026,12:00,    0.0,Z
13/01/2026,13:00,    0.0,Z
13/01/2026,14:00,    0.0,Z
13/01/2026,15:00,    0.0,Z
13/01/2026,16:00,    0.0,Z
13/01/2026,17:00,    0.0,Z
13/01/2026,18:00,    0.0,Z
13/01/2026,19:00,    0.0,Z
13/01/2026,20:00,    0.0,Z
13/01/2026,21:00,    0.0,Z
13/01/2026,22:00,    0.0,Z
13/01/2026,23:00,    0.0,Z
14/01/2026,00:00,    0.0,Z
14/01/2026,01:00,    0.0,Z
14/01/2026,02:00,    0.0,Z
14/01/2026,03:00,    0.0,Z
14/01/2026,04:00,    0.0,Z
14/01/2026,05:00,    0.0,Z
14/01/2026,06:00,    0.0,Z
14/01/2026,07:00,    0.0,Z
14/01/2026,08:00,    0.0,Z
14/01/2026,09:00,    0.0,Z
14/01/2026,10:00,    0.0,Z
14/01/2026,11:00,    0.0,Z
14/01/2026,12:00,    0.0,Z
14/01/2026,13:00,    0.0,Z
14/01/2026,14:00,    0.0,Z
14/01/2026,15:00,    0.0,Z
14/01/2026,16:00,    0.0,Z
14/01/2026,17:00,    0.0,Z
14/01/2026,18:00,    0.0,Z
14/01/2026,19:00,    0.0,Z
14/01/2026,20:00,    0.0,Z
14/01/2026,21:00,    0.0,Z
14/01/2026,22:00,    0.0,Z
14/01/2026,23:00,    0.0,Z
15/01/2026,00:00,    0.0,Z
15/01/2026,01:00,    0.0,Z
15/01/2026,02:00,    0.0,Z
15/01/2026,03:00,    0.0,Z
15/01/2026,04:00,    0.0,Z
15/01/2026,05:00,    0.0,Z
15/01/2026,06:00,    0.0,Z
15/01/2026,07:00,    0.0,Z
15/01/2026,08:00,    0.0,Z
15/01/2026,09:00,    0.0,Z
15/01/2026,10:00,    0.0,Z
15/01/2026,11:00,    0.0,Z
15/01/2026,12:00,    0.0,Z
15/01/2026,13:00,    0.0,Z
15/01/2026,14:00,    0.0,Z
15/01/2026,15:00,    0.0,Z
15/01/2026,16:00,    0.0,Z
15/01/2026,17:00,    0.0,Z
15/01/2026,18:00,    0.0,Z
15/01/2026,19:00,    0.0,Z
15/01/2026,20:00,    0.0,Z
15/01/2026,21:00,    0.0,Z
15/01/2026,22:00,    0.0,Z
15/01/2026,23:00,    0.0,Z
16/01/2026,00:00,    0.0,Z
16/01/2026,01:00,    0.0,Z
16/01/2026,02:00,    0.0,Z
16/01/2026,03:00,    0.0,Z
16/01/2026,04:00,    0.0,Z
16/01/2026,05:00,    0.0,Z
16/01/2026,06:00,    0.0,Z
16/01/2026,07:00,    0.0,Z
16/01/2026,08:00,    0.0,Z
16/01/2026,09:00,    0.0,Z
16/01/2026,10:00,    0.0,Z
16/01/2026,11:00,    0.0,Z
16/01/2026,12:00,    0.0,Z
16/01/2026,13:00,    0.2,Z
16/01/2026,14:00,    0.6,Z
16/01/2026,15:00,    0.4,Z
16/01/2026,16:00,    0.2,Z
16/01/2026,17:00,    0.2,Z
16/01/2026,18:00,    0.4,Z
16/01/2026,19:00,    0.0,Z
16/01/2026,20:00,    0.0,Z
16/01/2026,21:00,    0.0,Z
16/01/2026,22:00,    0.2,Z
16/01/2026,23:00,    0.0,Z
17/01/2026,00:00,    0.4,Z
17/01/2026,01:00,    0.6,Z
17/01/2026,02:00,    1.0,Z
17/01/2026,03:00,    1.6,Z
17/01/2026,04:00,    1.6,Z
17/01/2026,05:00,    2.0,Z
17/01/2026,06:00,    2.2,Z
17/01/2026,07:00,    2.0,Z
17/01/2026,08:00,    1.6,Z
17/01/2026,09:00,    1.4,Z
17/01/2026,10:00,    1.8,Z
17/01/2026,11:00,    0.8,Z
17/01/2026,12:00,    1.4,Z
17/01/2026,13:00,    1.0,Z
17/01/2026,14:00,    1.0,Z
17/01/2026,15:00,    1.0,Z
17/01/2026,16:00,    1.2,Z
17/01/2026,17:00,    1.4,Z
17/01/2026,18:00,    0.4,Z
17/01/2026,19:00,    0.4,Z
17/01/2026,20:00,    0.8,Z
17/01/2026,21:00,    0.0,Z
17/01/2026,22:00,    0.0,Z
17/01/2026,23:00,    0.0,Z
18/01/2026,00:00,    0.2,Z
18/01/2026,01:00,    0.6,Z
18/01/2026,02:00,    0.6,Z
18/01/2026,03:00,    1.0,Z
18/01/2026,04:00,    0.6,Z
18/01/2026,05:00,    1.0,Z
18/01/2026,06:00,    1.2,Z
18/01/2026,07:00,    0.4,Z
18/01/2026,08:00,    1.2,Z
18/01/2026,09:00,    0.4,Z
18/01/2026,10:00,    0.6,Z
18/01/2026,11:00,    0.8,Z
18/01/2026,12:00,    0.6,Z
18/01/2026,13:00,    0.8,Z
18/01/2026,14:00,    0.6,Z
18/01/2026,15:00,    0.8,Z
18/01/2026,16:00,    0.4,Z
18/01/2026,17:00,    1.0,Z
18/01/2026,18:00,    0.4,Z
18/01/2026,19:00,    0.4,Z
18/01/2026,20:00,    0.4,Z
18/01/2026,21:00,    0.4,Z
18/01/2026,22:00,    0.0,Z
18/01/2026,23:00,    0.0,Z
19/01/2026,00:00,    0.0,Z
19/01/2026,01:00,    0.0,Z
19/01/2026,02:00,    0.0,Z
19/01/2026,03:00,    0.0,Z
19/01/2026,04:00,    0.2,Z
19/01/2026,05:00,    0.0,Z
19/01/2026,06:00,    0.6,Z
19/01/2026,07:00,    0.6,Z
19/01/2026,08:00,    0.8,Z
19/01/2026,09:00,    0.8,Z
19/01/2026,10:00,    0.4,Z
19/01/2026,11:00,    0.2,Z
19/01/2026,12:00,    0.2,Z
19/01/2026,13:00,    0.2,Z
19/01/2026,14:00,    0.2,Z
19/01/2026,15:00,    0.2,Z
19/01/2026,16:00,    0.4,Z
19/01/2026,17:00,    0.2,Z
19/01/2026,18:00,    0.4,Z
19/01/2026,19:00,    0.8,Z
19/01/2026,20:00,    0.6,Z
19/01/2026,21:00,    0.2,Z
19/01/2026,22:00,    0.0,Z
19/01/2026,23:00,    0.0,Z
20/01/2026,00:00,    0.0,Z
20/01/2026,01:00,    0.0,Z
20/01/2026,02:00,    0.0,Z
20/01/2026,03:00,    0.0,Z
20/01/2026,04:00,    0.0,Z
20/01/2026,05:00,    0.2,Z
20/01/2026,06:00,    0.0,Z
20/01/2026,07:00,    0.0,Z
20/01/2026,08:00,    0.0,Z
20/01/2026,09:00,    0.2,Z
20/01/2026,10:00,    0.2,Z
20/01/2026,11:00,    0.0,Z
20/01/2026,12:00,    0.0,Y
20/01/2026,13:00,    0.0,Y
20/01/2026,14:00,    0.0,Y
20/01/2026,15:00,    0.0,Y
20/01/2026,16:00,    0.0,Y
20/01/2026,17:00,    0.0,Z
20/01/2026,18:00,    0.0,Z
20/01/2026,19:00,    0.0,Z
20/01/2026,20:00,    0.0,Z
20/01/2026,21:00,    0.0,Z
20/01/2026,22:00,    0.0,Z
20/01/2026,23:00,    0.0,Z
21/01/2026,00:00,    0.0,Z
21/01/2026,01:00,    0.0,Z
21/01/2026,02:00,    0.0,Z
21/01/2026,03:00,    0.0,Z
21/01/2026,04:00,    0.0,Z
21/01/2026,05:00,    0.0,Z
21/01/2026,06:00,    0.0,Z
21/01/2026,07:00,    0.0,Z
21/01/2026,08:00,    0.0,Z
21/01/2026,09:00,    0.0,Z
21/01/2026,10:00,    0.0,Z
21/01/2026,11:00,    0.0,Z
21/01/2026,12:00,    0.0,Z
21/01/2026,13:00,    0.0,Z
21/01/2026,14:00,    0.0,Z
21/01/2026,15:00,    0.0,Z
21/01/2026,16:00,    0.0,Z
21/01/2026,17:00,    0.0,Z
21/01/2026,18:00,    0.0,Z
21/01/2026,19:00,    0.0,Z
21/01/2026,20:00,    0.0,Z
21/01/2026,21:00,    0.0,Z
21/01/2026,22:00,    0.0,Z
21/01/2026,23:00,    0.0,Z
22/01/2026,00:00,    0.0,Z
22/01/2026,01:00,    0.0,Z
22/01/2026,02:00,    0.0,Z
22/01/2026,03:00,    0.0,Z
22/01/2026,04:00,    0.0,Z
22/01/2026,05:00,    0.0,Z
22/01/2026,06:00,    0.0,Z
22/01/2026,07:00,    0.0,Z
22/01/2026,08:00,    0.0,Z
22/01/2026,09:00,    0.0,Z
22/01/2026,10:00,    0.2,Z
22/01/2026,11:00,    0.0,Z
22/01/2026,12:00,    0.2,Z
22/01/2026,13:00,    0.8,Z
22/01/2026,14:00,    0.2,Z
22/01/2026,15:00,    0.0,Z
22/01/2026,16:00,    0.0,Z
22/01/2026,17:00,    0.0,Z
22/01/2026,18:00,    0.0,Z
22/01/2026,19:00,    0.0,Z
22/01/2026,20:00,    0.0,Z
22/01/2026,21:00,    0.0,Z
22/01/2026,22:00,    0.0,Z
22/01/2026,23:00,    0.0,Z
23/01/2026,00:00,    0.0,Z
23/01/2026,01:00,    0.0,Z
23/01/2026,02:00,    0.0,Z
23/01/2026,03:00,    0.0,Z
23/01/2026,04:00,    0.0,Z
23/01/2026,05:00,    0.0,Z
23/01/2026,06:00,    0.2,Z
23/01/2026,07:00,    0.2,Z
23/01/2026,08:00,    0.2,Z
23/01/2026,09:00,    0.0,Z
23/01/2026,10:00,    0.0,Z
23/01/2026,11:00,    0.2,Z
23/01/2026,12:00,    0.4,Z
23/01/2026,13:00,    0.0,Z
23/01/2026,14:00,    0.0,Z
23/01/2026,15:00,    0.2,Z
23/01/2026,16:00,    0.0,Z
23/01/2026,17:00,    0.0,Z
23/01/2026,18:00,    0.2,Z
23/01/2026,19:00,    0.6,Z
23/01/2026,20:00,    0.2,Z
23/01/2026,21:00,    0.0,Z
23/01/2026,22:00,    0.2,Z
23/01/2026,23:00,    0.6,Z
24/01/2026,00:00,    3.2,Z
24/01/2026,01:00,    4.6,Z
24/01/2026,02:00,    0.8,Z
24/01/2026,03:00,    0.0,Z
24/01/2026,04:00,    0.0,Z
24/01/2026,05:00,    0.0,Z
24/01/2026,06:00,    0.0,Z
24/01/2026,07:00,    0.0,Z
24/01/2026,08:00,    0.0,Z
24/01/2026,09:00,    0.0,Z
24/01/2026,10:00,    0.0,Z
24/01/2026,11:00,    0.0,Z
24/01/2026,12:00,    0.0,Z
24/01/2026,13:00,       ,Z
24/01/2026,14:00,       ,Z
24/01/2026,15:00,       ,Z
24/01/2026,16:00,       ,Z
24/01/2026,17:00,       ,Z
24/01/2026,18:00,       ,Z
24/01/2026,19:00,       ,Z
24/01/2026,20:00,       ,Z
24/01/2026,21:00,       ,Z
24/01/2026,22:00,       ,Z
24/01/2026,23:00,       ,Z
25/01/2026,00:00,       ,Z
25/01/2026,01:00,       ,Z
25/01/2026,02:00,       ,Z
25/01/2026,03:00,       ,Z
25/01/2026,04:00,       ,Z
25/01/2026,05:00,       ,Z
25/01/2026,06:00,       ,Z
25/01/2026,07:00,       ,Z
25/01/2026,08:00,       ,Z
25/01/2026,09:00,       ,Z
25/01/2026,10:00,       ,Z
25/01/2026,11:00,   14.6,Y
25/01/2026,12:00,    0.0,Y
25/01/2026,13:00,    0.0,Y
25/01/2026,14:00,    0.0,Y
25/01/2026,15:00,    0.0,Y
25/01/2026,16:00,    0.0,Y
25/01/2026,17:00,    0.0,Y
25/01/2026,18:00,    0.0,Y
25/01/2026,19:00,    0.0,Y
25/01/2026,20:00,    0.0,Y
25/01/2026,21:00,       ,Z
25/01/2026,22:00,       ,Z
25/01/2026,23:00,       ,Z
26/01/2026,00:00,       ,Z
26/01/2026,01:00,       ,Z
26/01/2026,02:00,       ,Z
26/01/2026,03:00,       ,Z
26/01/2026,04:00,       ,Z
26/01/2026,05:00,       ,Z
26/01/2026,06:00,       ,Z
26/01/2026,07:00,       ,Z
26/01/2026,08:00,       ,Z
26/01/2026,09:00,       ,Z
26/01/2026,10:00,    0.0,Y
26/01/2026,11:00,    0.0,Y
26/01/2026,12:00,    0.0,Y
26/01/2026,13:00,    0.0,Z
26/01/2026,14:00,    0.0,Z
26/01/2026,15:00,    0.0,Z
26/01/2026,16:00,    0.0,Z
26/01/2026,17:00,    0.0,Z
26/01/2026,18:00,    0.0,Z
26/01/2026,19:00,    0.0,Z
26/01/2026,20:00,       ,Z
26/01/2026,21:00,       ,Z
26/01/2026,22:00,       ,Z
26/01/2026,23:00,       ,Z
27/01/2026,00:00,       ,Z
27/01/2026,01:00,       ,Z
27/01/2026,02:00,       ,Z
27/01/2026,03:00,       ,Z
27/01/2026,04:00,       ,Z
27/01/2026,05:00,       ,Z
27/01/2026,06:00,       ,Z
27/01/2026,07:00,       ,Z
27/01/2026,08:00,       ,Z
27/01/2026,09:00,       ,Z
27/01/2026,10:00,       ,Z
27/01/2026,11:00,       ,Z
27/01/2026,12:00,       ,Z
27/01/2026,13:00,       ,Z
27/01/2026,14:00,       ,Z
27/01/2026,15:00,       ,Z
27/01/2026,16:00,       ,Z
27/01/2026,17:00,       ,Z
27/01/2026,18:00,       ,Z
27/01/2026,19:00,       ,Z
27/01/2026,20:00,       ,Z
27/01/2026,21:00,       ,Z
27/01/2026,22:00,       ,Z
27/01/2026,23:00,       ,Z
28/01/2026,00:00,       ,Z
28/01/2026,01:00,       ,Z
28/01/2026,02:00,       ,Z
28/01/2026,03:00,       ,Z
28/01/2026,04:00,       ,Z
28/01/2026,05:00,       ,Z
28/01/2026,06:00,       ,Z
28/01/2026,07:00,       ,Z
28/01/2026,08:00,       ,Z
28/01/2026,09:00,       ,Z
28/01/2026,10:00,       ,Z
28/01/2026,11:00,       ,Z
28/01/2026,12:00,       ,Z
28/01/2026,13:00,       ,Z
28/01/2026,14:00,       ,Z
28/01/2026,15:00,       ,Z
28/01/2026,16:00,       ,Z
28/01/2026,17:00,       ,Z
28/01/2026,18:00,       ,Z
28/01/2026,19:00,       ,Z
28/01/2026,20:00,       ,Z
28/01/2026,21:00,       ,Z
28/01/2026,22:00,       ,Z
28/01/2026,23:00,       ,Z
29/01/2026,00:00,       ,Z
29/01/2026,01:00,       ,Z
29/01/2026,02:00,       ,Z
29/01/2026,03:00,       ,Z
29/01/2026,04:00,       ,Z
29/01/2026,05:00,       ,Z
29/01/2026,06:00,       ,Z
29/01/2026,07:00,       ,Z
29/01/2026,08:00,       ,Z
29/01/2026,09:00,       ,Z
29/01/2026,10:00,       ,Z
29/01/2026,11:00,       ,Z
29/01/2026,12:00,       ,Z
29/01/2026,13:00,       ,Z
29/01/2026,14:00,       ,Z
29/01/2026,15:00,       ,Z
29/01/2026,16:00,       ,Z
29/01/2026,17:00,       ,Z
29/01/2026,18:00,       ,Z
29/01/2026,19:00,       ,Z
29/01/2026,20:00,       ,Z
29/01/2026,21:00,       ,Z
29/01/2026,22:00,       ,Z
29/01/2026,23:00,       ,Z
30/01/2026,00:00,       ,Z
30/01/2026,01:00,       ,Z
30/01/2026,02:00,       ,Z
30/01/2026,03:00,       ,Z
30/01/2026,04:00,       ,Z
30/01/2026,05:00,       ,Z
30/01/2026,06:00,       ,Z
30/01/2026,07:00,       ,Z
30/01/2026,08:00,       ,Z
30/01/2026,09:00,       ,Z
30/01/2026,10:00,       ,Z
30/01/2026,11:00,       ,Z
30/01/2026,12:00,    0.0,Z
30/01/2026,13:00,    0.2,Z
30/01/2026,14:00,    0.4,Z
30/01/2026,15:00,    2.8,Z
30/01/2026,16:00,    3.6,Z
30/01/2026,17:00,    2.8,Z
30/01/2026,18:00,    2.6,Z
30/01/2026,19:00,    2.8,Z
30/01/2026,20:00,    2.8,Z
30/01/2026,21:00,    2.6,Z
30/01/2026,22:00,    2.4,Z
30/01/2026,23:00,    2.2,Z
31/01/2026,00:00,    2.2,Z
31/01/2026,01:00,    1.8,Z
31/01/2026,02:00,    2.0,Z
31/01/2026,03:00,    2.2,Z
31/01/2026,04:00,    2.8,Z
31/01/2026,05:00,    3.2,Z
31/01/2026,06:00,    3.4,Z
31/01/2026,07:00,    3.8,Z
31/01/2026,08:00,    4.0,Z
31/01/2026,09:00,    2.0,Z
31/01/2026,10:00,    0.2,Z
31/01/2026,11:00,    0.2,Z
31/01/2026,12:00,    0.2,Z
31/01/2026,13:00,    0.2,Z
31/01/2026,14:00,    0.2,Z
31/01/2026,15:00,    0.2,Z
31/01/2026,16:00,    0.2,Z
31/01/2026,17:00,    0.2,Z
31/01/2026,18:00,    0.0,Z
31/01/2026,19:00,    0.0,Z
31/01/2026,20:00,    0.2,Z
31/01/2026,21:00,    0.0,Z
31/01/2026,22:00,    0.0,Z
31/01/2026,23:00,    0.0,Z
01/02/2026,00:00,    0.0,Z
01/02/2026,01:00,    0.0,Z
01/02/2026,02:00,    0.0,Z
01/02/2026,03:00,    0.0,Z
01/02/2026,04:00,    0.0,Z
01/02/2026,05:00,    0.0,Z
01/02/2026,06:00,    0.0,Z
01/02/2026,07:00,    0.0,Z
01/02/2026,08:00,    0.0,Z
01/02/2026,09:00,    0.0,Z
01/02/2026,10:00,    0.0,Z
01/02/2026,11:00,    0.0,Z
01/02/2026,12:00,    0.0,Z
01/02/2026,13:00,    0.0,Z
01/02/2026,14:00,    0.0,Z
01/02/2026,15:00,    0.0,Z
01/02/2026,16:00,    0.0,Z
01/02/2026,17:00,    0.0,Z
01/02/2026,18:00,    0.0,Z
01/02/2026,19:00,    0.0,Z
01/02/2026,20:00,    0.0,Z
01/02/2026,21:00,    0.0,Z
01/02/2026,22:00,    0.0,Z
01/02/2026,23:00,    0.0,Z
02/02/2026,00:00,    0.0,Z
02/02/2026,01:00,    0.0,Z
02/02/2026,02:00,    0.0,Z
02/02/2026,03:00,    0.0,Z
02/02/2026,04:00,    0.0,Z
02/02/2026,05:00,    0.0,Z
02/02/2026,06:00,    0.0,Z
02/02/2026,07:00,    0.0,Z
02/02/2026,08:00,    0.0,Z
02/02/2026,09:00,    0.0,Z
02/02/2026,10:00,    0.0,Z
02/02/2026,11:00,    0.0,Z
02/02/2026,12:00,    0.0,Z
02/02/2026,13:00,    0.0,Z
02/02/2026,14:00,    0.2,Z
02/02/2026,15:00,    1.0,Z
02/02/2026,16:00,    1.0,Z
02/02/2026,17:00,    0.4,Z
02/02/2026,18:00,    1.0,Z
02/02/2026,19:00,    0.6,Z
02/02/2026,20:00,    1.4,Z
02/02/2026,21:00,    1.2,Z
02/02/2026,22:00,    1.8,Z
02/02/2026,23:00,    2.0,Z
03/02/2026,00:00,    2.4,Z
03/02/2026,01:00,    2.0,Z
03/02/2026,02:00,    3.2,Z
03/02/2026,03:00,    4.6,Z
03/02/2026,04:00,    5.0,Y
03/02/2026,05:00,    3.6,Y
03/02/2026,06:00,    1.8,Y
03/02/2026,07:00,    0.4,Y
03/02/2026,08:00,    0.0,Y
03/02/2026,09:00,    0.2,Z
03/02/2026,10:00,    0.0,Z
03/02/2026,11:00,    0.0,Z
03/02/2026,12:00,    0.0,Z
03/02/2026,13:00,    0.2,Z
03/02/2026,14:00,    0.4,Z
03/02/2026,15:00,    0.2,Z
03/02/2026,16:00,    1.4,Z
03/02/2026,17:00,    0.4,Z
03/02/2026,18:00,    0.0,Z
03/02/2026,19:00,    0.0,Z
03/02/2026,20:00,    0.0,Z
03/02/2026,21:00,    0.0,Z
03/02/2026,22:00,    0.0,Z
03/02/2026,23:00,    0.0,Z
04/02/2026,00:00,    0.0,Z
04/02/2026,01:00,    0.0,Z
04/02/2026,02:00,    0.0,Z
04/02/2026,03:00,    0.0,Z
04/02/2026,04:00,    0.0,Z
04/02/2026,05:00,    0.0,Z
04/02/2026,06:00,    0.0,Z
04/02/2026,07:00,    0.0,Z
04/02/2026,08:00,    1.2,Z
04/02/2026,09:00,    1.2,Z
04/02/2026,10:00,    0.6,Z
04/02/2026,11:00,    0.2,Z
04/02/2026,12:00,    0.2,Z
04/02/2026,13:00,    0.0,Z
04/02/2026,14:00,    0.0,Z
04/02/2026,15:00,    0.0,Z
04/02/2026,16:00,    0.0,Z
04/02/2026,17:00,    0.0,Z
04/02/2026,18:00,    0.0,Z
04/02/2026,19:00,    0.0,Z
04/02/2026,20:00,    0.0,Z
04/02/2026,21:00,    0.0,Z
04/02/2026,22:00,    0.0,Z
04/02/2026,23:00,    0.0,Z
05/02/2026,00:00,    0.0,Z
05/02/2026,01:00,    0.0,Z
05/02/2026,02:00,    0.0,Z
05/02/2026,03:00,    0.0,Z
05/02/2026,04:00,    0.0,Z
05/02/2026,05:00,    0.0,Z
05/02/2026,06:00,    0.0,Z
05/02/2026,07:00,    0.0,Z
05/02/2026,08:00,    0.0,Z
05/02/2026,09:00,    0.0,Z
05/02/2026,10:00,    0.0,Z
05/02/2026,11:00,    0.0,Z
05/02/2026,12:00,    0.0,Z
05/02/2026,13:00,    0.0,Z
05/02/2026,14:00,    0.0,Z
05/02/2026,15:00,    0.0,Z
05/02/2026,16:00,    0.0,Z
05/02/2026,17:00,    0.0,Z
05/02/2026,18:00,    1.8,Z
05/02/2026,19:00,    2.2,Z
05/02/2026,20:00,    2.6,Z
05/02/2026,21:00,    3.0,Z
05/02/2026,22:00,    3.2,Z
05/02/2026,23:00,    5.8,Z
06/02/2026,00:00,    4.4,Z
06/02/2026,01:00,    1.4,Z
06/02/2026,02:00,    0.4,Z
06/02/2026,03:00,    0.2,Z
06/02/2026,04:00,    0.0,Z
06/02/2026,05:00,    0.2,Z
06/02/2026,06:00,    0.0,Z
06/02/2026,07:00,    0.0,Z
06/02/2026,08:00,    0.0,Z
06/02/2026,09:00,    0.0,Z
06/02/2026,10:00,    0.0,Z
06/02/2026,11:00,    0.0,Z
06/02/2026,12:00,    0.0,Z
06/02/2026,13:00,    0.0,Z
06/02/2026,14:00,    0.0,Z
06/02/2026,15:00,    0.0,Z
06/02/2026,16:00,    0.0,Z
06/02/2026,17:00,    0.0,Z
06/02/2026,18:00,    0.0,Z
06/02/2026,19:00,    0.0,Z
06/02/2026,20:00,    0.0,Z
06/02/2026,21:00,    0.0,Z
06/02/2026,22:00,    0.0,Z
06/02/2026,23:00,    0.0,Z
07/02/2026,00:00,    0.0,Z
07/02/2026,01:00,    0.0,Z
07/02/2026,02:00,    0.0,Z
07/02/2026,03:00,    0.0,Z
07/02/2026,04:00,    0.0,Z
07/02/2026,05:00,    0.0,Z
07/02/2026,06:00,    0.0,Z
07/02/2026,07:00,    0.0,Z
07/02/2026,08:00,    0.0,Z
07/02/2026,09:00,    0.0,Z
07/02/2026,10:00,    0.0,Z
07/02/2026,11:00,    0.0,Z
07/02/2026,12:00,    0.0,Z
07/02/2026,13:00,    0.0,Z
07/02/2026,14:00,    0.0,Z
07/02/2026,15:00,    0.0,Z
07/02/2026,16:00,    0.0,Z
07/02/2026,17:00,    0.0,Z
07/02/2026,18:00,    0.0,Z
07/02/2026,19:00,    0.0,Z
07/02/2026,20:00,    0.0,Z
07/02/2026,21:00,    0.0,Z
07/02/2026,22:00,    0.0,Z
07/02/2026,23:00,    0.0,Z
08/02/2026,00:00,    0.0,Z
08/02/2026,01:00,    0.0,Z
08/02/2026,02:00,    0.0,Z
08/02/2026,03:00,    0.0,Z
08/02/2026,04:00,    0.0,Z
08/02/2026,05:00,    0.0,Z
08/02/2026,06:00,    0.0,Z
08/02/2026,07:00,    0.0,Z
08/02/2026,08:00,    0.0,Z
08/02/2026,09:00,    0.0,Z
08/02/2026,10:00,    0.0,Z
08/02/2026,11:00,    0.0,Z
08/02/2026,12:00,    0.0,Z
08/02/2026,13:00,    0.0,Z
08/02/2026,14:00,    0.0,Z
08/02/2026,15:00,    0.0,Z
08/02/2026,16:00,    1.0,Z
08/02/2026,17:00,    1.0,Z
08/02/2026,18:00,    0.6,Z
08/02/2026,19:00,    1.6,Z
08/02/2026,20:00,    1.4,Z
08/02/2026,21:00,    1.2,Z
08/02/2026,22:00,    0.8,Z
08/02/2026,23:00,    1.0,Z
09/02/2026,00:00,    0.6,Z
09/02/2026,01:00,    0.2,Z
09/02/2026,02:00,    0.0,Z
09/02/2026,03:00,    0.2,Z
09/02/2026,04:00,    0.6,Z
09/02/2026,05:00,    1.0,Z
09/02/2026,06:00,    0.0,Z
09/02/2026,07:00,    0.0,Z
09/02/2026,08:00,    0.0,Z
09/02/2026,09:00,    0.0,Z
09/02/2026,10:00,    0.0,Z
09/02/2026,11:00,    0.0,Z
09/02/2026,12:00,    0.0,Z
09/02/2026,13:00,    0.0,Z
09/02/2026,14:00,    0.0,Z
09/02/2026,15:00,    0.0,Z
09/02/2026,16:00,    0.0,Z
09/02/2026,17:00,    0.0,Z
09/02/2026,18:00,    0.0,Z
09/02/2026,19:00,    0.0,Z
09/02/2026,20:00,    0.0,Z
09/02/2026,21:00,    0.0,Z
09/02/2026,22:00,    0.0,Z
09/02/2026,23:00,    0.0,Z
10/02/2026,00:00,    0.0,Z
10/02/2026,01:00,    0.0,Z
10/02/2026,02:00,    0.0,Z
10/02/2026,03:00,    0.0,Z
10/02/2026,04:00,    0.0,Z
10/02/2026,05:00,    0.0,Z
10/02/2026,06:00,    0.0,Z
10/02/2026,07:00,    0.0,Z
10/02/2026,08:00,    0.0,Z
10/02/2026,09:00,    0.0,Z
10/02/2026,10:00,    0.0,Z
10/02/2026,11:00,    0.0,Z
10/02/2026,12:00,    0.0,Z
10/02/2026,13:00,    0.0,Z
10/02/2026,14:00,    0.0,Z
10/02/2026,15:00,    0.0,Z
10/02/2026,16:00,    0.0,Z
10/02/2026,17:00,    0.0,Z
10/02/2026,18:00,    0.0,Z
10/02/2026,19:00,    0.0,Z
10/02/2026,20:00,    0.2,Z
10/02/2026,21:00,    0.0,Z
10/02/2026,22:00,    0.0,Z
10/02/2026,23:00,    0.0,Z
11/02/2026,00:00,    0.0,Z
11/02/2026,01:00,    0.0,Z
11/02/2026,02:00,    0.0,Z
11/02/2026,03:00,    0.0,Z
11/02/2026,04:00,    0.0,Z
11/02/2026,05:00,    0.0,Z
11/02/2026,06:00,    0.0,Z
11/02/2026,07:00,    0.0,Z
11/02/2026,08:00,    0.0,Z
11/02/2026,09:00,    0.0,Z
11/02/2026,10:00,    0.0,Z
11/02/2026,11:00,    0.0,Z
11/02/2026,12:00,    0.0,Z
11/02/2026,13:00,    0.0,Z
11/02/2026,14:00,    0.0,Z
11/02/2026,15:00,    0.0,Z
11/02/2026,16:00,    0.0,Z
11/02/2026,17:00,    0.0,Z
11/02/2026,18:00,    0.0,Z
11/02/2026,19:00,    0.0,Z
11/02/2026,20:00,    0.0,Z
11/02/2026,21:00,    0.0,Z
11/02/2026,22:00,    0.0,Z
11/02/2026,23:00,    0.0,Z
12/02/2026,00:00,    0.0,Z
12/02/2026,01:00,    0.0,Z
12/02/2026,02:00,    0.4,Z
12/02/2026,03:00,    3.2,Z
12/02/2026,04:00,    0.2,Z
12/02/2026,05:00,    0.0,Z
12/02/2026,06:00,    0.0,Z
12/02/2026,07:00,    0.0,Z
12/02/2026,08:00,    0.0,Z
12/02/2026,09:00,    0.0,Z
12/02/2026,10:00,    0.0,Z
12/02/2026,11:00,    0.0,Z
12/02/2026,12:00,    0.0,Z
12/02/2026,13:00,    0.0,Z
12/02/2026,14:00,    0.0,Z
12/02/2026,15:00,    0.0,Z
12/02/2026,16:00,    0.0,Z
12/02/2026,17:00,    0.0,Z
12/02/2026,18:00,    0.0,Z
12/02/2026,19:00,    0.0,Z
12/02/2026,20:00,    0.0,Z
12/02/2026,21:00,    0.0,Z
12/02/2026,22:00,    0.0,Z
12/02/2026,23:00,    0.0,Z
13/02/2026,00:00,    0.0,Z
13/02/2026,01:00,    0.0,Z
13/02/2026,02:00,    0.0,Z
13/02/2026,03:00,    0.0,Z
13/02/2026,04:00,    0.0,Z
13/02/2026,05:00,    0.0,Z
13/02/2026,06:00,    0.0,Z
13/02/2026,07:00,    0.0,Z
13/02/2026,08:00,    0.0,Z
13/02/2026,09:00,    0.0,Z
13/02/2026,10:00,    0.0,Z
13/02/2026,11:00,    0.0,Z
13/02/2026,12:00,    0.0,Z
13/02/2026,13:00,    0.0,Z
13/02/2026,14:00,    0.0,Z
13/02/2026,15:00,    0.0,Z
13/02/2026,16:00,    0.0,Z
13/02/2026,17:00,    0.6,Z
13/02/2026,18:00,    0.4,Z
13/02/2026,19:00,    0.6,Z
13/02/2026,20:00,    1.8,Z
13/02/2026,21:00,    1.4,Z
13/02/2026,22:00,    2.6,Z
13/02/2026,23:00,    2.2,Z
14/02/2026,00:00,    0.8,Z
14/02/2026,01:00,    1.0,Z
14/02/2026,02:00,    1.6,Z
14/02/2026,03:00,    1.2,Z
14/02/2026,04:00,    1.2,Z
14/02/2026,05:00,    1.2,Z
14/02/2026,06:00,    1.0,Z
14/02/2026,07:00,    1.0,Z
14/02/2026,08:00,    1.0,Z
14/02/2026,09:00,    0.6,Z
14/02/2026,10:00,    0.2,Z
14/02/2026,11:00,    0.4,Z
14/02/2026,12:00,    0.2,Z
14/02/2026,13:00,    0.4,Z
14/02/2026,14:00,    0.2,Z
14/02/2026,15:00,    0.0,Z
14/02/2026,16:00,    0.0,Z
14/02/2026,17:00,    0.0,Z
14/02/2026,18:00,    0.0,Z
14/02/2026,19:00,    0.0,Z
14/02/2026,20:00,    0.0,Z
14/02/2026,21:00,    0.0,Z
14/02/2026,22:00,    0.0,Z
14/02/2026,23:00,    0.0,Z
15/02/2026,00:00,    0.0,Z
15/02/2026,01:00,    0.0,Z
15/02/2026,02:00,    0.0,Z
15/02/2026,03:00,    0.0,Z
15/02/2026,04:00,    0.0,Z
15/02/2026,05:00,    0.0,Z
15/02/2026,06:00,    0.0,Z
15/02/2026,07:00,    0.0,Z
15/02/2026,08:00,    0.0,Z
15/02/2026,09:00,    0.0,Z
15/02/2026,10:00,    0.0,Z
15/02/2026,11:00,    0.0,Z
15/02/2026,12:00,    0.0,Z
15/02/2026,13:00,    0.0,Z
15/02/2026,14:00,    0.0,Z
15/02/2026,15:00,    0.0,Z
15/02/2026,16:00,    0.0,Z
15/02/2026,17:00,    0.0,Z
15/02/2026,18:00,    0.0,Z
15/02/2026,19:00,    0.0,Z
15/02/2026,20:00,    0.0,Z
15/02/2026,21:00,    0.0,Y
15/02/2026,22:00,    0.0,Y
15/02/2026,23:00,    0.0,Z
16/02/2026,00:00,    0.0,Z
16/02/2026,01:00,    0.0,Z
16/02/2026,02:00,    0.0,Z
16/02/2026,03:00,    0.0,Z
16/02/2026,04:00,    0.0,Z
16/02/2026,05:00,    0.0,Z
16/02/2026,06:00,    0.0,Z
16/02/2026,07:00,    0.0,Z
16/02/2026,08:00,    0.0,Z
16/02/2026,09:00,    0.0,Z
16/02/2026,10:00,    0.0,Z
16/02/2026,11:00,    0.0,Z
16/02/2026,12:00,    0.0,Z
16/02/2026,13:00,    0.0,Z
16/02/2026,14:00,    0.0,Z
16/02/2026,15:00,    0.0,Z
16/02/2026,16:00,    0.0,Z
16/02/2026,17:00,    0.0,Z
16/02/2026,18:00,    0.0,Z
16/02/2026,19:00,    0.0,Z
16/02/2026,20:00,    0.0,Z
16/02/2026,21:00,    0.0,Z
16/02/2026,22:00,    0.0,Z
16/02/2026,23:00,    0.0,Z
17/02/2026,00:00,    0.0,Z
17/02/2026,01:00,    0.0,Z
17/02/2026,02:00,    0.0,Z
17/02/2026,03:00,    0.0,Z
17/02/2026,04:00,    0.0,Z
17/02/2026,05:00,    0.0,Z
17/02/2026,06:00,    0.0,Z
17/02/2026,07:00,    0.0,Z
17/02/2026,08:00,    0.0,Z
17/02/2026,09:00,    0.0,Z
17/02/2026,10:00,    0.0,Z
17/02/2026,11:00,    0.0,Z
17/02/2026,12:00,    0.0,Z
17/02/2026,13:00,    0.0,Z
17/02/2026,14:00,    0.0,Z
17/02/2026,15:00,    0.0,Z
17/02/2026,16:00,    0.0,Z
17/02/2026,17:00,    0.0,Z
17/02/2026,18:00,    0.0,Z
17/02/2026,19:00,    0.0,Z
17/02/2026,20:00,    0.0,Z
17/02/2026,21:00,    0.0,Z
17/02/2026,22:00,    0.0,Z
17/02/2026,23:00,    0.0,Z
18/02/2026,00:00,    0.0,Z
18/02/2026,01:00,    0.0,Z
18/02/2026,02:00,    0.0,Z
18/02/2026,03:00,    0.0,Z
18/02/2026,04:00,    0.0,Z
18/02/2026,05:00,    0.0,Z
18/02/2026,06:00,    0.0,Z
18/02/2026,07:00,    0.0,Z
18/02/2026,08:00,    0.0,Z
18/02/2026,09:00,    0.0,Z
18/02/2026,10:00,    0.0,Z
18/02/2026,11:00,    0.0,Z
18/02/2026,12:00,    0.0,Z
18/02/2026,13:00,    0.0,Z
18/02/2026,14:00,    0.0,Z
18/02/2026,15:00,    0.0,Z
18/02/2026,16:00,    0.0,Z
18/02/2026,17:00,    0.0,Z
18/02/2026,18:00,    0.0,Z
18/02/2026,19:00,    0.0,Z
18/02/2026,20:00,    0.0,Z
18/02/2026,21:00,    0.0,Z
18/02/2026,22:00,    0.0,Z
18/02/2026,23:00,    0.0,Z
19/02/2026,00:00,    0.0,Z
19/02/2026,01:00,    0.8,Z
19/02/2026,02:00,    2.2,Z
19/02/2026,03:00,    3.2,Z
19/02/2026,04:00,    3.2,Z
19/02/2026,05:00,    4.6,Z
19/02/2026,06:00,    0.8,Z
19/02/2026,07:00,    0.2,Z
19/02/2026,08:00,    0.0,Z
19/02/2026,09:00,    0.0,Z
19/02/2026,10:00,    0.0,Z
19/02/2026,11:00,    0.0,Z
19/02/2026,12:00,    0.0,Z
19/02/2026,13:00,    0.0,Z
19/02/2026,14:00,    0.0,Z
19/02/2026,15:00,    0.0,Z
19/02/2026,16:00,    0.0,Z
19/02/2026,17:00,    0.0,Z
19/02/2026,18:00,    0.0,Z
19/02/2026,19:00,    0.0,Z
19/02/2026,20:00,    0.0,Z
19/02/2026,21:00,    0.0,Z
19/02/2026,22:00,    0.0,Z
19/02/2026,23:00,    0.0,Z
20/02/2026,00:00,    0.0,Z
20/02/2026,01:00,    0.0,Z
20/02/2026,02:00,    0.0,Z
20/02/2026,03:00,    0.0,Z
20/02/2026,04:00,    0.0,Z
20/02/2026,05:00,    0.0,Z
20/02/2026,06:00,    0.0,Z
20/02/2026,07:00,    0.0,Z
20/02/2026,08:00,    0.0,Z
20/02/2026,09:00,    0.0,Z
20/02/2026,10:00,    0.0,Z
20/02/2026,11:00,    0.0,Z
20/02/2026,12:00,    0.0,Z
20/02/2026,13:00,    0.0,Z
20/02/2026,14:00,    0.0,Z
20/02/2026,15:00,    0.0,Z
20/02/2026,16:00,    0.0,Z
20/02/2026,17:00,    0.0,Z
20/02/2026,18:00,    0.0,Z
20/02/2026,19:00,    0.0,Z
20/02/2026,20:00,    0.0,Z
20/02/2026,21:00,    0.0,Z
20/02/2026,22:00,    0.0,Z
20/02/2026,23:00,    0.0,Z
21/02/2026,00:00,    0.0,Z
21/02/2026,01:00,    0.0,Z
21/02/2026,02:00,    0.0,Z
21/02/2026,03:00,    0.0,Z
21/02/2026,04:00,    0.0,Z
21/02/2026,05:00,    0.0,Z
21/02/2026,06:00,    0.0,Z
21/02/2026,07:00,    0.0,Z
21/02/2026,08:00,    0.0,Z
21/02/2026,09:00,    0.0,Z
21/02/2026,10:00,    0.0,Z
21/02/2026,11:00,    0.0,Z
21/02/2026,12:00,    0.0,Z
21/02/2026,13:00,    0.0,Z
21/02/2026,14:00,    0.0,Z
21/02/2026,15:00,    0.0,Z
21/02/2026,16:00,    0.0,Z
21/02/2026,17:00,    0.0,Z
21/02/2026,18:00,    0.0,Z
21/02/2026,19:00,    0.0,Z
21/02/2026,20:00,    0.0,Z
21/02/2026,21:00,    0.0,Z
21/02/2026,22:00,    0.0,Z
21/02/2026,23:00,    0.0,Z
22/02/2026,00:00,    0.0,Z
22/02/2026,01:00,    0.0,Z
22/02/2026,02:00,    0.0,Z
22/02/2026,03:00,    0.0,Z
22/02/2026,04:00,    0.0,Z
22/02/2026,05:00,    0.0,Z
22/02/2026,06:00,    0.0,Z
22/02/2026,07:00,    0.0,Z
22/02/2026,08:00,    0.0,Z
22/02/2026,09:00,    0.0,Z
22/02/2026,10:00,    0.0,Z
22/02/2026,11:00,    0.0,Z
22/02/2026,12:00,    0.0,Z
22/02/2026,13:00,    0.0,Z
22/02/2026,14:00,    0.0,Z
22/02/2026,15:00,    0.0,Z
22/02/2026,16:00,    0.0,Z
22/02/2026,17:00,    0.0,Z
22/02/2026,18:00,    0.0,Z
22/02/2026,19:00,    0.0,Z
22/02/2026,20:00,    0.0,Z
22/02/2026,21:00,    0.0,Z
22/02/2026,22:00,    0.0,Z
22/02/2026,23:00,    0.0,Z
23/02/2026,00:00,    0.0,Z
23/02/2026,01:00,    0.0,Z
23/02/2026,02:00,    0.0,Z
23/02/2026,03:00,    0.0,Z
23/02/2026,04:00,    0.0,Z
23/02/2026,05:00,    0.0,Z
23/02/2026,06:00,    0.0,Z
23/02/2026,07:00,    0.0,Z
23/02/2026,08:00,    0.0,Z
23/02/2026,09:00,    0.0,Z
23/02/2026,10:00,    0.0,Z
23/02/2026,11:00,    0.0,Z
23/02/2026,12:00,    0.0,Z
23/02/2026,13:00,    0.0,Z
23/02/2026,14:00,    0.0,Z
23/02/2026,15:00,    0.0,Z
23/02/2026,16:00,    0.0,Z
23/02/2026,17:00,    0.0,Z
23/02/2026,18:00,    0.0,Z
23/02/2026,19:00,    0.0,Z
23/02/2026,20:00,    0.0,Z
23/02/2026,21:00,    0.0,Z
23/02/2026,22:00,    0.0,Z
23/02/2026,23:00,    0.0,Z
24/02/2026,00:00,    0.0,Z
24/02/2026,01:00,    0.0,Z
24/02/2026,02:00,    0.0,Z
24/02/2026,03:00,    0.0,Z
24/02/2026,04:00,    0.0,Z
24/02/2026,05:00,    0.0,Z
24/02/2026,06:00,    0.0,Z
24/02/2026,07:00,    0.0,Z
24/02/2026,08:00,    0.0,Z
24/02/2026,09:00,    0.0,Z
24/02/2026,10:00,    0.0,Z
24/02/2026,11:00,    0.0,Z
24/02/2026,12:00,    0.0,Z
24/02/2026,13:00,    0.0,Z
24/02/2026,14:00,    0.0,Z
24/02/2026,15:00,    0.0,Z
24/02/2026,16:00,    0.0,Z
24/02/2026,17:00,    0.0,Z
24/02/2026,18:00,    0.0,Z
24/02/2026,19:00,    0.0,Z
24/02/2026,20:00,    0.0,Z
24/02/2026,21:00,    0.0,Z
24/02/2026,22:00,    0.0,Z
24/02/2026,23:00,    0.0,Z
25/02/2026,00:00,    0.0,Z
25/02/2026,01:00,    0.0,Z
25/02/2026,02:00,    0.0,Z
25/02/2026,03:00,    0.0,Z
25/02/2026,04:00,    0.0,Z
25/02/2026,05:00,    0.0,Z
25/02/2026,06:00,    0.0,Z
25/02/2026,07:00,    0.0,Z
25/02/2026,08:00,    0.0,Z
25/02/2026,09:00,    0.0,Z
25/02/2026,10:00,    0.0,Z
25/02/2026,11:00,    0.0,Z
25/02/2026,12:00,    0.0,Z
25/02/2026,13:00,    0.0,Z
25/02/2026,14:00,    0.0,Z
25/02/2026,15:00,    0.0,Z
25/02/2026,16:00,    0.0,Z
25/02/2026,17:00,    0.0,Z
25/02/2026,18:00,    0.0,Z
25/02/2026,19:00,    0.0,Z
25/02/2026,20:00,    0.0,Z
25/02/2026,21:00,    0.0,Z
25/02/2026,22:00,    0.0,Z
25/02/2026,23:00,    0.0,Z
26/02/2026,00:00,    0.0,Z
26/02/2026,01:00,    0.0,Z
26/02/2026,02:00,    0.0,Z
26/02/2026,03:00,    0.0,Z
26/02/2026,04:00,    0.0,Z
26/02/2026,05:00,    0.0,Z
26/02/2026,06:00,    0.0,Z
26/02/2026,07:00,    0.0,Z
26/02/2026,08:00,    0.0,Z
26/02/2026,09:00,    0.0,Z
26/02/2026,10:00,    0.0,Z
26/02/2026,11:00,    0.0,Z
26/02/2026,12:00,    0.0,Z
26/02/2026,13:00,    0.0,Z
26/02/2026,14:00,    0.0,Z
26/02/2026,15:00,    0.0,Z
26/02/2026,16:00,    0.0,Z
26/02/2026,17:00,    0.0,Z
26/02/2026,18:00,    0.0,Z
26/02/2026,19:00,    0.0,Z
26/02/2026,20:00,    0.0,Z
26/02/2026,21:00,    0.0,Z
26/02/2026,22:00,    0.0,Z
26/02/2026,23:00,    0.0,Z
27/02/2026,00:00,    0.0,Z
27/02/2026,01:00,    0.0,Z
27/02/2026,02:00,    0.0,Z
27/02/2026,03:00,    0.0,Z
27/02/2026,04:00,    0.0,Z
27/02/2026,05:00,    0.0,Z
27/02/2026,06:00,    0.0,Z
27/02/2026,07:00,    0.0,Z
27/02/2026,08:00,    0.0,Z
27/02/2026,09:00,    0.0,Z
27/02/2026,10:00,    0.0,Z
27/02/2026,11:00,    0.0,Z
27/02/2026,12:00,    0.0,Z
27/02/2026,13:00,    0.0,Z
27/02/2026,14:00,    0.0,Z
27/02/2026,15:00,    0.0,Z
27/02/2026,16:00,    0.0,Z
27/02/2026,17:00,    0.0,Z
27/02/2026,18:00,    0.0,Z
27/02/2026,19:00,    0.0,Z
27/02/2026,20:00,    0.0,Z
27/02/2026,21:00,    0.0,Z
27/02/2026,22:00,    0.0,Z
27/02/2026,23:00,    0.0,Z
28/02/2026,00:00,    0.0,Z
28/02/2026,01:00,    0.0,Z
28/02/2026,02:00,    0.0,Z
28/02/2026,03:00,    0.0,Z
28/02/2026,04:00,    0.0,Z
28/02/2026,05:00,    0.0,Z
28/02/2026,06:00,    0.0,Z
28/02/2026,07:00,    0.0,Z
28/02/2026,08:00,    0.0,Z
28/02/2026,09:00,    0.0,Z
28/02/2026,10:00,    0.0,Z
28/02/2026,11:00,    0.0,Z
28/02/2026,12:00,    0.0,Z
28/02/2026,13:00,    0.0,Z
28/02/2026,14:00,    0.0,Z
28/02/2026,15:00,    0.0,Z
28/02/2026,16:00,    0.0,Z
28/02/2026,17:00,    0.0,Z
28/02/2026,18:00,    0.0,Z
28/02/2026,19:00,    0.0,Z
28/02/2026,20:00,    0.0,Z
28/02/2026,21:00,    0.0,Z
28/02/2026,22:00,    0.0,Z
28/02/2026,23:00,    0.0,Z
01/03/2026,00:00,    0.0,Z
01/03/2026,01:00,    0.0,Z
01/03/2026,02:00,    0.0,Z
01/03/2026,03:00,    0.0,Z
01/03/2026,04:00,    0.0,Z
01/03/2026,05:00,    0.0,Z
01/03/2026,06:00,    0.0,Z
01/03/2026,07:00,    0.0,Z
01/03/2026,08:00,    0.0,Z
01/03/2026,09:00,    0.0,Z
01/03/2026,10:00,    0.0,Z
01/03/2026,11:00,    0.0,Z
01/03/2026,12:00,    0.0,Z
01/03/2026,13:00,    0.0,Z
01/03/2026,14:00,    0.0,Z
01/03/2026,15:00,    0.0,Z
01/03/2026,16:00,    0.0,Z
01/03/2026,17:00,    0.0,Z
01/03/2026,18:00,    0.0,Z
01/03/2026,19:00,    0.0,Z
01/03/2026,20:00,    0.0,Z
01/03/2026,21:00,    0.0,Z
01/03/2026,22:00,    0.0,Z
01/03/2026,23:00,    0.0,Z
02/03/2026,00:00,    0.0,Z
02/03/2026,01:00,    0.0,Z
02/03/2026,02:00,    0.0,Z
02/03/2026,03:00,    0.0,Z
02/03/2026,04:00,    0.0,Z
02/03/2026,05:00,    0.0,Z
02/03/2026,06:00,    0.0,Z
02/03/2026,07:00,    0.0,Z
02/03/2026,08:00,    0.0,Z
02/03/2026,09:00,    0.0,Z
02/03/2026,10:00,    0.0,Z
02/03/2026,11:00,    0.0,Z
02/03/2026,12:00,    0.0,Z
02/03/2026,13:00,    0.0,Z
02/03/2026,14:00,    0.0,Z
02/03/2026,15:00,    0.0,Z
02/03/2026,16:00,    0.0,Z
02/03/2026,17:00,    0.0,Z
02/03/2026,18:00,    0.0,Z
02/03/2026,19:00,    0.0,Z
02/03/2026,20:00,    0.0,Z
02/03/2026,21:00,    0.0,Z
02/03/2026,22:00,    0.0,Z
02/03/2026,23:00,    0.0,Z
03/03/2026,00:00,    0.0,Z
03/03/2026,01:00,    0.0,Z
03/03/2026,02:00,    0.0,Z
03/03/2026,03:00,    0.0,Z
03/03/2026,04:00,    0.0,Z
03/03/2026,05:00,    0.0,Z
03/03/2026,06:00,    0.0,Z
03/03/2026,07:00,    0.0,Z
03/03/2026,08:00,    0.0,Z
03/03/2026,09:00,    0.0,Z
03/03/2026,10:00,    0.0,Z
03/03/2026,11:00,    0.0,Z
03/03/2026,12:00,    0.0,Z
03/03/2026,13:00,    0.0,Z
03/03/2026,14:00,    0.0,Z
03/03/2026,15:00,    0.0,Z
03/03/2026,16:00,    0.0,Z
03/03/2026,17:00,    0.0,Z
03/03/2026,18:00,    0.0,Z
03/03/2026,19:00,    0.0,Z
03/03/2026,20:00,    0.0,Z
03/03/2026,21:00,    0.0,Z
03/03/2026,22:00,    0.0,Z
03/03/2026,23:00,    0.0,Z
04/03/2026,00:00,    0.0,Z
04/03/2026,01:00,    0.0,Z
04/03/2026,02:00,    0.0,Z
04/03/2026,03:00,    0.0,Z
04/03/2026,04:00,    0.0,Z
04/03/2026,05:00,    0.0,Z
04/03/2026,06:00,    0.0,Z
04/03/2026,07:00,    0.0,Z
04/03/2026,08:00,    0.0,Z
04/03/2026,09:00,    0.0,Z
04/03/2026,10:00,    0.0,Z
04/03/2026,11:00,    0.0,Z
04/03/2026,12:00,    0.0,Z
04/03/2026,13:00,    0.0,Z
04/03/2026,14:00,    0.0,Z
04/03/2026,15:00,    0.0,Z
04/03/2026,16:00,    0.0,Z
04/03/2026,17:00,    0.0,Z
04/03/2026,18:00,    0.0,Z
04/03/2026,19:00,    0.0,Z
04/03/2026,20:00,    0.0,Z
04/03/2026,21:00,    0.0,Z
04/03/2026,22:00,    0.0,Z
04/03/2026,23:00,    0.0,Z
05/03/2026,00:00,    0.0,Z
05/03/2026,01:00,    0.0,Z
05/03/2026,02:00,    0.0,Z
05/03/2026,03:00,    0.0,Z
05/03/2026,04:00,    0.0,Z
05/03/2026,05:00,    0.0,Z
05/03/2026,06:00,    0.0,Z
05/03/2026,07:00,    0.0,Z
05/03/2026,08:00,    0.0,Z
05/03/2026,09:00,    0.0,Z
05/03/2026,10:00,    0.0,Z
05/03/2026,11:00,    0.0,Z
05/03/2026,12:00,    0.0,Z
05/03/2026,13:00,    0.0,Z
05/03/2026,14:00,    0.0,Z
05/03/2026,15:00,    0.0,Z
05/03/2026,16:00,    0.0,Z
05/03/2026,17:00,    0.0,Z
05/03/2026,18:00,    0.0,Z
05/03/2026,19:00,    0.0,Z
05/03/2026,20:00,    0.0,Z
05/03/2026,21:00,    0.0,Z
05/03/2026,22:00,    0.0,Z
05/03/2026,23:00,    0.0,Z
06/03/2026,00:00,    0.0,Z
06/03/2026,01:00,    0.0,Z
06/03/2026,02:00,    0.0,Z
06/03/2026,03:00,    0.0,Z
06/03/2026,04:00,    0.0,Z
06/03/2026,05:00,    0.0,Z
06/03/2026,06:00,    0.0,Z
06/03/2026,07:00,    0.0,Z
06/03/2026,08:00,    0.0,Z
06/03/2026,09:00,    0.0,Z
06/03/2026,10:00,    0.0,Z
06/03/2026,11:00,    0.0,Z
06/03/2026,12:00,    0.0,Z
06/03/2026,13:00,    0.0,Z
06/03/2026,14:00,    0.0,Z
06/03/2026,15:00,    0.0,Z
06/03/2026,16:00,    0.0,Z
06/03/2026,17:00,    0.0,Z
06/03/2026,18:00,    0.0,Z
06/03/2026,19:00,    0.0,Z
06/03/2026,20:00,    0.0,Z
06/03/2026,21:00,    0.0,Z
06/03/2026,22:00,    0.0,Z
06/03/2026,23:00,    0.0,Z
07/03/2026,00:00,    0.0,Z
07/03/2026,01:00,    0.0,Z
07/03/2026,02:00,    0.0,Z
07/03/2026,03:00,    0.0,Z
07/03/2026,04:00,    0.0,Z
07/03/2026,05:00,    0.0,Z
07/03/2026,06:00,    0.0,Z
07/03/2026,07:00,    0.0,Z
07/03/2026,08:00,    0.0,Z
07/03/2026,09:00,    0.0,Z
07/03/2026,10:00,    0.0,Z
07/03/2026,11:00,    0.0,Z
07/03/2026,12:00,    0.0,Z
07/03/2026,13:00,    0.0,Z
07/03/2026,14:00,    0.0,Z
07/03/2026,15:00,    0.0,Z
07/03/2026,16:00,    0.0,Z
07/03/2026,17:00,    0.0,Z
07/03/2026,18:00,    0.0,Z
07/03/2026,19:00,    0.0,Z
07/03/2026,20:00,    0.0,Z
07/03/2026,21:00,    0.0,Z
07/03/2026,22:00,    0.0,Z
07/03/2026,23:00,    0.0,Z
08/03/2026,00:00,    0.0,Z
08/03/2026,01:00,    0.0,Z
08/03/2026,02:00,    0.0,Z
08/03/2026,03:00,    0.0,Z
08/03/2026,04:00,    0.0,Z
08/03/2026,05:00,    0.0,Z
08/03/2026,06:00,    0.0,Z
08/03/2026,07:00,    0.0,Z
08/03/2026,08:00,    0.0,Z
08/03/2026,09:00,    0.0,Z
08/03/2026,10:00,    0.0,Z
08/03/2026,11:00,    0.0,Z
08/03/2026,12:00,    0.0,Z
08/03/2026,13:00,    0.0,Z
08/03/2026,14:00,    0.0,Z
08/03/2026,15:00,    0.0,Z
08/03/2026,16:00,    0.0,Z
08/03/2026,17:00,    0.0,Z
08/03/2026,18:00,    0.0,Z
08/03/2026,19:00,    0.0,Z
08/03/2026,20:00,    0.0,Z
08/03/2026,21:00,    0.0,Z
08/03/2026,22:00,    0.0,Z
08/03/2026,23:00,    0.0,Z
09/03/2026,00:00,    0.0,Z
09/03/2026,01:00,    0.0,Z
09/03/2026,02:00,    0.0,Z
09/03/2026,03:00,    0.0,Z
09/03/2026,04:00,    0.0,Z
09/03/2026,05:00,    0.0,Z
09/03/2026,06:00,    0.0,Z
09/03/2026,07:00,    0.0,Z
09/03/2026,08:00,    0.0,Z
09/03/2026,09:00,    0.0,Z
09/03/2026,10:00,    0.0,Z
09/03/2026,11:00,    0.0,Z
09/03/2026,12:00,    0.0,Z
09/03/2026,13:00,    0.0,Z
09/03/2026,14:00,    0.0,Z
09/03/2026,15:00,    0.0,Z
09/03/2026,16:00,    1.4,Z
09/03/2026,17:00,    1.6,Z
09/03/2026,18:00,    0.2,Z
09/03/2026,19:00,    0.0,Z
09/03/2026,20:00,    0.0,Z
09/03/2026,21:00,    0.0,Z
09/03/2026,22:00,    0.0,Z
09/03/2026,23:00,    0.2,Z
10/03/2026,00:00,    0.6,Z
10/03/2026,01:00,    0.8,Z
10/03/2026,02:00,    0.8,Z
10/03/2026,03:00,    0.8,Z
10/03/2026,04:00,    1.0,Z
10/03/2026,05:00,    2.6,Z
10/03/2026,06:00,    3.4,Z
10/03/2026,07:00,    3.4,Z
10/03/2026,08:00,    1.4,Z
10/03/2026,09:00,    0.8,Z
10/03/2026,10:00,    0.4,Z
10/03/2026,11:00,    0.4,Z
10/03/2026,12:00,    0.8,Z
10/03/2026,13:00,    0.4,Z
10/03/2026,14:00,    0.0,Z
10/03/2026,15:00,    0.2,Z
10/03/2026,16:00,    0.2,Z
10/03/2026,17:00,    0.0,Z
10/03/2026,18:00,    0.0,Z
10/03/2026,19:00,    0.0,Z
10/03/2026,20:00,    0.0,Z
10/03/2026,21:00,    0.0,Z
10/03/2026,22:00,    0.0,Z
10/03/2026,23:00,    0.0,Z
11/03/2026,00:00,    0.0,Z
11/03/2026,01:00,    0.0,Z
11/03/2026,02:00,    0.0,Z
11/03/2026,03:00,    0.0,Z
11/03/2026,04:00,    0.0,Z
11/03/2026,05:00,    0.0,Z
11/03/2026,06:00,    0.0,Z
11/03/2026,07:00,    0.0,Z
11/03/2026,08:00,    0.0,Z
11/03/2026,09:00,    0.0,Z
11/03/2026,10:00,    0.0,Z
11/03/2026,11:00,    0.0,Z
11/03/2026,12:00,    0.0,Z
11/03/2026,13:00,    0.0,Z
11/03/2026,14:00,    0.0,Z
11/03/2026,15:00,    0.0,Z
11/03/2026,16:00,    0.0,Z
11/03/2026,17:00,    0.0,Z
11/03/2026,18:00,    0.0,Z
11/03/2026,19:00,    0.0,Z
11/03/2026,20:00,    0.0,Z
11/03/2026,21:00,    0.0,Z
11/03/2026,22:00,    0.0,Z
11/03/2026,23:00,    0.0,Z
12/03/2026,00:00,    0.0,Z
12/03/2026,01:00,    0.0,Z
12/03/2026,02:00,    0.2,Z
12/03/2026,03:00,    0.2,Z
12/03/2026,04:00,    0.8,Z
12/03/2026,05:00,    1.0,Z
12/03/2026,06:00,    0.6,Z
12/03/2026,07:00,    0.0,Z
12/03/2026,08:00,    0.2,Z
12/03/2026,09:00,    0.6,Z
12/03/2026,10:00,    0.0,Z
12/03/2026,11:00,    0.0,Z
12/03/2026,12:00,    0.0,Z
12/03/2026,13:00,    0.0,Z
12/03/2026,14:00,    0.0,Z
12/03/2026,15:00,    0.0,Z
12/03/2026,16:00,    0.0,Z
12/03/2026,17:00,    0.0,Z
12/03/2026,18:00,    0.0,Z
12/03/2026,19:00,    0.0,Z
12/03/2026,20:00,    0.0,Z
12/03/2026,21:00,    0.0,Z
12/03/2026,22:00,    0.0,Z
12/03/2026,23:00,    0.0,Z
13/03/2026,00:00,    0.0,Z
13/03/2026,01:00,    0.0,Z
13/03/2026,02:00,    0.0,Z
13/03/2026,03:00,    0.0,Z
13/03/2026,04:00,    0.0,Z
13/03/2026,05:00,    0.0,Z
13/03/2026,06:00,    0.0,Z
13/03/2026,07:00,    0.0,Z
13/03/2026,08:00,    0.0,Z
13/03/2026,09:00,    0.0,Z
13/03/2026,10:00,    0.0,Z
13/03/2026,11:00,    0.0,Z
13/03/2026,12:00,    0.0,Z
13/03/2026,13:00,    0.0,Z
13/03/2026,14:00,    0.0,Z
13/03/2026,15:00,    0.0,Z
13/03/2026,16:00,    0.0,Z
13/03/2026,17:00,    0.0,Z
13/03/2026,18:00,    0.0,Z
13/03/2026,19:00,    0.0,Z
13/03/2026,20:00,    0.0,Z
13/03/2026,21:00,    0.0,Z
13/03/2026,22:00,    0.0,Z
13/03/2026,23:00,    0.0,Z
14/03/2026,00:00,    0.0,Z
14/03/2026,01:00,    0.0,Z
14/03/2026,02:00,    0.0,Z
14/03/2026,03:00,    0.0,Z
14/03/2026,04:00,    0.0,Z
14/03/2026,05:00,    0.0,Z
14/03/2026,06:00,    0.0,Z
14/03/2026,07:00,    0.0,Z
14/03/2026,08:00,    2.2,Z
14/03/2026,09:00,    4.0,Z
14/03/2026,10:00,   13.4,Z
14/03/2026,11:00,    6.0,Z
14/03/2026,12:00,    5.6,Z
14/03/2026,13:00,    0.8,Z
14/03/2026,14:00,    0.8,Z
14/03/2026,15:00,    1.2,Z
14/03/2026,16:00,    1.0,Z
14/03/2026,17:00,    1.0,Z
14/03/2026,18:00,    1.4,Z
14/03/2026,19:00,    0.6,Z
14/03/2026,20:00,    0.6,Z
14/03/2026,21:00,    1.0,Z
14/03/2026,22:00,    0.6,Z
14/03/2026,23:00,    0.6,Z
15/03/2026,00:00,    1.2,Z
15/03/2026,01:00,    2.0,Z
15/03/2026,02:00,    1.4,Z
15/03/2026,03:00,    1.4,Z
15/03/2026,04:00,    0.8,Z
15/03/2026,05:00,    1.6,Z
15/03/2026,06:00,    1.0,Z
15/03/2026,07:00,    0.8,Z
15/03/2026,08:00,    1.0,Y
15/03/2026,09:00,    0.8,Y
15/03/2026,10:00,    0.8,Y
15/03/2026,11:00,    1.0,Y
15/03/2026,12:00,    1.2,Z
15/03/2026,13:00,    0.2,Z
15/03/2026,14:00,    0.4,Z
15/03/2026,15:00,    0.2,Z
15/03/2026,16:00,    1.2,Z
15/03/2026,17:00,    0.2,Z
15/03/2026,18:00,    0.0,Z
15/03/2026,19:00,    0.0,Z
15/03/2026,20:00,    0.0,Z
15/03/2026,21:00,    0.0,Z
15/03/2026,22:00,    0.0,Z
15/03/2026,23:00,    0.0,Z
16/03/2026,00:00,    0.0,Z
16/03/2026,01:00,    0.0,Z
16/03/2026,02:00,    0.0,Z
16/03/2026,03:00,    0.0,Z
16/03/2026,04:00,    0.0,Z
16/03/2026,05:00,    0.0,Z
16/03/2026,06:00,    0.0,Z
16/03/2026,07:00,    0.0,Z
16/03/2026,08:00,    0.0,Z
16/03/2026,09:00,    0.0,Z
16/03/2026,10:00,    0.0,Z
16/03/2026,11:00,    0.0,Z
16/03/2026,12:00,    0.0,Z
16/03/2026,13:00,    0.0,Z
16/03/2026,14:00,    0.0,Z
16/03/2026,15:00,    0.0,Z
16/03/2026,16:00,    0.0,Z
16/03/2026,17:00,    0.0,Z
16/03/2026,18:00,    0.0,Z
16/03/2026,19:00,    0.0,Z
16/03/2026,20:00,    0.0,Z
16/03/2026,21:00,    0.0,Z
16/03/2026,22:00,    0.0,Z
16/03/2026,23:00,    0.0,Z
17/03/2026,00:00,    0.0,Z
17/03/2026,01:00,    0.0,Z
17/03/2026,02:00,    0.0,Z
17/03/2026,03:00,    0.0,Z
17/03/2026,04:00,    0.0,Z
17/03/2026,05:00,    0.0,Z
17/03/2026,06:00,    0.0,Z
17/03/2026,07:00,    0.0,Z
17/03/2026,08:00,    0.0,Z
17/03/2026,09:00,    0.0,Z
17/03/2026,10:00,    0.0,Z
17/03/2026,11:00,    0.0,Z
17/03/2026,12:00,    0.0,Z
17/03/2026,13:00,    0.0,Z
17/03/2026,14:00,    0.0,Z
17/03/2026,15:00,    0.0,Z
17/03/2026,16:00,    0.0,Z
17/03/2026,17:00,    0.0,Z
17/03/2026,18:00,    0.0,Z
17/03/2026,19:00,    0.0,Z
17/03/2026,20:00,    0.0,Z
17/03/2026,21:00,    0.0,Z
17/03/2026,22:00,    0.0,Z
17/03/2026,23:00,    0.0,Z
18/03/2026,00:00,    0.0,Z
18/03/2026,01:00,    0.0,Z
18/03/2026,02:00,    0.0,Z
18/03/2026,03:00,    0.0,Z
18/03/2026,04:00,    0.0,Z
18/03/2026,05:00,    0.0,Z
18/03/2026,06:00,    0.0,Z
18/03/2026,07:00,    0.0,Z
18/03/2026,08:00,    0.2,Z
18/03/2026,09:00,    0.4,Z
18/03/2026,10:00,    0.6,Z
18/03/2026,11:00,    0.2,Z
18/03/2026,12:00,    0.0,Z
18/03/2026,13:00,    0.0,Z
18/03/2026,14:00,    0.0,Z
18/03/2026,15:00,    0.0,Z
18/03/2026,16:00,    0.0,Z
18/03/2026,17:00,    0.2,Z
18/03/2026,18:00,    0.2,Z
18/03/2026,19:00,    0.0,Z
18/03/2026,20:00,    0.0,Z
18/03/2026,21:00,    0.0,Z
18/03/2026,22:00,    0.0,Z
18/03/2026,23:00,    0.0,Z
19/03/2026,00:00,    0.0,Z
19/03/2026,01:00,    0.0,Z
19/03/2026,02:00,    0.0,Z
19/03/2026,03:00,    0.0,Z
19/03/2026,04:00,    0.0,Z
19/03/2026,05:00,    0.0,Z
19/03/2026,06:00,    0.0,Z
19/03/2026,07:00,    0.0,Z
19/03/2026,08:00,    0.0,Z
19/03/2026,09:00,    0.0,Z
19/03/2026,10:00,    0.0,Z
19/03/2026,11:00,    0.0,Z
19/03/2026,12:00,    0.0,Z
19/03/2026,13:00,    0.0,Z
19/03/2026,14:00,    0.0,Z
19/03/2026,15:00,    0.0,Z
19/03/2026,16:00,    0.0,Z
19/03/2026,17:00,    0.0,Z
19/03/2026,18:00,    0.0,Z
19/03/2026,19:00,    0.0,Z
19/03/2026,20:00,    0.0,Z
19/03/2026,21:00,    0.0,Z
19/03/2026,22:00,    0.0,Z
19/03/2026,23:00,    0.0,Z
20/03/2026,00:00,    0.0,Z
20/03/2026,01:00,    0.0,Z
20/03/2026,02:00,    0.0,Z
20/03/2026,03:00,    0.0,Z
20/03/2026,04:00,    0.0,Z
20/03/2026,05:00,    0.0,Z
20/03/2026,06:00,    0.0,Z
20/03/2026,07:00,    0.0,Z
20/03/2026,08:00,    0.0,Z
20/03/2026,09:00,    0.0,Z
20/03/2026,10:00,    0.0,Z
20/03/2026,11:00,    0.0,Z
20/03/2026,12:00,    0.0,Z
20/03/2026,13:00,    0.0,Z
20/03/2026,14:00,    0.0,Z
20/03/2026,15:00,    0.0,Z
20/03/2026,16:00,    0.0,Z
20/03/2026,17:00,    0.0,Z
20/03/2026,18:00,    0.0,Z
20/03/2026,19:00,    0.0,Z
20/03/2026,20:00,    0.0,Z
20/03/2026,21:00,    0.0,Z
20/03/2026,22:00,    0.0,Z
20/03/2026,23:00,    0.0,Z
21/03/2026,00:00,    0.0,Z
21/03/2026,01:00,    0.0,Z
21/03/2026,02:00,    0.0,Z
21/03/2026,03:00,    0.0,Z
21/03/2026,04:00,    0.0,Z
21/03/2026,05:00,    0.0,Z
21/03/2026,06:00,    0.0,Z
21/03/2026,07:00,    0.0,Z
21/03/2026,08:00,    0.0,Z
21/03/2026,09:00,    0.0,Z
21/03/2026,10:00,    0.0,Z
21/03/2026,11:00,    0.0,Z
21/03/2026,12:00,    0.0,Z
21/03/2026,13:00,    0.0,Z
21/03/2026,14:00,    0.0,Z
21/03/2026,15:00,    0.0,Z
21/03/2026,16:00,    0.0,Z
21/03/2026,17:00,    0.0,Z
21/03/2026,18:00,    0.0,Z
21/03/2026,19:00,    0.0,Z
21/03/2026,20:00,    0.0,Z
21/03/2026,21:00,    0.0,Z
21/03/2026,22:00,    0.0,Z
21/03/2026,23:00,    0.0,Z
22/03/2026,00:00,    0.2,Z
22/03/2026,01:00,    0.6,Z
22/03/2026,02:00,    0.0,Z
22/03/2026,03:00,    0.6,Z
22/03/2026,04:00,    0.8,Z
22/03/2026,05:00,    1.2,Z
22/03/2026,06:00,    0.6,Z
22/03/2026,07:00,    0.4,Z
22/03/2026,08:00,    0.2,Z
22/03/2026,09:00,    0.6,Z
22/03/2026,10:00,    0.6,Z
22/03/2026,11:00,    0.2,Z
22/03/2026,12:00,    0.0,Z
22/03/2026,13:00,    0.2,Z
22/03/2026,14:00,    0.2,Z
22/03/2026,15:00,    0.0,Z
22/03/2026,16:00,    0.0,Z
22/03/2026,17:00,    0.2,Z
22/03/2026,18:00,    0.0,Z
22/03/2026,19:00,    0.2,Z
22/03/2026,20:00,    0.0,Z
22/03/2026,21:00,    0.0,Z
22/03/2026,22:00,    0.0,Z
22/03/2026,23:00,    0.0,Z
23/03/2026,00:00,    0.0,Z
23/03/2026,01:00,    0.0,Z
23/03/2026,02:00,    0.0,Z
23/03/2026,03:00,    0.0,Z
23/03/2026,04:00,    0.0,Z
23/03/2026,05:00,    0.0,Z
23/03/2026,06:00,    0.0,Z
23/03/2026,07:00,    0.0,Z
23/03/2026,08:00,    0.0,Z
23/03/2026,09:00,    0.0,Z
23/03/2026,10:00,    0.0,Z
23/03/2026,11:00,    0.0,Z
23/03/2026,12:00,    0.0,Z
23/03/2026,13:00,    0.0,Z
23/03/2026,14:00,    0.0,Z
23/03/2026,15:00,    0.0,Z
23/03/2026,16:00,    0.0,Z
23/03/2026,17:00,    0.0,Z
23/03/2026,18:00,    0.0,Z
23/03/2026,19:00,    0.0,Z
23/03/2026,20:00,    0.0,Z
23/03/2026,21:00,    0.0,Z
23/03/2026,22:00,    0.0,Z
23/03/2026,23:00,    0.0,Z
24/03/2026,00:00,    0.0,Z
24/03/2026,01:00,    0.0,Z
24/03/2026,02:00,    0.0,Z
24/03/2026,03:00,    0.0,Z
24/03/2026,04:00,    0.0,Z
24/03/2026,05:00,    0.0,Z
24/03/2026,06:00,    0.0,Z
24/03/2026,07:00,    0.0,Z
24/03/2026,08:00,    0.0,Z
24/03/2026,09:00,    0.0,Z
24/03/2026,10:00,    0.0,Z
24/03/2026,11:00,    0.0,Z
24/03/2026,12:00,    0.0,Z
24/03/2026,13:00,    0.0,Z
24/03/2026,14:00,    0.0,Z
24/03/2026,15:00,    0.0,Z
24/03/2026,16:00,    0.0,Z
24/03/2026,17:00,    0.0,Z
24/03/2026,18:00,    0.0,Z
24/03/2026,19:00,    0.0,Z
24/03/2026,20:00,    0.0,Z
24/03/2026,21:00,    0.0,Z
24/03/2026,22:00,    0.0,Z
24/03/2026,23:00,    0.0,Z
25/03/2026,00:00,    0.0,Z
25/03/2026,01:00,    0.0,Z
25/03/2026,02:00,    0.0,Z
25/03/2026,03:00,    0.0,Z
25/03/2026,04:00,    0.0,Z
25/03/2026,05:00,    0.0,Z
25/03/2026,06:00,    0.0,Z
25/03/2026,07:00,    0.0,Z
25/03/2026,08:00,    0.0,Z
25/03/2026,09:00,    0.0,Z
25/03/2026,10:00,    0.0,Z
25/03/2026,11:00,    0.0,Z
25/03/2026,12:00,    0.0,Z
25/03/2026,13:00,    0.0,Z
25/03/2026,14:00,    0.0,Z
25/03/2026,15:00,    0.0,Z
25/03/2026,16:00,    0.0,Z
25/03/2026,17:00,    0.0,Z
25/03/2026,18:00,    0.0,Z
25/03/2026,19:00,    0.0,Z
25/03/2026,20:00,    0.0,Z
25/03/2026,21:00,    0.0,Z
25/03/2026,22:00,    0.0,Z
25/03/2026,23:00,    0.0,Z
26/03/2026,00:00,    0.0,Z
26/03/2026,01:00,    0.0,Z
26/03/2026,02:00,    0.0,Z
26/03/2026,03:00,    0.0,Z
26/03/2026,04:00,    0.0,Z
26/03/2026,05:00,    0.0,Z
26/03/2026,06:00,    0.0,Z
26/03/2026,07:00,    0.0,Z
26/03/2026,08:00,    0.0,Z
26/03/2026,09:00,    0.0,Z
26/03/2026,10:00,    0.0,Z
26/03/2026,11:00,    0.0,Z
26/03/2026,12:00,    0.0,Z
26/03/2026,13:00,    0.0,Z
26/03/2026,14:00,    0.0,Z
26/03/2026,15:00,    0.0,Z
26/03/2026,16:00,    0.0,Z
26/03/2026,17:00,    0.0,Z
26/03/2026,18:00,    0.0,Z
26/03/2026,19:00,    0.0,Z
26/03/2026,20:00,    0.0,Z
26/03/2026,21:00,    0.0,Z
26/03/2026,22:00,    0.0,Z
26/03/2026,23:00,    0.0,Z
27/03/2026,00:00,    0.0,Z
27/03/2026,01:00,    0.0,Z
27/03/2026,02:00,    0.0,Z
27/03/2026,03:00,    0.0,Z
27/03/2026,04:00,    0.0,Z
27/03/2026,05:00,    0.0,Z
27/03/2026,06:00,    0.0,Z
27/03/2026,07:00,    0.0,Z
27/03/2026,08:00,    0.0,Z
27/03/2026,09:00,    0.0,Z
27/03/2026,10:00,    0.0,Z
27/03/2026,11:00,    0.0,Z
27/03/2026,12:00,    0.0,Z
27/03/2026,13:00,    0.0,Z
27/03/2026,14:00,    0.0,Z
27/03/2026,15:00,    0.0,Z
27/03/2026,16:00,    0.0,Z
27/03/2026,17:00,    0.0,Z
27/03/2026,18:00,    0.0,Z
27/03/2026,19:00,    0.0,Z
27/03/2026,20:00,    0.0,Z
27/03/2026,21:00,    0.0,Z
27/03/2026,22:00,    0.0,Z
27/03/2026,23:00,    0.0,Z
28/03/2026,00:00,    0.0,Z
28/03/2026,01:00,    0.0,Z
28/03/2026,02:00,    0.0,Z
28/03/2026,03:00,    0.0,Z
28/03/2026,04:00,    0.0,Z
28/03/2026,05:00,    0.0,Z
28/03/2026,06:00,    0.0,Z
28/03/2026,07:00,    0.0,Z
28/03/2026,08:00,    0.0,Z
28/03/2026,09:00,    0.0,Z
28/03/2026,10:00,    0.0,Z
28/03/2026,11:00,    0.0,Z
28/03/2026,12:00,    0.0,Z
28/03/2026,13:00,    0.0,Z
28/03/2026,14:00,    0.0,Z
28/03/2026,15:00,    0.0,Z
28/03/2026,16:00,    0.0,Z
28/03/2026,17:00,    0.0,Z
28/03/2026,18:00,    0.0,Z
28/03/2026,19:00,    0.0,Z
28/03/2026,20:00,    0.0,Z
28/03/2026,21:00,    0.0,Z
28/03/2026,22:00,    0.0,Z
28/03/2026,23:00,    0.0,Z
29/03/2026,00:00,    0.0,Z
29/03/2026,01:00,    0.0,Z
29/03/2026,02:00,    0.0,Z
29/03/2026,03:00,    0.0,Z
29/03/2026,04:00,    0.0,Z
29/03/2026,05:00,    0.0,Z
29/03/2026,06:00,    0.8,Z
29/03/2026,07:00,    0.0,Z
29/03/2026,08:00,    0.6,Z
29/03/2026,09:00,    0.0,Z
29/03/2026,10:00,    0.0,Z
29/03/2026,11:00,    0.0,Z
29/03/2026,12:00,    0.0,Z
29/03/2026,13:00,    0.0,Z
29/03/2026,14:00,    0.0,Z
29/03/2026,15:00,    0.0,Z
29/03/2026,16:00,    0.0,Z
29/03/2026,17:00,    0.0,Z
29/03/2026,18:00,    0.0,Z
29/03/2026,19:00,    0.0,Z
29/03/2026,20:00,    0.0,Z
29/03/2026,21:00,    0.0,Z
29/03/2026,22:00,    0.0,Z
29/03/2026,23:00,    0.0,Z
30/03/2026,00:00,    0.0,Z
30/03/2026,01:00,    0.0,Z
30/03/2026,02:00,    0.0,Z
30/03/2026,03:00,    0.0,Z
30/03/2026,04:00,    0.0,Z
30/03/2026,05:00,    0.0,Z
30/03/2026,06:00,    0.0,Z
30/03/2026,07:00,    0.0,Z
30/03/2026,08:00,    0.0,Z
30/03/2026,09:00,    0.0,Z
30/03/2026,10:00,    0.0,Z
30/03/2026,11:00,    0.0,Z
30/03/2026,12:00,    0.0,Z
30/03/2026,13:00,    0.0,Z
30/03/2026,14:00,    0.0,Z
30/03/2026,15:00,    0.0,Z
30/03/2026,16:00,    0.0,Z
30/03/2026,17:00,    0.0,Z
30/03/2026,18:00,    0.0,Z
30/03/2026,19:00,    0.0,Z
30/03/2026,20:00,    0.0,Z
30/03/2026,21:00,    0.0,Z
30/03/2026,22:00,    0.0,Z
30/03/2026,23:00,    0.0,Z
31/03/2026,00:00,    0.0,Z
31/03/2026,01:00,    0.0,Z
31/03/2026,02:00,    0.0,Z
31/03/2026,03:00,    0.0,Z
31/03/2026,04:00,    0.0,Z
31/03/2026,05:00,    0.0,Z
31/03/2026,06:00,    0.0,Z
31/03/2026,07:00,    0.0,Z
31/03/2026,08:00,    0.0,Z
31/03/2026,09:00,    0.0,Z
31/03/2026,10:00,    0.0,Z
31/03/2026,11:00,    0.0,Z
31/03/2026,12:00,    0.0,Z
31/03/2026,13:00,    0.0,Z
31/03/2026,14:00,    0.0,Z
31/03/2026,15:00,    0.0,Z
31/03/2026,16:00,    0.0,Z
31/03/2026,17:00,    0.0,Z
31/03/2026,18:00,    0.0,Z
31/03/2026,19:00,    0.0,Z
31/03/2026,20:00,    0.0,Z
31/03/2026,21:00,    0.0,Z
31/03/2026,22:00,    0.0,Z
31/03/2026,23:00,    0.0,Z
01/04/2026,00:00,    0.0,Z
01/04/2026,01:00,    0.0,Z
01/04/2026,02:00,    0.0,Z
01/04/2026,03:00,    0.0,Z
01/04/2026,04:00,    0.0,Z
01/04/2026,05:00,    0.0,Z
01/04/2026,06:00,    0.0,Z
01/04/2026,07:00,    0.0,Z
01/04/2026,08:00,    0.0,Z
01/04/2026,09:00,    0.0,Z
01/04/2026,10:00,    0.0,Z
01/04/2026,11:00,    0.0,Z
01/04/2026,12:00,    0.0,Z
01/04/2026,13:00,    0.0,Z
01/04/2026,14:00,    0.0,Z
01/04/2026,15:00,    0.0,Z
01/04/2026,16:00,    0.0,Z
01/04/2026,17:00,    0.0,Z
01/04/2026,18:00,    0.0,Z
01/04/2026,19:00,    0.0,Z
01/04/2026,20:00,    0.0,Z
01/04/2026,21:00,    0.0,Z
01/04/2026,22:00,    0.0,Z
01/04/2026,23:00,    0.0,Z
02/04/2026,00:00,    0.0,Z
02/04/2026,01:00,    0.0,Z
02/04/2026,02:00,    0.0,Z
02/04/2026,03:00,    0.0,Z
02/04/2026,04:00,    0.0,Z
02/04/2026,05:00,    0.0,Z
02/04/2026,06:00,    0.0,Z
02/04/2026,07:00,    0.0,Z
02/04/2026,08:00,    0.0,Z
02/04/2026,09:00,    0.0,Z
02/04/2026,10:00,    0.0,Z
02/04/2026,11:00,    0.0,Z
02/04/2026,12:00,    0.0,Z
02/04/2026,13:00,    0.0,Z
02/04/2026,14:00,    0.0,Z
02/04/2026,15:00,    0.0,Z
02/04/2026,16:00,    0.0,Z
02/04/2026,17:00,    0.0,Z
02/04/2026,18:00,    0.0,Z
02/04/2026,19:00,    0.0,Z
02/04/2026,20:00,    0.0,Z
02/04/2026,21:00,    0.0,Z
02/04/2026,22:00,    0.0,Z
02/04/2026,23:00,    0.0,Z
03/04/2026,00:00,    0.0,Z
03/04/2026,01:00,    0.0,Z
03/04/2026,02:00,    0.0,Z
03/04/2026,03:00,    0.0,Z
03/04/2026,04:00,    0.0,Z
03/04/2026,05:00,    0.0,Z
03/04/2026,06:00,    0.0,Z
03/04/2026,07:00,    0.0,Z
03/04/2026,08:00,    0.0,Z
03/04/2026,09:00,    0.0,Z
03/04/2026,10:00,    0.0,Z
03/04/2026,11:00,    0.0,Z
03/04/2026,12:00,    0.0,Z
03/04/2026,13:00,    0.0,Z
03/04/2026,14:00,    0.0,Z
03/04/2026,15:00,    0.0,Z
03/04/2026,16:00,    0.0,Z
03/04/2026,17:00,    0.0,Z
03/04/2026,18:00,    0.0,Z
03/04/2026,19:00,    0.0,Z
03/04/2026,20:00,    0.0,Z
03/04/2026,21:00,    0.0,Z
03/04/2026,22:00,    0.0,Z
03/04/2026,23:00,    0.0,Z
04/04/2026,00:00,    0.0,Z
04/04/2026,01:00,    0.0,Z
04/04/2026,02:00,    0.0,Z
04/04/2026,03:00,    0.0,Z
04/04/2026,04:00,    0.0,Z
04/04/2026,05:00,    0.0,Z
04/04/2026,06:00,    0.0,Z
04/04/2026,07:00,    0.0,Z
04/04/2026,08:00,    0.0,Z
04/04/2026,09:00,    0.0,Z
04/04/2026,10:00,    0.0,Z
04/04/2026,11:00,    0.0,Z
04/04/2026,12:00,    0.0,Z
04/04/2026,13:00,    0.0,Y
04/04/2026,14:00,    0.0,Y
04/04/2026,15:00,    0.0,Z
04/04/2026,16:00,    0.0,Z
04/04/2026,17:00,    0.0,Z
04/04/2026,18:00,    0.0,Z
04/04/2026,19:00,    0.0,Z
04/04/2026,20:00,    0.0,Z
04/04/2026,21:00,    0.0,Z
04/04/2026,22:00,    0.0,Z
04/04/2026,23:00,    0.0,Z
05/04/2026,00:00,    0.0,Z
05/04/2026,01:00,    0.0,Z
05/04/2026,02:00,    0.0,Z
05/04/2026,03:00,    0.0,Z
05/04/2026,04:00,    0.0,Z
05/04/2026,05:00,    0.0,Z
05/04/2026,06:00,    0.0,Z
05/04/2026,07:00,    0.0,Z
05/04/2026,08:00,    0.0,Z
05/04/2026,09:00,    0.0,Z
05/04/2026,10:00,    0.0,Z
05/04/2026,11:00,    0.0,Z
05/04/2026,12:00,    0.0,Z
05/04/2026,13:00,    0.0,Z
05/04/2026,14:00,    0.0,Z
05/04/2026,15:00,    0.0,Z
05/04/2026,16:00,    0.0,Z
05/04/2026,17:00,    0.0,Z
05/04/2026,18:00,    0.0,Z
05/04/2026,19:00,    0.0,Z
05/04/2026,20:00,    0.0,Z
05/04/2026,21:00,    0.0,Z
05/04/2026,22:00,    0.0,Z
05/04/2026,23:00,    0.0,Z
06/04/2026,00:00,    0.0,Z
06/04/2026,01:00,    0.0,Z
06/04/2026,02:00,    0.0,Z
06/04/2026,03:00,    0.0,Z
06/04/2026,04:00,    0.0,Z
06/04/2026,05:00,    0.0,Z
06/04/2026,06:00,    0.0,Z
06/04/2026,07:00,    0.0,Z
06/04/2026,08:00,    0.0,Z
06/04/2026,09:00,    0.0,Z
06/04/2026,10:00,    0.0,Z
06/04/2026,11:00,    0.0,Z
06/04/2026,12:00,    0.0,Z
06/04/2026,13:00,    0.0,Z
06/04/2026,14:00,    0.0,Z
06/04/2026,15:00,    0.0,Z
06/04/2026,16:00,    0.0,Z
06/04/2026,17:00,    0.0,Z
06/04/2026,18:00,    0.0,Z
06/04/2026,19:00,    0.0,Z
06/04/2026,20:00,    0.0,Z
06/04/2026,21:00,    0.0,Z
06/04/2026,22:00,    0.0,Z
06/04/2026,23:00,    0.0,Z
07/04/2026,00:00,    0.0,Z
07/04/2026,01:00,    0.0,Z
07/04/2026,02:00,    0.0,Z
07/04/2026,03:00,    0.0,Z
07/04/2026,04:00,    0.0,Z
07/04/2026,05:00,    0.0,Z
07/04/2026,06:00,    0.0,Z
07/04/2026,07:00,    0.0,Z
07/04/2026,08:00,    0.0,Z
07/04/2026,09:00,    0.0,Z
07/04/2026,10:00,    0.0,Z
07/04/2026,11:00,    0.0,Z
07/04/2026,12:00,    0.0,Z
07/04/2026,13:00,    0.0,Z
07/04/2026,14:00,    0.0,Z
07/04/2026,15:00,    0.0,Z
07/04/2026,16:00,    0.0,Z
07/04/2026,17:00,    0.0,Z
07/04/2026,18:00,    0.0,Z
07/04/2026,19:00,    0.0,Z
07/04/2026,20:00,    0.0,Z
07/04/2026,21:00,    0.0,Z
07/04/2026,22:00,    0.0,Z
07/04/2026,23:00,    0.0,Z
08/04/2026,00:00,    0.0,Z
08/04/2026,01:00,    0.0,Z
08/04/2026,02:00,    0.0,Z
08/04/2026,03:00,    0.0,Z
08/04/2026,04:00,    0.0,Z
08/04/2026,05:00,    0.0,Z
08/04/2026,06:00,    0.0,Z
08/04/2026,07:00,    0.0,Z
08/04/2026,08:00,    0.0,Z
08/04/2026,09:00,    0.0,Z
08/04/2026,10:00,    0.0,Z
08/04/2026,11:00,    0.0,Z
08/04/2026,12:00,    0.0,Z
08/04/2026,13:00,    0.0,Z
08/04/2026,14:00,    0.0,Z
08/04/2026,15:00,    0.0,Z
08/04/2026,16:00,    0.0,Z
08/04/2026,17:00,    0.0,Z
08/04/2026,18:00,    0.0,Z
08/04/2026,19:00,    0.0,Z
08/04/2026,20:00,    0.0,Z
08/04/2026,21:00,    0.0,Z
08/04/2026,22:00,    0.0,Z
08/04/2026,23:00,    0.0,Z
09/04/2026,00:00,    0.0,Z
09/04/2026,01:00,    0.0,Z
09/04/2026,02:00,    0.0,Z
09/04/2026,03:00,    0.0,Z
09/04/2026,04:00,    0.0,Z
09/04/2026,05:00,    0.0,Z
09/04/2026,06:00,    0.0,Z
09/04/2026,07:00,    0.0,Z
09/04/2026,08:00,    0.0,Z
09/04/2026,09:00,    0.0,Z
09/04/2026,10:00,    0.0,Z
09/04/2026,11:00,    0.0,Z
09/04/2026,12:00,    0.0,Z
09/04/2026,13:00,    0.0,Z
09/04/2026,14:00,    0.0,Z
09/04/2026,15:00,    0.0,Z
09/04/2026,16:00,    0.0,Z
09/04/2026,17:00,    0.0,Z
09/04/2026,18:00,    0.0,Z
09/04/2026,19:00,    0.0,Z
09/04/2026,20:00,    0.0,Z
09/04/2026,21:00,    0.0,Z
09/04/2026,22:00,    0.0,Z
09/04/2026,23:00,    0.0,Z
10/04/2026,00:00,    0.0,Z
10/04/2026,01:00,    0.0,Z
10/04/2026,02:00,    0.0,Z
10/04/2026,03:00,    0.0,Z
10/04/2026,04:00,    0.0,Z
10/04/2026,05:00,    0.0,Z
10/04/2026,06:00,    0.0,Z
10/04/2026,07:00,    0.0,Z
10/04/2026,08:00,    0.0,Z
10/04/2026,09:00,    0.0,Z
10/04/2026,10:00,    0.0,Z
10/04/2026,11:00,    0.0,Z
10/04/2026,12:00,    0.0,Z
10/04/2026,13:00,    0.0,Z
10/04/2026,14:00,    0.0,Z
10/04/2026,15:00,    0.0,Z
10/04/2026,16:00,    0.0,Z
10/04/2026,17:00,    0.0,Z
10/04/2026,18:00,    0.0,Z
10/04/2026,19:00,    0.0,Z
10/04/2026,20:00,    0.0,Z
10/04/2026,21:00,    0.0,Z
10/04/2026,22:00,    0.0,Z
10/04/2026,23:00,    0.0,Z
11/04/2026,00:00,    0.0,Z
11/04/2026,01:00,    0.0,Z
11/04/2026,02:00,    0.0,Z
11/04/2026,03:00,    0.0,Z
11/04/2026,04:00,    0.0,Z
11/04/2026,05:00,    0.0,Z
11/04/2026,06:00,    0.0,Z
11/04/2026,07:00,    0.0,Z
11/04/2026,08:00,    0.0,Z
11/04/2026,09:00,    0.0,Z
11/04/2026,10:00,    0.0,Z
11/04/2026,11:00,    0.0,Z
11/04/2026,12:00,    0.0,Z
11/04/2026,13:00,    0.0,Z
11/04/2026,14:00,    0.0,Z
11/04/2026,15:00,    0.0,Z
11/04/2026,16:00,    0.0,Z
11/04/2026,17:00,    0.0,Z
11/04/2026,18:00,    0.0,Z
11/04/2026,19:00,    0.0,Z
11/04/2026,20:00,    0.0,Z
11/04/2026,21:00,    0.0,Z
11/04/2026,22:00,    0.0,Z
11/04/2026,23:00,    0.0,Z
12/04/2026,00:00,    0.0,Z
12/04/2026,01:00,    0.0,Z
12/04/2026,02:00,    0.0,Z
12/04/2026,03:00,    0.0,Z
12/04/2026,04:00,    0.0,Z
12/04/2026,05:00,    0.0,Z
12/04/2026,06:00,    0.0,Z
12/04/2026,07:00,    0.0,Z
12/04/2026,08:00,    0.0,Z
12/04/2026,09:00,    0.0,Z
12/04/2026,10:00,    0.0,Z
12/04/2026,11:00,    0.0,Z
12/04/2026,12:00,    0.4,Z
12/04/2026,13:00,    0.4,Z
12/04/2026,14:00,    0.4,Z
12/04/2026,15:00,    0.6,Z
12/04/2026,16:00,    0.6,Z
12/04/2026,17:00,    0.4,Z
12/04/2026,18:00,    0.2,Z
12/04/2026,19:00,    0.6,Z
12/04/2026,20:00,    0.0,Z
12/04/2026,21:00,    0.0,Z
12/04/2026,22:00,    0.2,Z
12/04/2026,23:00,    0.4,Z
13/04/2026,00:00,    0.0,Z
13/04/2026,01:00,    0.2,Z
13/04/2026,02:00,    0.2,Z
13/04/2026,03:00,    1.0,Z
13/04/2026,04:00,    1.2,Z
13/04/2026,05:00,    1.8,Z
13/04/2026,06:00,    1.4,Z
13/04/2026,07:00,    2.2,Z
13/04/2026,08:00,    2.4,Z
13/04/2026,09:00,    1.0,Z
13/04/2026,10:00,    1.2,Z
13/04/2026,11:00,    0.2,Z
13/04/2026,12:00,    0.4,Z
13/04/2026,13:00,    1.2,Z
13/04/2026,14:00,    0.6,Z
13/04/2026,15:00,    0.6,Z
13/04/2026,16:00,    0.4,Z
13/04/2026,17:00,    0.8,Z
13/04/2026,18:00,    0.2,Z
13/04/2026,19:00,    0.6,Z
13/04/2026,20:00,    0.6,Z
13/04/2026,21:00,    0.4,Z
13/04/2026,22:00,    0.4,Z
13/04/2026,23:00,    0.6,Z
14/04/2026,00:00,    1.4,Z
14/04/2026,01:00,    0.8,Z
14/04/2026,02:00,    1.2,Z
14/04/2026,03:00,    1.4,Z
14/04/2026,04:00,    0.4,Z
14/04/2026,05:00,    0.8,Z
14/04/2026,06:00,    2.6,Z
14/04/2026,07:00,    1.8,Z
14/04/2026,08:00,    1.0,Z
14/04/2026,09:00,    0.6,Z
14/04/2026,10:00,    0.0,Z
14/04/2026,11:00,    0.0,Z
14/04/2026,12:00,    0.0,Z
14/04/2026,13:00,    0.2,Z
14/04/2026,14:00,    0.0,Z
14/04/2026,15:00,    0.0,Z
14/04/2026,16:00,    0.0,Z
14/04/2026,17:00,    0.0,Z
14/04/2026,18:00,    0.0,Z
14/04/2026,19:00,    0.0,Z
14/04/2026,20:00,    0.0,Z
14/04/2026,21:00,    0.0,Z
14/04/2026,22:00,    0.0,Z
14/04/2026,23:00,    0.0,Z
15/04/2026,00:00,    0.0,Z
15/04/2026,01:00,    0.0,Z
15/04/2026,02:00,    0.0,Z
15/04/2026,03:00,    0.0,Z
15/04/2026,04:00,    0.0,Z
15/04/2026,05:00,    0.0,Z
15/04/2026,06:00,    0.0,Z
15/04/2026,07:00,    0.8,Z
15/04/2026,08:00,    0.0,Z
15/04/2026,09:00,    0.0,Z
15/04/2026,10:00,    0.0,Z
15/04/2026,11:00,    0.0,Z
15/04/2026,12:00,    0.0,Z
15/04/2026,13:00,    0.0,Z
15/04/2026,14:00,    0.0,Z
15/04/2026,15:00,    0.0,Z
15/04/2026,16:00,    0.0,Z
15/04/2026,17:00,    0.0,Z
15/04/2026,18:00,    0.0,Z
15/04/2026,19:00,    0.0,Z
15/04/2026,20:00,    0.0,Z
15/04/2026,21:00,    0.0,Z
15/04/2026,22:00,    0.0,Z
15/04/2026,23:00,    0.0,Z
16/04/2026,00:00,    0.0,Z
16/04/2026,01:00,    0.0,Z
16/04/2026,02:00,    0.0,Z
16/04/2026,03:00,    0.0,Z
16/04/2026,04:00,    0.0,Z
16/04/2026,05:00,    0.0,Z
16/04/2026,06:00,    0.0,Z
16/04/2026,07:00,    0.0,Z
16/04/2026,08:00,    0.0,Z
16/04/2026,09:00,    0.0,Z
16/04/2026,10:00,    0.0,Z
16/04/2026,11:00,    0.0,Z
16/04/2026,12:00,    0.0,Z
16/04/2026,13:00,    0.0,Z
16/04/2026,14:00,    0.0,Z
16/04/2026,15:00,    0.0,Z
16/04/2026,16:00,    0.0,Z
16/04/2026,17:00,    0.0,Z
16/04/2026,18:00,    0.0,Z
16/04/2026,19:00,    0.0,Z
16/04/2026,20:00,    0.0,Z
16/04/2026,21:00,    0.0,Z
16/04/2026,22:00,    0.0,Z
16/04/2026,23:00,    0.0,Z
17/04/2026,00:00,    0.0,Z
17/04/2026,01:00,    0.0,Z
17/04/2026,02:00,    0.0,Z
17/04/2026,03:00,    0.0,Z
17/04/2026,04:00,    0.0,Z
17/04/2026,05:00,    0.0,Z
17/04/2026,06:00,    0.0,Z
17/04/2026,07:00,    0.0,Z
17/04/2026,08:00,    0.0,Z
17/04/2026,09:00,    0.0,Z
17/04/2026,10:00,    0.0,Z
17/04/2026,11:00,    0.0,Z
17/04/2026,12:00,    0.0,Z
17/04/2026,13:00,    0.0,Z
17/04/2026,14:00,    0.0,Z
17/04/2026,15:00,    0.0,Z
17/04/2026,16:00,    0.0,Z
17/04/2026,17:00,    0.0,Z
17/04/2026,18:00,    0.0,Z
17/04/2026,19:00,    0.0,Z
17/04/2026,20:00,    0.0,Z
17/04/2026,21:00,    0.0,Z
17/04/2026,22:00,    0.0,Z
17/04/2026,23:00,    0.0,Z
18/04/2026,00:00,    0.0,Z
18/04/2026,01:00,    0.0,Z
18/04/2026,02:00,    0.0,Z
18/04/2026,03:00,    0.0,Z
18/04/2026,04:00,    0.0,Z
18/04/2026,05:00,    0.0,Z
18/04/2026,06:00,    0.0,Z
18/04/2026,07:00,    0.0,Z
18/04/2026,08:00,    0.0,Z
18/04/2026,09:00,    0.0,Z
18/04/2026,10:00,    0.0,Z
18/04/2026,11:00,    0.0,Z
18/04/2026,12:00,    0.0,Z
18/04/2026,13:00,    0.0,Z
18/04/2026,14:00,    0.0,Z
18/04/2026,15:00,    0.0,Z
18/04/2026,16:00,    0.0,Z
18/04/2026,17:00,    0.0,Z
18/04/2026,18:00,    0.0,Z
18/04/2026,19:00,    0.0,Z
18/04/2026,20:00,    0.0,Z
18/04/2026,21:00,    0.0,Z
18/04/2026,22:00,    0.0,Z
18/04/2026,23:00,    0.0,Z
19/04/2026,00:00,    0.0,Z
19/04/2026,01:00,    0.0,Z
19/04/2026,02:00,    0.0,Z
19/04/2026,03:00,    0.0,Z
19/04/2026,04:00,    0.0,Z
19/04/2026,05:00,    0.0,Z
19/04/2026,06:00,    0.0,Z
19/04/2026,07:00,    0.0,Z
19/04/2026,08:00,    0.0,Z
19/04/2026,09:00,    0.0,Z
19/04/2026,10:00,    0.0,Z
19/04/2026,11:00,    0.0,Z
19/04/2026,12:00,    0.0,Z
19/04/2026,13:00,    0.0,Z
19/04/2026,14:00,    0.0,Z
19/04/2026,15:00,    0.0,Z
19/04/2026,16:00,    0.0,Z
19/04/2026,17:00,    0.0,Z
19/04/2026,18:00,    0.0,Z
19/04/2026,19:00,    0.0,Z
19/04/2026,20:00,    0.0,Z
19/04/2026,21:00,    0.0,Z
19/04/2026,22:00,    0.0,Z
19/04/2026,23:00,    0.0,Z
20/04/2026,00:00,    0.0,Z
20/04/2026,01:00,    0.0,Z
20/04/2026,02:00,    0.0,Z
20/04/2026,03:00,    0.0,Z
20/04/2026,04:00,    0.0,Z
20/04/2026,05:00,    0.0,Z
20/04/2026,06:00,    0.0,Z
20/04/2026,07:00,    0.0,Z
20/04/2026,08:00,    0.0,Z
20/04/2026,09:00,    0.0,Z
20/04/2026,10:00,    0.0,Z
20/04/2026,11:00,    0.0,Z
20/04/2026,12:00,    0.0,Z
20/04/2026,13:00,    0.0,Z
20/04/2026,14:00,    0.0,Z
20/04/2026,15:00,    0.0,Z
20/04/2026,16:00,    0.0,Z
20/04/2026,17:00,    0.0,Z
20/04/2026,18:00,    0.0,Z
20/04/2026,19:00,    0.0,Z
20/04/2026,20:00,    0.0,Z
20/04/2026,21:00,    0.0,Z
20/04/2026,22:00,    0.0,Z
20/04/2026,23:00,    0.0,Z
21/04/2026,00:00,    0.0,Z
21/04/2026,01:00,    0.0,Z
21/04/2026,02:00,    0.0,Z
21/04/2026,03:00,    0.0,Z
21/04/2026,04:00,    0.0,Z
21/04/2026,05:00,    0.0,Z
21/04/2026,06:00,    0.0,Z
21/04/2026,07:00,    0.0,Z
21/04/2026,08:00,    0.0,Z
21/04/2026,09:00,    0.0,Z
21/04/2026,10:00,    0.0,Z
21/04/2026,11:00,    0.0,Z
21/04/2026,12:00,    0.0,Z
21/04/2026,13:00,    0.0,Z
21/04/2026,14:00,    0.0,Z
21/04/2026,15:00,    0.0,Z
21/04/2026,16:00,    0.0,Z
21/04/2026,17:00,    0.0,Z
21/04/2026,18:00,    0.0,Z
21/04/2026,19:00,    0.0,Z
21/04/2026,20:00,    0.0,Z
21/04/2026,21:00,    0.0,Z
21/04/2026,22:00,    0.0,Z
21/04/2026,23:00,    0.0,Z
22/04/2026,00:00,    0.0,Z
22/04/2026,01:00,    0.0,Z
22/04/2026,02:00,    0.0,Z
22/04/2026,03:00,    0.0,Z
22/04/2026,04:00,    0.6,Z
22/04/2026,05:00,    0.4,Z
22/04/2026,06:00,    0.4,Z
22/04/2026,07:00,    0.2,Z
22/04/2026,08:00,    0.4,Z
22/04/2026,09:00,    0.0,Z
22/04/2026,10:00,    0.0,Z
22/04/2026,11:00,    0.0,Z
22/04/2026,12:00,    0.2,Z
22/04/2026,13:00,    0.0,Z
22/04/2026,14:00,    0.4,Z
22/04/2026,15:00,    0.2,Z
22/04/2026,16:00,    0.0,Z
22/04/2026,17:00,    0.0,Z
22/04/2026,18:00,    0.0,Z
22/04/2026,19:00,    0.0,Z
22/04/2026,20:00,    0.0,Z
22/04/2026,21:00,    0.0,Z
22/04/2026,22:00,    0.0,Z
22/04/2026,23:00,    0.0,Z
23/04/2026,00:00,    0.0,Z
23/04/2026,01:00,    0.0,Z
23/04/2026,02:00,    0.0,Z
23/04/2026,03:00,    0.0,Z
23/04/2026,04:00,    0.0,Z
23/04/2026,05:00,    0.0,Z
23/04/2026,06:00,    0.0,Z
23/04/2026,07:00,    0.0,Z
23/04/2026,08:00,    0.0,Z
23/04/2026,09:00,    0.0,Z
23/04/2026,10:00,    0.0,Z
23/04/2026,11:00,    0.0,Z
23/04/2026,12:00,    0.0,Z
23/04/2026,13:00,    0.0,Z
23/04/2026,14:00,    0.0,Z
23/04/2026,15:00,    0.0,Z
23/04/2026,16:00,    0.0,Z
23/04/2026,17:00,    0.0,Z
23/04/2026,18:00,    0.0,Z
23/04/2026,19:00,    0.0,Z
23/04/2026,20:00,    0.0,Z
23/04/2026,21:00,    0.0,Z
23/04/2026,22:00,    0.0,Z
23/04/2026,23:00,    0.0,Z
24/04/2026,00:00,    0.0,Z
24/04/2026,01:00,    0.0,Z
24/04/2026,02:00,    0.0,Z
24/04/2026,03:00,    0.0,Z
24/04/2026,04:00,    0.0,Z
24/04/2026,05:00,    0.0,Z
24/04/2026,06:00,    0.0,Z
24/04/2026,07:00,    0.0,Z
24/04/2026,08:00,    0.0,Z
24/04/2026,09:00,    0.0,Z
24/04/2026,10:00,    0.0,Z
24/04/2026,11:00,    0.0,Z
24/04/2026,12:00,    0.0,Z
24/04/2026,13:00,    0.0,Z
24/04/2026,14:00,    0.0,Z
24/04/2026,15:00,    0.0,Z
24/04/2026,16:00,    0.0,Z
24/04/2026,17:00,    0.0,Z
24/04/2026,18:00,    0.0,Z
24/04/2026,19:00,    0.0,Z
24/04/2026,20:00,    0.0,Z
24/04/2026,21:00,    0.0,Z
24/04/2026,22:00,    0.0,Z
24/04/2026,23:00,    0.0,Z
25/04/2026,00:00,    0.0,Z
25/04/2026,01:00,    0.0,Z
25/04/2026,02:00,    0.0,Z
25/04/2026,03:00,    0.0,Z
25/04/2026,04:00,    0.0,Z
25/04/2026,05:00,    0.0,Z
25/04/2026,06:00,    0.0,Z
25/04/2026,07:00,    0.0,Z
25/04/2026,08:00,    0.0,Z
25/04/2026,09:00,    0.0,Z
25/04/2026,10:00,    0.0,Z
25/04/2026,11:00,    0.0,Z
25/04/2026,12:00,    0.0,Z
25/04/2026,13:00,    0.0,Z
25/04/2026,14:00,    0.0,Z
25/04/2026,15:00,    0.0,Z
25/04/2026,16:00,    0.0,Z
25/04/2026,17:00,    0.0,Z
25/04/2026,18:00,    0.0,Z
25/04/2026,19:00,    0.0,Z
25/04/2026,20:00,    0.0,Z
25/04/2026,21:00,    0.0,Z
25/04/2026,22:00,    0.0,Z
25/04/2026,23:00,    0.0,Z
26/04/2026,00:00,    0.0,Z
26/04/2026,01:00,    0.0,Z
26/04/2026,02:00,    0.0,Z
26/04/2026,03:00,    0.0,Z
26/04/2026,04:00,    0.0,Z
26/04/2026,05:00,    0.0,Z
26/04/2026,06:00,    0.0,Z
26/04/2026,07:00,    0.0,Z
26/04/2026,08:00,    0.0,Z
26/04/2026,09:00,    0.0,Z
26/04/2026,10:00,    0.0,Z
26/04/2026,11:00,    0.0,Z
26/04/2026,12:00,    0.0,Z
26/04/2026,13:00,    0.0,Z
26/04/2026,14:00,    0.0,Z
26/04/2026,15:00,    0.0,Z
26/04/2026,16:00,    0.0,Z
26/04/2026,17:00,    0.0,Z
26/04/2026,18:00,    0.0,Z
26/04/2026,19:00,    0.0,Z
26/04/2026,20:00,    0.0,Z
26/04/2026,21:00,    0.0,Z
26/04/2026,22:00,    0.0,Z
26/04/2026,23:00,    0.0,Z
27/04/2026,00:00,    0.0,Z
27/04/2026,01:00,    0.0,Z
27/04/2026,02:00,    0.0,Z
27/04/2026,03:00,    0.0,Z
27/04/2026,04:00,    0.0,Z
27/04/2026,05:00,    0.0,Z
27/04/2026,06:00,    0.0,Z
27/04/2026,07:00,    0.0,Z
27/04/2026,08:00,    0.0,Z
27/04/2026,09:00,    0.0,Z
27/04/2026,10:00,    0.0,Z
27/04/2026,11:00,    0.0,Z
27/04/2026,12:00,    0.0,Z
27/04/2026,13:00,    0.0,Z
27/04/2026,14:00,    0.0,Z
27/04/2026,15:00,    0.0,Z
27/04/2026,16:00,    0.6,Z
27/04/2026,17:00,    0.6,Z
27/04/2026,18:00,    0.0,Z
27/04/2026,19:00,    0.0,Z
27/04/2026,20:00,    0.0,Z
27/04/2026,21:00,    0.0,Z
27/04/2026,22:00,    0.0,Z
27/04/2026,23:00,    0.0,Z
28/04/2026,00:00,    0.0,Z
28/04/2026,01:00,    0.0,Z
28/04/2026,02:00,    0.0,Z
28/04/2026,03:00,    0.0,Z
28/04/2026,04:00,    0.2,Z
28/04/2026,05:00,    0.0,Z
28/04/2026,06:00,    0.0,Z
28/04/2026,07:00,    0.0,Z
28/04/2026,08:00,    0.0,Z
28/04/2026,09:00,    0.0,Z
28/04/2026,10:00,    0.0,Z
28/04/2026,11:00,    0.0,Z
28/04/2026,12:00,    0.0,Z
28/04/2026,13:00,    0.0,Z
28/04/2026,14:00,    0.0,Z
28/04/2026,15:00,    0.0,Z
28/04/2026,16:00,    0.0,Z
28/04/2026,17:00,    0.0,Z
28/04/2026,18:00,    0.2,Z
28/04/2026,19:00,    0.0,Z
28/04/2026,20:00,    0.0,Z
28/04/2026,21:00,    0.0,Z
28/04/2026,22:00,    0.0,Z
28/04/2026,23:00,    0.0,Z
29/04/2026,00:00,    0.0,Z
29/04/2026,01:00,    0.0,Z
29/04/2026,02:00,    0.0,Z
29/04/2026,03:00,    0.0,Z
29/04/2026,04:00,    0.0,Z
29/04/2026,05:00,    0.0,Z
29/04/2026,06:00,    0.0,Z
29/04/2026,07:00,    0.0,Z
29/04/2026,08:00,    0.0,Z
29/04/2026,09:00,    0.0,Z
29/04/2026,10:00,    0.0,Z
29/04/2026,11:00,    0.0,Z
29/04/2026,12:00,    0.0,Z
29/04/2026,13:00,    0.0,Z
29/04/2026,14:00,    0.0,Z
29/04/2026,15:00,    0.0,Z
29/04/2026,16:00,    0.0,Z
29/04/2026,17:00,    0.0,Z
29/04/2026,18:00,    0.0,Z
29/04/2026,19:00,    0.0,Z
29/04/2026,20:00,    0.0,Z
29/04/2026,21:00,    0.0,Z
29/04/2026,22:00,    0.0,Z
29/04/2026,23:00,    0.0,Z
30/04/2026,00:00,    0.0,Z
30/04/2026,01:00,    0.0,Z
30/04/2026,02:00,    0.0,Z
30/04/2026,03:00,    1.6,Z
30/04/2026,04:00,    2.4,Z
30/04/2026,05:00,    2.6,Z
30/04/2026,06:00,    0.6,Z
30/04/2026,07:00,    0.2,Z
30/04/2026,08:00,    1.0,Z
30/04/2026,09:00,    0.4,Z
30/04/2026,10:00,    0.0,Z
30/04/2026,11:00,    0.0,Z
30/04/2026,12:00,    0.0,Z
30/04/2026,13:00,    0.2,Z
30/04/2026,14:00,    0.2,Z
30/04/2026,15:00,    0.2,Z
30/04/2026,16:00,    0.0,Z
30/04/2026,17:00,    0.0,Z
30/04/2026,18:00,    0.0,Z
30/04/2026,19:00,    0.0,Z
30/04/2026,20:00,    0.0,Z
30/04/2026,21:00,    0.0,Z
30/04/2026,22:00,    0.0,Z
30/04/2026,23:00,    0.0,Z
01/05/2026,00:00,    0.0,Z
01/05/2026,01:00,    0.0,Z
01/05/2026,02:00,    0.0,Z
01/05/2026,03:00,    0.0,Z
01/05/2026,04:00,    0.0,Z
01/05/2026,05:00,    0.0,Z
01/05/2026,06:00,    0.0,Z
01/05/2026,07:00,    0.0,Z
01/05/2026,08:00,    0.0,Z
01/05/2026,09:00,    0.0,Z
01/05/2026,10:00,    0.0,Z
01/05/2026,11:00,    0.0,Z
01/05/2026,12:00,    0.0,Z
01/05/2026,13:00,    0.0,Z
01/05/2026,14:00,    0.0,Z
01/05/2026,15:00,    0.0,Z
01/05/2026,16:00,    0.0,Z
01/05/2026,17:00,    0.0,Z
01/05/2026,18:00,    0.0,Z
01/05/2026,19:00,    0.0,Z
01/05/2026,20:00,    0.0,Z
01/05/2026,21:00,    0.0,Z
01/05/2026,22:00,    0.0,Z
01/05/2026,23:00,    0.0,Z
02/05/2026,00:00,    0.0,Z
02/05/2026,01:00,    0.0,Z
02/05/2026,02:00,    0.0,Z
02/05/2026,03:00,    0.0,Z
02/05/2026,04:00,    0.0,Z
02/05/2026,05:00,    0.0,Z
02/05/2026,06:00,    0.0,Z
02/05/2026,07:00,    0.0,Z
02/05/2026,08:00,    0.0,Z
02/05/2026,09:00,    0.0,Z
02/05/2026,10:00,    0.0,Z
02/05/2026,11:00,    0.0,Z
02/05/2026,12:00,    0.0,Z
02/05/2026,13:00,    0.0,Z
02/05/2026,14:00,    0.0,Z
02/05/2026,15:00,    0.0,Z
02/05/2026,16:00,    0.0,Z
02/05/2026,17:00,    0.0,Z
02/05/2026,18:00,    0.0,Z
02/05/2026,19:00,    0.0,Z
02/05/2026,20:00,    0.0,Z
02/05/2026,21:00,    0.0,Z
02/05/2026,22:00,    0.0,Z
02/05/2026,23:00,    0.0,Z
03/05/2026,00:00,    0.0,Z
03/05/2026,01:00,    0.0,Z
03/05/2026,02:00,    0.0,Z
03/05/2026,03:00,    0.0,Z
03/05/2026,04:00,    0.0,Z
03/05/2026,05:00,    0.0,Z
03/05/2026,06:00,    0.0,Z
03/05/2026,07:00,    0.0,Z
03/05/2026,08:00,    0.0,Z
03/05/2026,09:00,    0.0,Z
03/05/2026,10:00,    0.0,Z
03/05/2026,11:00,    0.0,Z
03/05/2026,12:00,    0.0,Z
03/05/2026,13:00,    0.0,Z
03/05/2026,14:00,    0.0,Z
03/05/2026,15:00,    0.0,Z
03/05/2026,16:00,    0.0,Z
03/05/2026,17:00,    0.0,Z
03/05/2026,18:00,    0.0,Z
03/05/2026,19:00,    0.0,Z
03/05/2026,20:00,    0.0,Z
03/05/2026,21:00,    0.0,Z
03/05/2026,22:00,    0.0,Z
03/05/2026,23:00,    0.0,Z
04/05/2026,00:00,    0.0,Z
04/05/2026,01:00,    0.0,Z
04/05/2026,02:00,    0.0,Z
04/05/2026,03:00,    0.0,Z
04/05/2026,04:00,    0.0,Z
04/05/2026,05:00,    0.0,Z
04/05/2026,06:00,    0.0,Z
04/05/2026,07:00,    0.0,Z
04/05/2026,08:00,    0.0,Z
04/05/2026,09:00,    0.0,Z
04/05/2026,10:00,    0.2,Z
04/05/2026,11:00,    0.2,Z
04/05/2026,12:00,    0.0,Z
04/05/2026,13:00,    0.0,Z
04/05/2026,14:00,    0.0,Z
04/05/2026,15:00,    0.0,Z
04/05/2026,16:00,    0.4,Z
04/05/2026,17:00,    1.0,Z
04/05/2026,18:00,    1.2,Z
04/05/2026,19:00,    1.2,Z
04/05/2026,20:00,    3.4,Z
04/05/2026,21:00,    1.6,Z
04/05/2026,22:00,    1.2,Z
04/05/2026,23:00,    1.0,Z
05/05/2026,00:00,    0.2,Z
05/05/2026,01:00,    3.0,Z
05/05/2026,02:00,    4.0,Z
05/05/2026,03:00,    9.0,Z
05/05/2026,04:00,    0.6,Z
05/05/2026,05:00,    0.2,Z
05/05/2026,06:00,    1.4,Z
05/05/2026,07:00,    0.4,Z
05/05/2026,08:00,    0.2,Z
05/05/2026,09:00,    0.6,Z
05/05/2026,10:00,    1.4,Z
05/05/2026,11:00,    0.6,Z
05/05/2026,12:00,    0.6,Z
05/05/2026,13:00,    1.0,Z
05/05/2026,14:00,    0.2,Z
05/05/2026,15:00,    0.2,Z
05/05/2026,16:00,    0.4,Z
05/05/2026,17:00,    0.0,Z
05/05/2026,18:00,    2.0,Z
05/05/2026,19:00,    0.0,Z
05/05/2026,20:00,    0.0,Z
05/05/2026,21:00,    0.0,Z
05/05/2026,22:00,    0.0,Z
05/05/2026,23:00,    0.2,Z
06/05/2026,00:00,    2.0,Z
06/05/2026,01:00,    0.4,Z
06/05/2026,02:00,    0.8,Z
06/05/2026,03:00,    4.6,Z
06/05/2026,04:00,    4.8,Z
06/05/2026,05:00,    0.0,Z
06/05/2026,06:00,    0.0,Z
06/05/2026,07:00,    0.0,Z
06/05/2026,08:00,    0.0,Z
06/05/2026,09:00,    0.0,Z
06/05/2026,10:00,    0.0,Z
06/05/2026,11:00,    0.0,Z
06/05/2026,12:00,    0.0,Z
06/05/2026,13:00,    0.0,Z
06/05/2026,14:00,    0.0,Z
06/05/2026,15:00,    0.0,Z
06/05/2026,16:00,    0.0,Z
06/05/2026,17:00,    0.0,Z
06/05/2026,18:00,    0.0,Z
06/05/2026,19:00,    0.0,Z
06/05/2026,20:00,    0.0,Z
06/05/2026,21:00,    0.0,Z
06/05/2026,22:00,    0.0,Z
06/05/2026,23:00,    0.0,Z
07/05/2026,00:00,    0.0,Z
07/05/2026,01:00,    0.0,Z
07/05/2026,02:00,    0.0,Z
07/05/2026,03:00,    0.0,Z
07/05/2026,04:00,    0.0,Z
07/05/2026,05:00,    0.0,Z
07/05/2026,06:00,    0.0,Z
07/05/2026,07:00,    0.0,Z
07/05/2026,08:00,    0.0,Z
07/05/2026,09:00,    0.0,Z
07/05/2026,10:00,    0.0,Z
07/05/2026,11:00,    0.0,Z
07/05/2026,12:00,    0.0,Z
07/05/2026,13:00,    0.0,Z
07/05/2026,14:00,    0.0,Z
07/05/2026,15:00,    0.0,Z
07/05/2026,16:00,    0.0,Z
07/05/2026,17:00,    0.0,Z
07/05/2026,18:00,    0.0,Z
07/05/2026,19:00,    0.0,Z
07/05/2026,20:00,    0.0,Z
07/05/2026,21:00,    0.0,Z
07/05/2026,22:00,    0.0,Z
07/05/2026,23:00,    0.0,Z
08/05/2026,00:00,    0.0,Z
08/05/2026,01:00,    0.0,Z
08/05/2026,02:00,    0.0,Z
08/05/2026,03:00,    0.0,Z
08/05/2026,04:00,    0.0,Z
08/05/2026,05:00,    0.0,Z
08/05/2026,06:00,    0.0,Z
08/05/2026,07:00,    0.2,Z
08/05/2026,08:00,    0.0,Z
08/05/2026,09:00,    0.0,Z
08/05/2026,10:00,    0.0,Z
08/05/2026,11:00,    0.0,Z
08/05/2026,12:00,    0.0,Z
08/05/2026,13:00,    0.0,Z
08/05/2026,14:00,    0.0,Z
08/05/2026,15:00,    0.0,Z
08/05/2026,16:00,    0.8,Z
08/05/2026,17:00,    0.4,Z
08/05/2026,18:00,    0.0,Z
08/05/2026,19:00,    0.0,Z
08/05/2026,20:00,    0.0,Z
08/05/2026,21:00,    0.0,Z
08/05/2026,22:00,    0.0,Z
08/05/2026,23:00,    0.0,Z
09/05/2026,00:00,    0.0,Z
09/05/2026,01:00,    0.2,Z
09/05/2026,02:00,    0.0,Z
09/05/2026,03:00,    0.0,Z
09/05/2026,04:00,    0.0,Z
09/05/2026,05:00,    0.0,Z
09/05/2026,06:00,    0.0,Z
09/05/2026,07:00,    0.0,Z
09/05/2026,08:00,    0.0,Z
09/05/2026,09:00,    0.0,Z
09/05/2026,10:00,    0.0,Z
09/05/2026,11:00,    0.0,Z
09/05/2026,12:00,    0.0,Z
09/05/2026,13:00,    0.0,Z
09/05/2026,14:00,    0.0,Z
09/05/2026,15:00,    0.0,Z
09/05/2026,16:00,    0.0,Z
09/05/2026,17:00,    0.0,Z
09/05/2026,18:00,    0.0,Z
09/05/2026,19:00,    0.0,Z
09/05/2026,20:00,    0.0,Z
09/05/2026,21:00,    0.0,Z
09/05/2026,22:00,    0.0,Z
09/05/2026,23:00,    0.0,Z
10/05/2026,00:00,    0.0,Z
10/05/2026,01:00,    0.4,Z
10/05/2026,02:00,    1.4,Z
10/05/2026,03:00,    1.2,Z
10/05/2026,04:00,    0.0,Z
10/05/2026,05:00,    0.2,Z
10/05/2026,06:00,    0.0,Z
10/05/2026,07:00,    0.0,Z
10/05/2026,08:00,    0.0,Z
10/05/2026,09:00,    0.0,Z
10/05/2026,10:00,    0.0,Z
10/05/2026,11:00,    0.0,Z
10/05/2026,12:00,    0.0,Z
10/05/2026,13:00,    0.6,Z
10/05/2026,14:00,    0.0,Z
10/05/2026,15:00,    0.2,Z
10/05/2026,16:00,    1.0,Z
10/05/2026,17:00,    0.2,Z
10/05/2026,18:00,    0.2,Z
10/05/2026,19:00,    0.0,Z
10/05/2026,20:00,    0.0,Z
10/05/2026,21:00,    0.0,Z
10/05/2026,22:00,    0.0,Z
10/05/2026,23:00,    0.0,Z
11/05/2026,00:00,    0.0,Z
11/05/2026,01:00,    0.0,Z
11/05/2026,02:00,    0.0,Z
11/05/2026,03:00,    0.0,Z
11/05/2026,04:00,    0.0,Z
11/05/2026,05:00,    0.4,Z
11/05/2026,06:00,    2.2,Z
11/05/2026,07:00,    1.0,Z
11/05/2026,08:00,    0.8,Z
11/05/2026,09:00,    0.0,Z
11/05/2026,10:00,    0.0,Z
11/05/2026,11:00,    0.0,Z
11/05/2026,12:00,    0.0,Z
11/05/2026,13:00,    0.0,Z
11/05/2026,14:00,    0.0,Z
11/05/2026,15:00,    0.0,Z
11/05/2026,16:00,    0.0,Z
11/05/2026,17:00,    0.0,Z
11/05/2026,18:00,    0.0,Z
11/05/2026,19:00,    0.0,Z
11/05/2026,20:00,    0.0,Z
11/05/2026,21:00,    0.0,Z
11/05/2026,22:00,    0.0,Z
11/05/2026,23:00,    0.0,Z
12/05/2026,00:00,    0.0,Z
12/05/2026,01:00,    0.0,Z
12/05/2026,02:00,    0.0,Z
12/05/2026,03:00,    0.0,Z
12/05/2026,04:00,    0.0,Z
12/05/2026,05:00,    0.0,Z
12/05/2026,06:00,    0.0,Z
12/05/2026,07:00,    0.0,Z
12/05/2026,08:00,    0.0,Z
12/05/2026,09:00,    0.0,Z
12/05/2026,10:00,    0.0,Z
12/05/2026,11:00,    0.0,Z
12/05/2026,12:00,    0.0,Z
12/05/2026,13:00,    0.0,Z
12/05/2026,14:00,    0.0,Z
12/05/2026,15:00,    0.0,Z
12/05/2026,16:00,    0.0,Z
12/05/2026,17:00,    0.0,Z
12/05/2026,18:00,    0.0,Z
12/05/2026,19:00,    0.0,Z
12/05/2026,20:00,    0.0,Z
12/05/2026,21:00,    0.0,Z
12/05/2026,22:00,    0.0,Z
12/05/2026,23:00,    0.0,Z
13/05/2026,00:00,    0.0,Z
13/05/2026,01:00,    0.0,Z
13/05/2026,02:00,    0.0,Z
13/05/2026,03:00,    0.0,Z
13/05/2026,04:00,    0.0,Z
13/05/2026,05:00,    0.0,Z
13/05/2026,06:00,    0.0,Z
13/05/2026,07:00,    0.0,Z
13/05/2026,08:00,    0.0,Z
13/05/2026,09:00,    0.0,Z
13/05/2026,10:00,    0.0,Z
13/05/2026,11:00,    0.0,Z
13/05/2026,12:00,    0.0,Z
13/05/2026,13:00,    0.0,Z
13/05/2026,14:00,    0.0,Z
13/05/2026,15:00,    0.0,Z
13/05/2026,16:00,    0.0,Z
13/05/2026,17:00,    0.0,Z
13/05/2026,18:00,    0.0,Z
13/05/2026,19:00,    0.0,Z
13/05/2026,20:00,    0.0,Z
13/05/2026,21:00,    0.0,Z
13/05/2026,22:00,    0.0,Z
13/05/2026,23:00,    0.0,Z
14/05/2026,00:00,    0.0,Z
14/05/2026,01:00,    0.0,Z
14/05/2026,02:00,    0.0,Z
14/05/2026,03:00,    0.0,Z
14/05/2026,04:00,    0.0,Z
14/05/2026,05:00,    0.0,Z
14/05/2026,06:00,    0.0,Z
14/05/2026,07:00,    0.0,Z
14/05/2026,08:00,    0.0,Z
14/05/2026,09:00,    0.0,Z
14/05/2026,10:00,    0.0,Z
14/05/2026,11:00,    0.0,Z
14/05/2026,12:00,    0.0,Z
14/05/2026,13:00,    0.0,Z
14/05/2026,14:00,    0.0,Z
14/05/2026,15:00,    0.0,Z
14/05/2026,16:00,    0.2,Z
14/05/2026,17:00,    0.0,Z
14/05/2026,18:00,    0.0,Z
14/05/2026,19:00,    0.0,Z
14/05/2026,20:00,    0.0,Z
14/05/2026,21:00,    0.0,Z
14/05/2026,22:00,    0.0,Z
14/05/2026,23:00,    0.0,Z
15/05/2026,00:00,    0.0,Z
15/05/2026,01:00,    0.0,Z
15/05/2026,02:00,    0.0,Z
15/05/2026,03:00,    0.0,Z
15/05/2026,04:00,    0.0,Z
15/05/2026,05:00,    0.0,Z
15/05/2026,06:00,    0.0,Z
15/05/2026,07:00,    0.0,Z
15/05/2026,08:00,    0.0,Z
15/05/2026,09:00,    0.0,Z
15/05/2026,10:00,    0.0,Z
15/05/2026,11:00,    0.0,Z
15/05/2026,12:00,    2.0,Z
15/05/2026,13:00,    1.2,Z
15/05/2026,14:00,    0.4,Z
15/05/2026,15:00,    0.6,Z
15/05/2026,16:00,    1.2,Z
15/05/2026,17:00,    0.0,Z
15/05/2026,18:00,    0.4,Z
15/05/2026,19:00,    0.2,Z
15/05/2026,20:00,    0.2,Z
15/05/2026,21:00,    1.2,Z
15/05/2026,22:00,    0.2,Z
15/05/2026,23:00,    0.6,Z
16/05/2026,00:00,    0.4,Z
16/05/2026,01:00,    0.0,Z
16/05/2026,02:00,    0.0,Z
16/05/2026,03:00,    0.0,Z
16/05/2026,04:00,    0.0,Z
16/05/2026,05:00,    0.0,Z
16/05/2026,06:00,    0.0,Z
16/05/2026,07:00,    0.0,Z
16/05/2026,08:00,    0.0,Z
16/05/2026,09:00,    0.0,Z
16/05/2026,10:00,    0.0,Z
16/05/2026,11:00,    0.0,Z
16/05/2026,12:00,    0.0,Z
16/05/2026,13:00,    0.0,Z
16/05/2026,14:00,    0.0,Z
16/05/2026,15:00,    0.0,Z
16/05/2026,16:00,    0.0,Z
16/05/2026,17:00,    0.0,Z
16/05/2026,18:00,    0.0,Z
16/05/2026,19:00,    0.0,Z
16/05/2026,20:00,    0.0,Z
16/05/2026,21:00,    0.0,Z
16/05/2026,22:00,    0.0,Z
16/05/2026,23:00,    0.0,Z
17/05/2026,00:00,    0.0,Z
17/05/2026,01:00,    0.0,Z
17/05/2026,02:00,    0.0,Z
17/05/2026,03:00,    0.0,Z
17/05/2026,04:00,    0.0,Z
17/05/2026,05:00,    0.0,Z
17/05/2026,06:00,    0.0,Z
17/05/2026,07:00,    0.0,Z
17/05/2026,08:00,    0.0,Z
17/05/2026,09:00,    0.0,Z
17/05/2026,10:00,    0.0,Z
17/05/2026,11:00,    0.0,Z
17/05/2026,12:00,    0.0,Z
17/05/2026,13:00,    0.0,Z
17/05/2026,14:00,    0.0,Z
17/05/2026,15:00,    0.0,Z
17/05/2026,16:00,    0.0,Z
17/05/2026,17:00,    0.0,Z
17/05/2026,18:00,    0.0,Z
17/05/2026,19:00,    0.0,Z
17/05/2026,20:00,    0.0,Z
17/05/2026,21:00,    0.0,Z
17/05/2026,22:00,    0.0,Z
17/05/2026,23:00,    0.0,Z
18/05/2026,00:00,    0.0,Z
18/05/2026,01:00,    0.0,Z
18/05/2026,02:00,    0.0,Z
18/05/2026,03:00,    0.0,Z
18/05/2026,04:00,    0.0,Z
18/05/2026,05:00,    0.0,Z
18/05/2026,06:00,    0.0,Z
18/05/2026,07:00,    0.0,Z
18/05/2026,08:00,    0.0,Z
18/05/2026,09:00,    0.0,Z
18/05/2026,10:00,    0.0,Z
18/05/2026,11:00,    0.0,Z
18/05/2026,12:00,    0.0,Z
18/05/2026,13:00,    0.0,Z
18/05/2026,14:00,    3.0,Z
18/05/2026,15:00,    0.2,Z
18/05/2026,16:00,    0.0,Z
18/05/2026,17:00,    0.2,Z
18/05/2026,18:00,    0.0,Z
18/05/2026,19:00,    0.0,Z
18/05/2026,20:00,    0.0,Z
18/05/2026,21:00,    0.0,Z
18/05/2026,22:00,    0.0,Z
18/05/2026,23:00,    0.0,Z
19/05/2026,00:00,    0.0,Z
19/05/2026,01:00,    0.0,Z
19/05/2026,02:00,    0.0,Z
19/05/2026,03:00,    0.0,Z
19/05/2026,04:00,    0.0,Z
19/05/2026,05:00,    0.0,Z
19/05/2026,06:00,    0.0,Z
19/05/2026,07:00,    0.0,Z
19/05/2026,08:00,    0.0,Z
19/05/2026,09:00,    0.0,Z
19/05/2026,10:00,    0.0,Z
19/05/2026,11:00,    0.0,Z
19/05/2026,12:00,    0.0,Z
19/05/2026,13:00,    0.0,Z
19/05/2026,14:00,    0.0,Z
19/05/2026,15:00,    0.0,Z
19/05/2026,16:00,    0.0,Z
19/05/2026,17:00,    0.0,Z
19/05/2026,18:00,    0.0,Z
19/05/2026,19:00,    0.0,Z
19/05/2026,20:00,    0.0,Z
19/05/2026,21:00,    0.0,Z
19/05/2026,22:00,    0.0,Z
19/05/2026,23:00,    0.0,Z
20/05/2026,00:00,    0.0,Z
20/05/2026,01:00,    0.0,Z
20/05/2026,02:00,    0.0,Z
20/05/2026,03:00,    0.0,Z
20/05/2026,04:00,    0.0,Z
20/05/2026,05:00,    0.0,Z
20/05/2026,06:00,    0.0,Z
20/05/2026,07:00,    0.0,Z
20/05/2026,08:00,    0.0,Z
20/05/2026,09:00,    0.0,Z
20/05/2026,10:00,    0.0,Z
20/05/2026,11:00,    0.0,Z
20/05/2026,12:00,    0.0,Z
20/05/2026,13:00,    0.0,Z
20/05/2026,14:00,    0.0,Z
20/05/2026,15:00,    0.0,Z
20/05/2026,16:00,    0.0,Z
20/05/2026,17:00,    0.0,Z
20/05/2026,18:00,    0.0,Z
20/05/2026,19:00,    0.0,Z
20/05/2026,20:00,    0.0,Z
20/05/2026,21:00,    0.0,Z
20/05/2026,22:00,    0.0,Z
20/05/2026,23:00,    0.0,Z
21/05/2026,00:00,    0.0,Z
21/05/2026,01:00,    0.0,Z
21/05/2026,02:00,    0.0,Z
21/05/2026,03:00,    0.0,Z
21/05/2026,04:00,    0.0,Z
21/05/2026,05:00,    0.0,Z
21/05/2026,06:00,    0.0,Z
21/05/2026,07:00,    0.0,Z
21/05/2026,08:00,    0.0,Z
21/05/2026,09:00,    0.0,Z
21/05/2026,10:00,    0.0,Z
21/05/2026,11:00,    0.0,Z
21/05/2026,12:00,    0.0,Z
21/05/2026,13:00,    0.0,Z
21/05/2026,14:00,    0.0,Z
21/05/2026,15:00,    0.0,Z
21/05/2026,16:00,    0.0,Z
21/05/2026,17:00,    0.0,Z
21/05/2026,18:00,    0.0,Z
21/05/2026,19:00,    0.0,Z
21/05/2026,20:00,    0.0,Z
21/05/2026,21:00,    0.0,Z
21/05/2026,22:00,    0.0,Z
21/05/2026,23:00,    0.0,Z
22/05/2026,00:00,    0.0,Z
22/05/2026,01:00,    0.0,Z
22/05/2026,02:00,    0.0,Z
22/05/2026,03:00,    0.0,Z
22/05/2026,04:00,    0.0,Z
22/05/2026,05:00,    0.0,Z
22/05/2026,06:00,    0.0,Z
22/05/2026,07:00,    0.0,Z
22/05/2026,08:00,    0.0,Z
22/05/2026,09:00,    0.0,Z
22/05/2026,10:00,    0.0,Z
22/05/2026,11:00,    0.0,Z
22/05/2026,12:00,    0.0,Z
22/05/2026,13:00,    0.0,Z
22/05/2026,14:00,    0.0,Z
22/05/2026,15:00,    0.0,Z
22/05/2026,16:00,    0.0,Z
22/05/2026,17:00,    0.0,Z
22/05/2026,18:00,    0.0,Z
22/05/2026,19:00,    0.0,Z
22/05/2026,20:00,    0.0,Z
22/05/2026,21:00,    0.0,Z
22/05/2026,22:00,    0.0,Z
22/05/2026,23:00,    0.0,Z
23/05/2026,00:00,    0.0,Z
23/05/2026,01:00,    0.0,Z
23/05/2026,02:00,    0.0,Z
23/05/2026,03:00,    0.0,Z
23/05/2026,04:00,    0.0,Z
23/05/2026,05:00,    0.0,Z
23/05/2026,06:00,    0.0,Z
23/05/2026,07:00,    0.0,Z
23/05/2026,08:00,    0.0,Z
23/05/2026,09:00,    0.0,Z
23/05/2026,10:00,    0.0,Z
23/05/2026,11:00,    0.0,Z
23/05/2026,12:00,    0.0,Z
23/05/2026,13:00,    0.0,Z
23/05/2026,14:00,    0.0,Z
23/05/2026,15:00,    0.0,Z
23/05/2026,16:00,    0.0,Z
23/05/2026,17:00,    0.0,Z
23/05/2026,18:00,    0.0,Z
23/05/2026,19:00,    0.0,Z
23/05/2026,20:00,    0.0,Z
23/05/2026,21:00,    0.0,Z
23/05/2026,22:00,    0.0,Z
23/05/2026,23:00,    0.0,Z
24/05/2026,00:00,    0.0,Z
24/05/2026,01:00,    0.0,Z
24/05/2026,02:00,    0.0,Z
24/05/2026,03:00,    0.0,Z
24/05/2026,04:00,    0.0,Z
24/05/2026,05:00,    0.0,Z
24/05/2026,06:00,    0.0,Z
24/05/2026,07:00,    0.0,Z
24/05/2026,08:00,    0.0,Z
24/05/2026,09:00,    0.0,Z
24/05/2026,10:00,    0.0,Z
24/05/2026,11:00,    0.0,Z
24/05/2026,12:00,    0.0,Z
24/05/2026,13:00,    0.0,Z
24/05/2026,14:00,    0.0,Z
24/05/2026,15:00,    0.0,Z
24/05/2026,16:00,    0.0,Z
24/05/2026,17:00,    0.0,Z
24/05/2026,18:00,    0.0,Z
24/05/2026,19:00,    0.0,Z
24/05/2026,20:00,    0.0,Z
24/05/2026,21:00,    0.0,Z
24/05/2026,22:00,    0.0,Z
24/05/2026,23:00,    0.0,Z
25/05/2026,00:00,    0.0,Z
25/05/2026,01:00,    0.0,Z
25/05/2026,02:00,    0.0,Z
25/05/2026,03:00,    0.0,Z
25/05/2026,04:00,    0.0,Z
25/05/2026,05:00,    0.0,Z
25/05/2026,06:00,    0.0,Z
25/05/2026,07:00,    0.0,Z
25/05/2026,08:00,    0.0,Z
25/05/2026,09:00,    0.0,Z
25/05/2026,10:00,    0.0,Z
25/05/2026,11:00,    0.0,Z
25/05/2026,12:00,    0.0,Z
25/05/2026,13:00,    0.0,Z
25/05/2026,14:00,    0.0,Z
25/05/2026,15:00,    0.0,Z
25/05/2026,16:00,    0.0,Z
25/05/2026,17:00,    0.0,Z
25/05/2026,18:00,    0.0,Z
25/05/2026,19:00,    0.0,Z
25/05/2026,20:00,    0.0,Z
25/05/2026,21:00,    0.0,Z
25/05/2026,22:00,    0.0,Z
25/05/2026,23:00,    0.0,Z
26/05/2026,00:00,    0.0,Z
26/05/2026,01:00,    0.0,Z
26/05/2026,02:00,    0.0,Z
26/05/2026,03:00,    0.0,Z
26/05/2026,04:00,    0.0,Z
26/05/2026,05:00,    0.0,Z
26/05/2026,06:00,    0.0,Z
26/05/2026,07:00,    0.0,Z
26/05/2026,08:00,    0.0,Z
26/05/2026,09:00,    0.0,Z
26/05/2026,10:00,    0.0,Z
26/05/2026,11:00,    0.0,Z
26/05/2026,12:00,    0.0,Z
26/05/2026,13:00,    0.0,Z
26/05/2026,14:00,    0.0,Z
26/05/2026,15:00,    0.0,Z
26/05/2026,16:00,    0.0,Z
26/05/2026,17:00,    0.0,Z
26/05/2026,18:00,    0.0,Z
26/05/2026,19:00,    0.0,Z
26/05/2026,20:00,    0.0,Z
26/05/2026,21:00,    0.0,Z
26/05/2026,22:00,    0.0,Z
26/05/2026,23:00,    0.0,Z
27/05/2026,00:00,    0.0,Z
27/05/2026,01:00,    0.0,Z
27/05/2026,02:00,    0.0,Z
27/05/2026,03:00,    0.0,Z
27/05/2026,04:00,    0.0,Z
27/05/2026,05:00,    0.0,Z
27/05/2026,06:00,    0.0,Z
27/05/2026,07:00,    0.0,Z
27/05/2026,08:00,    0.0,Z
27/05/2026,09:00,    0.0,Z
27/05/2026,10:00,    0.0,Z
27/05/2026,11:00,    0.0,Z
27/05/2026,12:00,    0.0,Z
27/05/2026,13:00,    0.0,Z
27/05/2026,14:00,    0.0,Z
27/05/2026,15:00,    0.0,Z
27/05/2026,16:00,    0.0,Z
27/05/2026,17:00,    0.4,Z
27/05/2026,18:00,    0.0,Z
27/05/2026,19:00,    0.0,Z
27/05/2026,20:00,    0.0,Z
27/05/2026,21:00,    0.0,Z
27/05/2026,22:00,    0.0,Z
27/05/2026,23:00,    0.0,Z
28/05/2026,00:00,    0.0,Z
28/05/2026,01:00,    0.0,Z
28/05/2026,02:00,    0.0,Z
28/05/2026,03:00,    0.0,Z
28/05/2026,04:00,    0.0,Z
28/05/2026,05:00,    0.0,Z
28/05/2026,06:00,    0.0,Z
28/05/2026,07:00,    0.0,Z
28/05/2026,08:00,    0.0,Z
28/05/2026,09:00,    0.0,Z
28/05/2026,10:00,    0.0,Z
28/05/2026,11:00,    0.0,Z
28/05/2026,12:00,    1.0,Z
28/05/2026,13:00,    0.4,Z
28/05/2026,14:00,    0.0,Z
28/05/2026,15:00,    0.0,Z
28/05/2026,16:00,    0.0,Z
28/05/2026,17:00,    0.0,Z
28/05/2026,18:00,    0.0,Z
28/05/2026,19:00,    0.0,Z
28/05/2026,20:00,    0.0,Z
28/05/2026,21:00,    0.0,Z
28/05/2026,22:00,    0.0,Z
28/05/2026,23:00,    0.0,Z
29/05/2026,00:00,    0.0,Z
29/05/2026,01:00,    0.0,Z
29/05/2026,02:00,    5.4,Z
29/05/2026,03:00,    0.0,Z
29/05/2026,04:00,    0.0,Z
29/05/2026,05:00,    0.0,Z
29/05/2026,06:00,    0.0,Z
29/05/2026,07:00,    0.0,Z
29/05/2026,08:00,    0.0,Z
29/05/2026,09:00,    0.0,Z
29/05/2026,10:00,    0.0,Z
29/05/2026,11:00,    0.0,Z
29/05/2026,12:00,    0.0,Z
29/05/2026,13:00,    0.0,Z
29/05/2026,14:00,    0.0,Z
29/05/2026,15:00,    0.0,Z
29/05/2026,16:00,    0.0,Z
29/05/2026,17:00,    0.0,Z
29/05/2026,18:00,    0.0,Z
29/05/2026,19:00,    0.0,Z
29/05/2026,20:00,    0.0,Z
29/05/2026,21:00,    0.0,Z
29/05/2026,22:00,    0.0,Z
29/05/2026,23:00,    0.0,Z
30/05/2026,00:00,    0.0,Z
30/05/2026,01:00,    0.0,Z
30/05/2026,02:00,    0.0,Z
30/05/2026,03:00,    0.0,Z
30/05/2026,04:00,    0.0,Z
30/05/2026,05:00,    0.0,Z
30/05/2026,06:00,    0.0,Z
30/05/2026,07:00,    0.0,Z
30/05/2026,08:00,    0.0,Z
30/05/2026,09:00,    0.0,Z
30/05/2026,10:00,    0.0,Z
30/05/2026,11:00,    0.0,Z
30/05/2026,12:00,    0.0,Z
30/05/2026,13:00,    0.0,Z
30/05/2026,14:00,    0.0,Z
30/05/2026,15:00,    0.0,Z
30/05/2026,16:00,    0.0,Z
30/05/2026,17:00,    0.0,Z
30/05/2026,18:00,    0.0,Z
30/05/2026,19:00,    0.2,Z
30/05/2026,20:00,    0.0,Z
30/05/2026,21:00,    0.0,Z
30/05/2026,22:00,    0.0,Z
30/05/2026,23:00,    0.0,Z
31/05/2026,00:00,    0.0,Z
31/05/2026,01:00,    0.0,Z
31/05/2026,02:00,    0.0,Z
31/05/2026,03:00,    0.0,Z
31/05/2026,04:00,    0.0,Z
31/05/2026,05:00,    0.0,Z
31/05/2026,06:00,    0.0,Z
31/05/2026,07:00,    0.0,Z
31/05/2026,08:00,    0.0,Z
31/05/2026,09:00,    0.0,Z
31/05/2026,10:00,    0.0,Z
31/05/2026,11:00,    0.0,Z
31/05/2026,12:00,    0.0,Z
31/05/2026,13:00,    0.0,Z
31/05/2026,14:00,    0.0,Z
31/05/2026,15:00,    1.6,Z
31/05/2026,16:00,    0.6,Z
31/05/2026,17:00,    0.2,Z
31/05/2026,18:00,    0.0,Z
31/05/2026,19:00,    0.0,Z
31/05/2026,20:00,    0.0,Z
31/05/2026,21:00,    0.0,Z
31/05/2026,22:00,    0.0,Z
31/05/2026,23:00,    0.0,Z
01/06/2026,00:00,    0.0,Z
01/06/2026,01:00,    0.0,Z
01/06/2026,02:00,    0.0,Z
01/06/2026,03:00,    0.0,Z
01/06/2026,04:00,    0.0,Z
01/06/2026,05:00,    0.0,Z
01/06/2026,06:00,    0.0,Z
01/06/2026,07:00,    0.0,Z
01/06/2026,08:00,    0.0,Z
01/06/2026,09:00,    0.0,Z
01/06/2026,10:00,    0.0,Z
01/06/2026,11:00,    0.0,Z
01/06/2026,12:00,    0.0,Z
01/06/2026,13:00,    0.0,Z
01/06/2026,14:00,    0.0,Z
01/06/2026,15:00,    0.0,Z
01/06/2026,16:00,    0.0,Z
01/06/2026,17:00,    0.0,Z
01/06/2026,18:00,    0.0,Z
01/06/2026,19:00,    0.0,Z
01/06/2026,20:00,    0.0,Z
01/06/2026,21:00,    0.0,Z
01/06/2026,22:00,    0.0,Z
01/06/2026,23:00,    0.0,Z
02/06/2026,00:00,    0.0,Z
02/06/2026,01:00,    0.0,Z
02/06/2026,02:00,    0.0,Z
02/06/2026,03:00,    0.0,Z
02/06/2026,04:00,    0.0,Z
02/06/2026,05:00,    0.0,Z
02/06/2026,06:00,    0.0,Z
02/06/2026,07:00,    0.0,Z
02/06/2026,08:00,    0.0,Z
02/06/2026,09:00,    0.0,Z
02/06/2026,10:00,    0.0,Z
02/06/2026,11:00,    0.0,Z
02/06/2026,12:00,    0.0,Z
02/06/2026,13:00,    0.0,Z
02/06/2026,14:00,    2.6,Z
02/06/2026,15:00,    1.2,Z
02/06/2026,16:00,    1.6,Z
02/06/2026,17:00,    0.2,Z
02/06/2026,18:00,    0.0,Z
02/06/2026,19:00,    0.0,Z
02/06/2026,20:00,    0.0,Z
02/06/2026,21:00,    0.0,Z
02/06/2026,22:00,    0.0,Z
02/06/2026,23:00,    0.0,Z
03/06/2026,00:00,    0.0,Z
03/06/2026,01:00,    0.0,Z
03/06/2026,02:00,    0.0,Z
03/06/2026,03:00,    0.0,Z
03/06/2026,04:00,    0.0,Z
03/06/2026,05:00,    0.0,Z
03/06/2026,06:00,    0.0,Z
03/06/2026,07:00,    0.0,Z
03/06/2026,08:00,    0.0,Z
03/06/2026,09:00,    0.0,Z
03/06/2026,10:00,    0.0,Z
03/06/2026,11:00,    0.0,Z
03/06/2026,12:00,    0.0,Z
03/06/2026,13:00,    0.0,Z
03/06/2026,14:00,    0.0,Z
03/06/2026,15:00,    0.0,Z
03/06/2026,16:00,    0.0,Z
03/06/2026,17:00,    0.0,Z
03/06/2026,18:00,    0.0,Z
03/06/2026,19:00,    0.0,Z
03/06/2026,20:00,    0.0,Z
03/06/2026,21:00,    0.0,Z
03/06/2026,22:00,    0.0,Z
03/06/2026,23:00,    0.0,Z
04/06/2026,00:00,    0.0,Z
04/06/2026,01:00,    0.0,Z
04/06/2026,02:00,    0.0,Z
04/06/2026,03:00,    0.0,Z
04/06/2026,04:00,    0.0,Z
04/06/2026,05:00,    0.0,Z
04/06/2026,06:00,    0.0,Z
04/06/2026,07:00,    0.0,Z
04/06/2026,08:00,    0.0,Z
04/06/2026,09:00,    0.0,Z
04/06/2026,10:00,    0.0,Z
04/06/2026,11:00,    0.0,Z
04/06/2026,12:00,    0.0,Z
04/06/2026,13:00,    0.0,Z
04/06/2026,14:00,    0.0,Z
04/06/2026,15:00,    0.0,Z
04/06/2026,16:00,    0.0,Z
04/06/2026,17:00,    0.0,Z
04/06/2026,18:00,    0.0,Z
04/06/2026,19:00,    0.0,Z
04/06/2026,20:00,    1.0,Z
04/06/2026,21:00,    2.6,Z
04/06/2026,22:00,    1.4,Z
04/06/2026,23:00,    0.0,Z
05/06/2026,00:00,    0.0,Z
05/06/2026,01:00,    0.0,Z
05/06/2026,02:00,    0.0,Z
05/06/2026,03:00,    0.0,Z
05/06/2026,04:00,    0.0,Z
05/06/2026,05:00,    0.2,Z
05/06/2026,06:00,    0.0,Z
05/06/2026,07:00,    0.0,Z
05/06/2026,08:00,    0.0,Z
05/06/2026,09:00,    0.0,Z
05/06/2026,10:00,    0.0,Z
05/06/2026,11:00,    0.0,Z
05/06/2026,12:00,    0.0,Z
05/06/2026,13:00,    0.0,Z
05/06/2026,14:00,    0.0,Z
05/06/2026,15:00,    0.0,Z
05/06/2026,16:00,    0.0,Z
05/06/2026,17:00,    0.0,Z
05/06/2026,18:00,    0.0,Z
05/06/2026,19:00,    0.0,Z
05/06/2026,20:00,    0.0,Z
05/06/2026,21:00,    0.0,Z
05/06/2026,22:00,    0.0,Z
05/06/2026,23:00,    0.0,Z
06/06/2026,00:00,    0.0,Z
06/06/2026,01:00,    0.0,Z
06/06/2026,02:00,    0.0,Z
06/06/2026,03:00,    0.0,Z
06/06/2026,04:00,    0.0,Z
06/06/2026,05:00,    0.0,Z
06/06/2026,06:00,    0.0,Z
06/06/2026,07:00,    0.0,Z
06/06/2026,08:00,    0.0,Z
06/06/2026,09:00,    0.0,Z
06/06/2026,10:00,    0.0,Z
06/06/2026,11:00,    0.0,Z
06/06/2026,12:00,    0.0,Z
06/06/2026,13:00,    0.0,Z
06/06/2026,14:00,    0.0,Z
06/06/2026,15:00,    0.0,Z
06/06/2026,16:00,    0.0,Z
06/06/2026,17:00,    0.0,Z
06/06/2026,18:00,    0.0,Z
06/06/2026,19:00,    0.0,Z
06/06/2026,20:00,    0.0,Z
06/06/2026,21:00,    0.0,Z
06/06/2026,22:00,    0.0,Z
06/06/2026,23:00,    0.0,Z
07/06/2026,00:00,    0.0,Z
07/06/2026,01:00,    0.0,Z
07/06/2026,02:00,    0.0,Z
07/06/2026,03:00,    0.0,Z
07/06/2026,04:00,    0.0,Z
07/06/2026,05:00,    0.0,Z
07/06/2026,06:00,    0.0,Z
07/06/2026,07:00,    0.0,Z
07/06/2026,08:00,    0.0,Z
07/06/2026,09:00,    0.0,Z
07/06/2026,10:00,    0.0,Z
07/06/2026,11:00,    0.0,Z
07/06/2026,12:00,    0.0,Z
07/06/2026,13:00,    0.0,Z
07/06/2026,14:00,    0.0,Z
07/06/2026,15:00,    0.0,Z
07/06/2026,16:00,    0.0,Z
07/06/2026,17:00,    0.0,Z
07/06/2026,18:00,    0.0,Z
07/06/2026,19:00,    0.0,Z
07/06/2026,20:00,    0.0,Z
07/06/2026,21:00,    0.0,Z
07/06/2026,22:00,    0.0,Z
07/06/2026,23:00,    0.0,Z
08/06/2026,00:00,    0.0,Z
08/06/2026,01:00,    0.0,Z
08/06/2026,02:00,    0.0,Z
08/06/2026,03:00,    0.0,Z
08/06/2026,04:00,    0.0,Z
08/06/2026,05:00,    0.0,Z
08/06/2026,06:00,    0.0,Z
08/06/2026,07:00,    0.0,Z
08/06/2026,08:00,    0.0,Z
08/06/2026,09:00,    0.0,Z
08/06/2026,10:00,    0.0,Z
08/06/2026,11:00,    0.0,Z
08/06/2026,12:00,    0.0,Z
08/06/2026,13:00,    0.0,Z
08/06/2026,14:00,    0.0,Z
08/06/2026,15:00,    0.0,Z
08/06/2026,16:00,    0.0,Z
08/06/2026,17:00,    0.0,Z
08/06/2026,18:00,    0.0,Z
08/06/2026,19:00,    0.0,Z
08/06/2026,20:00,    0.0,Z
08/06/2026,21:00,    0.0,Z
08/06/2026,22:00,    0.0,Z
08/06/2026,23:00,    0.0,Z
09/06/2026,00:00,    0.0,Z
09/06/2026,01:00,    0.0,Z
09/06/2026,02:00,    0.0,Z
09/06/2026,03:00,    0.0,Z
09/06/2026,04:00,    0.0,Z
09/06/2026,05:00,    0.0,Z
09/06/2026,06:00,    0.0,Z
09/06/2026,07:00,    0.0,Z
09/06/2026,08:00,    0.0,Z
09/06/2026,09:00,    0.0,Z
09/06/2026,10:00,    0.0,Z
09/06/2026,11:00,    0.0,Z
09/06/2026,12:00,    0.0,Z
09/06/2026,13:00,    0.0,Z
09/06/2026,14:00,    0.0,Z
09/06/2026,15:00,    0.0,Z
09/06/2026,16:00,    0.0,Z
09/06/2026,17:00,    0.0,Z
09/06/2026,18:00,    0.0,Z
09/06/2026,19:00,    0.0,Z
09/06/2026,20:00,    0.0,Z
09/06/2026,21:00,    0.0,Z
09/06/2026,22:00,    0.0,Z
09/06/2026,23:00,    0.0,Z
10/06/2026,00:00,    0.0,Z
10/06/2026,01:00,    0.0,Z
10/06/2026,02:00,    0.0,Z
10/06/2026,03:00,    0.0,Z
10/06/2026,04:00,    0.0,Z
10/06/2026,05:00,    0.0,Z
10/06/2026,06:00,    0.0,Z
10/06/2026,07:00,    0.0,Z
10/06/2026,08:00,    0.0,Z
10/06/2026,09:00,    0.0,Z
10/06/2026,10:00,    0.0,Z
10/06/2026,11:00,    0.0,Z
10/06/2026,12:00,    0.0,Z
10/06/2026,13:00,    0.0,Z
10/06/2026,14:00,    0.0,Z
10/06/2026,15:00,    0.0,Z
10/06/2026,16:00,    0.0,Z
10/06/2026,17:00,    0.0,Z
10/06/2026,18:00,    0.0,Z
10/06/2026,19:00,    0.0,Z
10/06/2026,20:00,    0.0,Z
10/06/2026,21:00,    0.0,Z
10/06/2026,22:00,    0.0,Z
10/06/2026,23:00,    0.0,Z
11/06/2026,00:00,    0.0,Z
11/06/2026,01:00,    0.0,Z
11/06/2026,02:00,    0.0,Z
11/06/2026,03:00,    0.0,Z
11/06/2026,04:00,    0.0,Z
11/06/2026,05:00,    0.0,Z
11/06/2026,06:00,    0.0,Z
11/06/2026,07:00,    0.0,Z
11/06/2026,08:00,    0.0,Z
11/06/2026,09:00,    0.0,Z
11/06/2026,10:00,    0.0,Z
11/06/2026,11:00,    0.0,Z
11/06/2026,12:00,    0.0,Z
11/06/2026,13:00,    0.0,Z
11/06/2026,14:00,    0.0,Z
11/06/2026,15:00,    0.0,Z
11/06/2026,16:00,    0.0,Z
11/06/2026,17:00,    0.0,Z
11/06/2026,18:00,    0.0,Z
11/06/2026,19:00,    0.0,Z
11/06/2026,20:00,    0.0,Z
11/06/2026,21:00,    0.0,Z
11/06/2026,22:00,    0.0,Z
11/06/2026,23:00,    0.0,Z
12/06/2026,00:00,    0.0,Z
12/06/2026,01:00,    0.0,Z
12/06/2026,02:00,    0.0,Z
12/06/2026,03:00,    0.0,Z
12/06/2026,04:00,    0.0,Z
12/06/2026,05:00,    0.0,Z
12/06/2026,06:00,    0.0,Z
12/06/2026,07:00,    0.0,Z
12/06/2026,08:00,    0.0,Z
12/06/2026,09:00,    0.0,Z
12/06/2026,10:00,    0.0,Z
12/06/2026,11:00,    0.0,Z
12/06/2026,12:00,    0.0,Z
12/06/2026,13:00,    0.0,Z
12/06/2026,14:00,    0.0,Z
12/06/2026,15:00,    0.0,Z
12/06/2026,16:00,    0.0,Z
12/06/2026,17:00,    0.0,Z
12/06/2026,18:00,    0.0,Z
12/06/2026,19:00,    0.0,Z
12/06/2026,20:00,    0.0,Z
12/06/2026,21:00,    0.0,Z
12/06/2026,22:00,    0.0,Z
12/06/2026,23:00,    0.0,Z
13/06/2026,00:00,    0.0,Z
13/06/2026,01:00,    0.0,Z
13/06/2026,02:00,    0.0,Z
13/06/2026,03:00,    0.0,Z
13/06/2026,04:00,    0.0,Z
13/06/2026,05:00,    0.0,Z
13/06/2026,06:00,    0.0,Z
13/06/2026,07:00,    0.0,Z
13/06/2026,08:00,    0.0,Z
13/06/2026,09:00,    0.0,Z
13/06/2026,10:00,    0.0,Z
13/06/2026,11:00,    0.0,Z
13/06/2026,12:00,    0.0,Z
13/06/2026,13:00,    0.0,Z
13/06/2026,14:00,    0.0,Z
13/06/2026,15:00,    0.0,Z
13/06/2026,16:00,    0.0,Z
13/06/2026,17:00,    0.0,Z
13/06/2026,18:00,    0.0,Z
13/06/2026,19:00,    0.0,Z
13/06/2026,20:00,    0.0,Z
13/06/2026,21:00,    0.0,Z
13/06/2026,22:00,    0.0,Z
13/06/2026,23:00,    0.0,Z
14/06/2026,00:00,    0.0,Z
14/06/2026,01:00,    0.0,Z
14/06/2026,02:00,    0.0,Z
14/06/2026,03:00,    0.0,Z
14/06/2026,04:00,    0.0,Z
14/06/2026,05:00,    0.0,Z
14/06/2026,06:00,    0.0,Z
14/06/2026,07:00,    0.0,Z
14/06/2026,08:00,    0.0,Z
14/06/2026,09:00,    0.0,Z
14/06/2026,10:00,    0.0,Z
14/06/2026,11:00,    0.0,Z
14/06/2026,12:00,    0.0,Z
14/06/2026,13:00,    0.0,Z
14/06/2026,14:00,    0.0,Z
14/06/2026,15:00,    0.0,Z
14/06/2026,16:00,    0.0,Z
14/06/2026,17:00,    0.0,Z
14/06/2026,18:00,    0.0,Z
14/06/2026,19:00,    0.0,Z
14/06/2026,20:00,    0.0,Z
14/06/2026,21:00,    0.0,Z
14/06/2026,22:00,    0.0,Z
14/06/2026,23:00,    0.0,Z
15/06/2026,00:00,    0.0,Z
15/06/2026,01:00,    0.0,Z
15/06/2026,02:00,    0.0,Z
15/06/2026,03:00,    0.0,Z
15/06/2026,04:00,    0.0,Z
15/06/2026,05:00,    0.0,Z
15/06/2026,06:00,    0.0,Z
15/06/2026,07:00,    0.0,Z
15/06/2026,08:00,    0.0,Z
15/06/2026,09:00,    0.0,Z
15/06/2026,10:00,    0.0,Z
15/06/2026,11:00,    0.0,Z
15/06/2026,12:00,    0.0,Z
15/06/2026,13:00,    0.0,Z
15/06/2026,14:00,    0.0,Z
15/06/2026,15:00,    0.0,Z
15/06/2026,16:00,    0.0,Z
15/06/2026,17:00,    0.0,Z
15/06/2026,18:00,    0.0,Z
15/06/2026,19:00,    0.0,Z
15/06/2026,20:00,    0.0,Z
15/06/2026,21:00,    0.0,Z
15/06/2026,22:00,    0.0,Z
15/06/2026,23:00,    0.0,Z
16/06/2026,00:00,    0.0,Z
16/06/2026,01:00,    0.0,Z
16/06/2026,02:00,    0.0,Z
16/06/2026,03:00,    0.0,Z
16/06/2026,04:00,    0.0,Z
16/06/2026,05:00,    0.0,Z
16/06/2026,06:00,    0.0,Z
16/06/2026,07:00,    0.0,Z
16/06/2026,08:00,    0.0,Z
16/06/2026,09:00,    0.0,Z
16/06/2026,10:00,    0.0,Z
16/06/2026,11:00,    0.0,Z
16/06/2026,12:00,    0.0,Z
16/06/2026,13:00,    0.0,Z
16/06/2026,14:00,    0.0,Z
16/06/2026,15:00,    0.0,Z
16/06/2026,16:00,    0.2,Z
16/06/2026,17:00,    0.0,Z
16/06/2026,18:00,    0.0,Z
16/06/2026,19:00,    0.0,Z
16/06/2026,20:00,    0.0,Z
16/06/2026,21:00,    0.0,Z
16/06/2026,22:00,    0.0,Z
16/06/2026,23:00,    0.0,Z
17/06/2026,00:00,    0.0,Z
17/06/2026,01:00,    0.0,Z
17/06/2026,02:00,    0.0,Z
17/06/2026,03:00,    0.0,Z
17/06/2026,04:00,    0.0,Z
17/06/2026,05:00,    0.0,Z
17/06/2026,06:00,    0.0,Z
17/06/2026,07:00,    0.0,Z
17/06/2026,08:00,    0.0,Z
17/06/2026,09:00,    0.0,Z
17/06/2026,10:00,    0.2,Z
17/06/2026,11:00,    0.0,Z
17/06/2026,12:00,    0.0,Z
17/06/2026,13:00,    0.0,Z
17/06/2026,14:00,    0.0,Z
17/06/2026,15:00,    0.0,Z
17/06/2026,16:00,    4.4,Z
17/06/2026,17:00,    0.0,Z
17/06/2026,18:00,    0.0,Z
17/06/2026,19:00,    0.0,Z
17/06/2026,20:00,    0.0,Z
17/06/2026,21:00,    0.0,Z
17/06/2026,22:00,    0.0,Z
17/06/2026,23:00,    0.0,Z
18/06/2026,00:00,    0.0,Z
18/06/2026,01:00,    0.0,Z
18/06/2026,02:00,    0.0,Z
18/06/2026,03:00,    0.0,Z
18/06/2026,04:00,    0.0,Z
18/06/2026,05:00,    0.0,Z
18/06/2026,06:00,    0.0,Z
18/06/2026,07:00,    0.0,Z
18/06/2026,08:00,    0.0,Z
18/06/2026,09:00,    0.0,Z
18/06/2026,10:00,    0.0,Z
18/06/2026,11:00,    0.0,Z
18/06/2026,12:00,    0.0,Z
18/06/2026,13:00,    0.0,Z
18/06/2026,14:00,    6.5,Z
18/06/2026,15:00,    9.9,Z
18/06/2026,16:00,    0.6,Z
18/06/2026,17:00,    0.0,Z
18/06/2026,18:00,    0.0,Z
18/06/2026,19:00,    0.0,Z
18/06/2026,20:00,    0.0,Z
18/06/2026,21:00,    0.0,Z
18/06/2026,22:00,    0.0,Z
18/06/2026,23:00,    0.0,Z
19/06/2026,00:00,    0.0,Z
19/06/2026,01:00,    0.0,Z
19/06/2026,02:00,    0.0,Z
19/06/2026,03:00,    0.0,Z
19/06/2026,04:00,    0.0,Z
19/06/2026,05:00,    0.0,Z
19/06/2026,06:00,    0.0,Z
19/06/2026,07:00,    0.0,Z
19/06/2026,08:00,    0.0,Z
19/06/2026,09:00,    0.0,Z
19/06/2026,10:00,    0.0,Z
19/06/2026,11:00,    0.0,Z
19/06/2026,12:00,    0.0,Z
19/06/2026,13:00,    0.0,Z
19/06/2026,14:00,    0.0,Z
19/06/2026,15:00,    0.0,Z
19/06/2026,16:00,    0.0,Z
19/06/2026,17:00,    0.0,Z
19/06/2026,18:00,    0.0,Z
19/06/2026,19:00,    0.0,Z
19/06/2026,20:00,    0.0,Z
19/06/2026,21:00,    0.0,Z
19/06/2026,22:00,    0.0,Z
19/06/2026,23:00,    0.0,Z
20/06/2026,00:00,    0.0,Z
20/06/2026,01:00,    0.0,Z
20/06/2026,02:00,    0.0,Z
20/06/2026,03:00,    0.0,Z
20/06/2026,04:00,    0.0,Z
20/06/2026,05:00,    0.0,Z
20/06/2026,06:00,    0.0,Z
20/06/2026,07:00,    0.0,Z
20/06/2026,08:00,    0.0,Z
20/06/2026,09:00,    0.0,Z
20/06/2026,10:00,    0.0,Z
20/06/2026,11:00,    0.0,Z
20/06/2026,12:00,    0.0,Z
20/06/2026,13:00,    0.0,Z
20/06/2026,14:00,    0.0,Z
20/06/2026,15:00,    0.0,Z
20/06/2026,16:00,    0.0,Z
20/06/2026,17:00,    0.0,Z
20/06/2026,18:00,    0.0,Z
20/06/2026,19:00,    0.0,Z
20/06/2026,20:00,    0.0,Z
20/06/2026,21:00,    0.0,Z
20/06/2026,22:00,    0.0,Z
20/06/2026,23:00,    0.0,Z
21/06/2026,00:00,    0.0,Z
21/06/2026,01:00,    0.0,Z
21/06/2026,02:00,    0.0,Z
21/06/2026,03:00,    0.0,Z
21/06/2026,04:00,    0.0,Z
21/06/2026,05:00,    0.0,Z
21/06/2026,06:00,    0.0,Z
21/06/2026,07:00,    0.0,Z
21/06/2026,08:00,    0.0,Z
21/06/2026,09:00,    0.0,Z
21/06/2026,10:00,    0.0,Z
21/06/2026,11:00,    0.0,Z
21/06/2026,12:00,    0.0,Z
21/06/2026,13:00,    0.0,Z
21/06/2026,14:00,    0.0,Z
21/06/2026,15:00,    0.0,Z
21/06/2026,16:00,    0.0,Z
21/06/2026,17:00,    0.0,Z
21/06/2026,18:00,    0.0,Z
21/06/2026,19:00,    0.0,Z
21/06/2026,20:00,    0.0,Z
21/06/2026,21:00,    0.0,Z
21/06/2026,22:00,    0.0,Z
21/06/2026,23:00,    0.0,Z
22/06/2026,00:00,    0.0,Z
22/06/2026,01:00,    0.0,Z
22/06/2026,02:00,    0.0,Z
22/06/2026,03:00,    0.0,Z
22/06/2026,04:00,    0.0,Z
22/06/2026,05:00,    0.0,Z
22/06/2026,06:00,    0.0,Z
22/06/2026,07:00,    0.0,Z
22/06/2026,08:00,    0.0,Z
22/06/2026,09:00,    0.0,Z
22/06/2026,10:00,    0.0,Z
22/06/2026,11:00,    0.0,Z
22/06/2026,12:00,    0.0,Z
22/06/2026,13:00,    0.0,Z
22/06/2026,14:00,    0.0,Z
22/06/2026,15:00,    0.0,Z
22/06/2026,16:00,    0.0,Z
22/06/2026,17:00,    0.0,Z
22/06/2026,18:00,    0.0,Z
22/06/2026,19:00,    0.0,Z
22/06/2026,20:00,    0.0,Z
22/06/2026,21:00,    0.0,Z
22/06/2026,22:00,    0.0,Z
22/06/2026,23:00,    0.0,Z
23/06/2026,00:00,    0.0,Z
23/06/2026,01:00,    0.0,Z
23/06/2026,02:00,    0.0,Z
23/06/2026,03:00,    0.0,Z
23/06/2026,04:00,    0.0,Z
23/06/2026,05:00,    0.0,Z
23/06/2026,06:00,    0.0,Z
23/06/2026,07:00,    0.0,Z
23/06/2026,08:00,    0.0,Z
23/06/2026,09:00,    0.0,Z
23/06/2026,10:00,    0.0,Z
23/06/2026,11:00,    0.0,Z
23/06/2026,12:00,    0.0,Z
23/06/2026,13:00,    0.0,Z
23/06/2026,14:00,    0.0,Z
23/06/2026,15:00,    0.0,Z
23/06/2026,16:00,    0.0,Z
23/06/2026,17:00,    0.0,Z
23/06/2026,18:00,    0.0,Z
23/06/2026,19:00,    0.0,Z
23/06/2026,20:00,    0.0,Z
23/06/2026,21:00,    0.0,Z
23/06/2026,22:00,    0.0,Z
23/06/2026,23:00,    0.0,Z
24/06/2026,00:00,    0.0,Z
24/06/2026,01:00,    0.0,Z
24/06/2026,02:00,    0.0,Z
24/06/2026,03:00,    0.0,Z
24/06/2026,04:00,    0.0,Z
24/06/2026,05:00,    0.0,Z
24/06/2026,06:00,    0.0,Z
24/06/2026,07:00,    0.0,Z
24/06/2026,08:00,    0.0,Z
24/06/2026,09:00,    0.0,Z
24/06/2026,10:00,    0.0,Z
24/06/2026,11:00,    0.4,Z
24/06/2026,12:00,    3.0,Z
24/06/2026,13:00,    0.2,Z
24/06/2026,14:00,    0.0,Z
24/06/2026,15:00,    0.0,Z
24/06/2026,16:00,    0.0,Z
24/06/2026,17:00,    0.0,Z
24/06/2026,18:00,    0.0,Z
24/06/2026,19:00,    0.0,Z
24/06/2026,20:00,    0.0,Z
24/06/2026,21:00,    0.0,Z
24/06/2026,22:00,    0.0,Z
24/06/2026,23:00,    0.0,Z
25/06/2026,00:00,    0.0,Z
25/06/2026,01:00,    0.0,Z
25/06/2026,02:00,    0.0,Z
25/06/2026,03:00,    0.0,Z
25/06/2026,04:00,    0.0,Z
25/06/2026,05:00,    0.0,Z
25/06/2026,06:00,    0.0,Z
25/06/2026,07:00,    0.0,Z
25/06/2026,08:00,    0.0,Z
25/06/2026,09:00,    0.0,Z
25/06/2026,10:00,    0.0,Z
25/06/2026,11:00,    0.0,Z
25/06/2026,12:00,    0.0,Z
25/06/2026,13:00,    0.0,Z
25/06/2026,14:00,    0.0,Z
25/06/2026,15:00,    1.8,Z
25/06/2026,16:00,    0.0,Z
25/06/2026,17:00,    0.0,Z
25/06/2026,18:00,    0.0,Z
25/06/2026,19:00,    0.0,Z
25/06/2026,20:00,    0.0,Z
25/06/2026,21:00,    0.0,Z
25/06/2026,22:00,    0.0,Z
25/06/2026,23:00,    0.0,Z
26/06/2026,00:00,    0.0,Z
26/06/2026,01:00,    0.0,Z
26/06/2026,02:00,    0.0,Z
26/06/2026,03:00,    0.0,Z
26/06/2026,04:00,    0.0,Z
26/06/2026,05:00,    0.0,Z
26/06/2026,06:00,    0.0,Z
26/06/2026,07:00,    0.0,Z
26/06/2026,08:00,    0.0,Z
26/06/2026,09:00,    0.0,Z
26/06/2026,10:00,    0.0,Z
26/06/2026,11:00,    0.0,Z
26/06/2026,12:00,    0.0,Z
26/06/2026,13:00,    0.0,Z
26/06/2026,14:00,    0.0,Z
26/06/2026,15:00,    6.3,Z
26/06/2026,16:00,    9.0,Z
26/06/2026,17:00,    0.0,Z
26/06/2026,18:00,    0.0,Z
26/06/2026,19:00,    0.0,Z
26/06/2026,20:00,    0.0,Z
26/06/2026,21:00,    0.0,Z
26/06/2026,22:00,    0.0,Z
26/06/2026,23:00,    0.0,Z
27/06/2026,00:00,    0.0,Z
27/06/2026,01:00,    0.0,Z
27/06/2026,02:00,    0.2,Z
27/06/2026,03:00,    0.0,Z
27/06/2026,04:00,    0.0,Z
27/06/2026,05:00,    0.0,Z
27/06/2026,06:00,    0.0,Z
27/06/2026,07:00,    0.0,Z
27/06/2026,08:00,    0.0,Z
27/06/2026,09:00,    0.0,Z
27/06/2026,10:00,    0.0,Z
27/06/2026,11:00,    0.0,Z
27/06/2026,12:00,    0.0,Z
27/06/2026,13:00,    0.0,Z
27/06/2026,14:00,    0.0,Z
27/06/2026,15:00,    0.0,Z
27/06/2026,16:00,    0.0,Z
27/06/2026,17:00,    0.0,Z
27/06/2026,18:00,    0.0,Z
27/06/2026,19:00,    0.0,Z
27/06/2026,20:00,    0.0,Z
27/06/2026,21:00,    0.0,Z
27/06/2026,22:00,    0.0,Z
27/06/2026,23:00,    0.0,Z
28/06/2026,00:00,    0.0,Z
28/06/2026,01:00,    0.0,Z
28/06/2026,02:00,    0.0,Z
28/06/2026,03:00,    0.0,Z
28/06/2026,04:00,    0.0,Z
28/06/2026,05:00,    0.0,Z
28/06/2026,06:00,    0.0,Z
28/06/2026,07:00,    0.0,Z
28/06/2026,08:00,    0.0,Z
28/06/2026,09:00,    0.0,Z
28/06/2026,10:00,    0.0,Z
28/06/2026,11:00,    0.0,Z
28/06/2026,12:00,    0.0,Z
28/06/2026,13:00,    0.0,Z
28/06/2026,14:00,    0.0,Z
28/06/2026,15:00,    0.0,Z
28/06/2026,16:00,    0.0,Z
28/06/2026,17:00,    0.0,Z
28/06/2026,18:00,    0.0,Z
28/06/2026,19:00,    0.0,Z
28/06/2026,20:00,    0.0,Z
28/06/2026,21:00,    9.4,Z
28/06/2026,22:00,    0.0,Z
28/06/2026,23:00,    0.0,Z
29/06/2026,00:00,    0.0,Z
29/06/2026,01:00,    0.0,Z
29/06/2026,02:00,    0.0,Z
29/06/2026,03:00,    0.0,Z
29/06/2026,04:00,    0.0,Z
29/06/2026,05:00,    0.0,Z
29/06/2026,06:00,    0.0,Z
29/06/2026,07:00,    0.2,Z
29/06/2026,08:00,    0.0,Z
29/06/2026,09:00,    0.0,Z
29/06/2026,10:00,    0.0,Z
29/06/2026,11:00,    0.0,Z
29/06/2026,12:00,    0.0,Z
29/06/2026,13:00,    0.0,Z
29/06/2026,14:00,    0.4,Z
29/06/2026,15:00,    1.4,Z
29/06/2026,16:00,    0.4,Z
29/06/2026,17:00,    0.0,Z
29/06/2026,18:00,    0.0,Z
29/06/2026,19:00,    0.0,Z
29/06/2026,20:00,    0.0,Z
29/06/2026,21:00,    0.0,Z
29/06/2026,22:00,    0.0,Z
29/06/2026,23:00,    0.0,Z
30/06/2026,00:00,    0.0,Z
30/06/2026,01:00,    0.0,Z
30/06/2026,02:00,    0.0,Z
30/06/2026,03:00,    0.0,Z
30/06/2026,04:00,    0.0,Z
30/06/2026,05:00,    0.0,Z
30/06/2026,06:00,    0.0,Z
30/06/2026,07:00,    0.0,Z
30/06/2026,08:00,    0.0,Z
30/06/2026,09:00,    0.0,Z
30/06/2026,10:00,    0.0,Z
30/06/2026,11:00,    0.0,Z
30/06/2026,12:00,    0.2,Z
30/06/2026,13:00,    1.6,Z
30/06/2026,14:00,   10.7,Z
30/06/2026,15:00,    0.2,Z
30/06/2026,16:00,    0.2,Z
30/06/2026,17:00,    0.0,Z
30/06/2026,18:00,    0.0,Z
30/06/2026,19:00,    0.0,Z
30/06/2026,20:00,    0.0,Z
30/06/2026,21:00,    0.0,Z
30/06/2026,22:00,    0.0,Z
30/06/2026,23:00,    0.0,Z
01/07/2026,00:00,    0.0,Z
01/07/2026,01:00,    0.0,Z
01/07/2026,02:00,    0.0,Z
01/07/2026,03:00,    0.0,Z
01/07/2026,04:00,    0.0,Z
01/07/2026,05:00,    0.0,Z
01/07/2026,06:00,    0.0,Z
01/07/2026,07:00,    0.0,Z
01/07/2026,08:00,    0.0,Z
01/07/2026,09:00,    0.0,Z
01/07/2026,10:00,    0.0,Z
01/07/2026,11:00,    0.0,Z
01/07/2026,12:00,    0.4,Z
01/07/2026,13:00,    0.0,Z
01/07/2026,14:00,    0.0,Z
01/07/2026,15:00,    0.0,Z
01/07/2026,16:00,    1.6,Z
01/07/2026,17:00,    0.2,Z
01/07/2026,18:00,    0.0,Z
01/07/2026,19:00,    0.0,Z
01/07/2026,20:00,    0.0,Z
01/07/2026,21:00,    0.0,Z
01/07/2026,22:00,    0.0,Z
01/07/2026,23:00,    0.0,Z
02/07/2026,00:00,    0.0,Z
02/07/2026,01:00,    0.0,Z
02/07/2026,02:00,    0.0,Z
02/07/2026,03:00,    0.0,Z
02/07/2026,04:00,    0.0,Z
02/07/2026,05:00,    0.0,Z
02/07/2026,06:00,    0.0,Z
02/07/2026,07:00,    0.0,Z
02/07/2026,08:00,    0.0,Z
02/07/2026,09:00,    0.0,Z
02/07/2026,10:00,    0.0,Z
02/07/2026,11:00,    0.0,Z
02/07/2026,12:00,    0.0,Z
02/07/2026,13:00,    0.0,Z
02/07/2026,14:00,    0.0,Z
02/07/2026,15:00,    0.0,Z
02/07/2026,16:00,    0.0,Z
02/07/2026,17:00,    0.0,Z
02/07/2026,18:00,    0.0,Z
02/07/2026,19:00,    0.0,Z
02/07/2026,20:00,    0.0,Z
02/07/2026,21:00,    0.0,Z
02/07/2026,22:00,    0.0,Z
02/07/2026,23:00,    0.0,Z
03/07/2026,00:00,    0.0,Z
03/07/2026,01:00,    0.0,Z
03/07/2026,02:00,    0.0,Z
03/07/2026,03:00,    0.0,Z
03/07/2026,04:00,    0.0,Z
03/07/2026,05:00,    0.0,Z
03/07/2026,06:00,    0.0,Z
03/07/2026,07:00,    0.0,Z
03/07/2026,08:00,    0.0,Z
03/07/2026,09:00,    0.0,Z
03/07/2026,10:00,    0.0,Z
03/07/2026,11:00,    0.0,Z
03/07/2026,12:00,    0.0,Z
03/07/2026,13:00,    0.0,Z
03/07/2026,14:00,    0.0,Z
03/07/2026,15:00,    0.0,Z
03/07/2026,16:00,    0.0,Z
03/07/2026,17:00,    0.0,Z
03/07/2026,18:00,    0.0,Z
03/07/2026,19:00,    0.0,Z
03/07/2026,20:00,    0.0,Z
03/07/2026,21:00,    0.0,Z
03/07/2026,22:00,    0.0,Z
03/07/2026,23:00,    0.0,Z
04/07/2026,00:00,    0.0,Z
04/07/2026,01:00,    0.0,Z
04/07/2026,02:00,    0.0,Z
04/07/2026,03:00,    0.0,Z
04/07/2026,04:00,    0.0,Z
04/07/2026,05:00,    0.0,Z
04/07/2026,06:00,    0.0,Z
04/07/2026,07:00,    0.0,Z
04/07/2026,08:00,    0.0,Z
04/07/2026,09:00,    0.0,Z
04/07/2026,10:00,    0.0,Z
04/07/2026,11:00,    0.0,Z
04/07/2026,12:00,    0.0,Z
04/07/2026,13:00,    0.0,Z
04/07/2026,14:00,    0.0,Z
04/07/2026,15:00,    0.0,Z
04/07/2026,16:00,    0.0,Z
04/07/2026,17:00,    0.0,Z
04/07/2026,18:00,    0.0,Z
04/07/2026,19:00,    0.0,Z
04/07/2026,20:00,    0.0,Z
04/07/2026,21:00,    0.0,Z
04/07/2026,22:00,    0.0,Z
04/07/2026,23:00,    0.0,Z
05/07/2026,00:00,    0.0,Z
05/07/2026,01:00,    0.0,Z
05/07/2026,02:00,    0.0,Z
05/07/2026,03:00,    0.0,Z
05/07/2026,04:00,    0.0,Z
05/07/2026,05:00,    0.0,Z
05/07/2026,06:00,    0.0,Z
05/07/2026,07:00,    0.0,Z
05/07/2026,08:00,    0.0,Z
05/07/2026,09:00,    0.0,Z
05/07/2026,10:00,    0.0,Z
05/07/2026,11:00,    0.0,Z
05/07/2026,12:00,    0.0,Z
05/07/2026,13:00,    0.0,Z
05/07/2026,14:00,    0.0,Z
05/07/2026,15:00,    0.0,Z
05/07/2026,16:00,    0.2,Z
05/07/2026,17:00,    0.0,Z
05/07/2026,18:00,    0.0,Z
05/07/2026,19:00,    0.2,Z
05/07/2026,20:00,    0.0,Z
05/07/2026,21:00,    0.0,Z
05/07/2026,22:00,    0.0,Z
05/07/2026,23:00,    0.0,Z
06/07/2026,00:00,    0.0,Z
06/07/2026,01:00,    0.0,Z
06/07/2026,02:00,    0.0,Z
06/07/2026,03:00,    0.0,Z
06/07/2026,04:00,    0.0,Z
06/07/2026,05:00,    0.0,Z
06/07/2026,06:00,    0.0,Z
06/07/2026,07:00,    0.0,Z
06/07/2026,08:00,    0.0,Z
06/07/2026,09:00,    0.0,Z
06/07/2026,10:00,    0.0,Z
06/07/2026,11:00,    0.0,Z
06/07/2026,12:00,    0.0,Z
06/07/2026,13:00,    0.0,Z
06/07/2026,14:00,    0.0,Z
06/07/2026,15:00,    0.0,Z
06/07/2026,16:00,    0.0,Z
06/07/2026,17:00,    0.0,Z
06/07/2026,18:00,    0.0,Z
06/07/2026,19:00,    0.0,Z
06/07/2026,20:00,    0.0,Z
06/07/2026,21:00,    0.0,Z
06/07/2026,22:00,    0.0,Z
06/07/2026,23:00,    0.0,Z
07/07/2026,00:00,    0.0,Z
07/07/2026,01:00,    0.0,Z
07/07/2026,02:00,    0.0,Z
07/07/2026,03:00,    0.0,Z
07/07/2026,04:00,    0.0,Z
07/07/2026,05:00,    0.0,Z
07/07/2026,06:00,    0.0,Z
07/07/2026,07:00,    0.0,Z
07/07/2026,08:00,    0.0,Z
07/07/2026,09:00,    0.0,Z
07/07/2026,10:00,    0.0,Z
07/07/2026,11:00,    0.0,Z
07/07/2026,12:00,    0.0,Z
07/07/2026,13:00,    0.0,Z
07/07/2026,14:00,    0.0,Z
07/07/2026,15:00,    0.0,Z
07/07/2026,16:00,    0.0,Z
07/07/2026,17:00,    0.0,Z
07/07/2026,18:00,    0.0,Z
07/07/2026,19:00,    0.0,Z
07/07/2026,20:00,    0.0,Z
07/07/2026,21:00,    0.0,Z
07/07/2026,22:00,    0.0,Z
07/07/2026,23:00,    0.0,Z
08/07/2026,00:00,    0.0,Z
08/07/2026,01:00,    0.0,Z
08/07/2026,02:00,    0.0,Z
08/07/2026,03:00,    0.0,Z
08/07/2026,04:00,    0.0,Z
08/07/2026,05:00,    0.0,Z
08/07/2026,06:00,    0.0,Z
08/07/2026,07:00,    0.0,Z
08/07/2026,08:00,    0.0,Z
08/07/2026,09:00,    0.0,Z
08/07/2026,10:00,    0.0,Z
08/07/2026,11:00,    0.0,Z
08/07/2026,12:00,    0.0,Z
08/07/2026,13:00,    0.0,Z
08/07/2026,14:00,    0.0,Z
08/07/2026,15:00,    0.0,Z
08/07/2026,16:00,    0.0,Z
08/07/2026,17:00,    0.0,Z
08/07/2026,18:00,    0.0,Z
08/07/2026,19:00,    0.0,Z
08/07/2026,20:00,    0.0,Z
08/07/2026,21:00,    0.0,Z
08/07/2026,22:00,    0.0,Z
08/07/2026,23:00,    0.0,Z
09/07/2026,00:00,    0.0,Z
09/07/2026,01:00,    0.0,Z
09/07/2026,02:00,    0.0,Z
09/07/2026,03:00,    0.0,Z
09/07/2026,04:00,    0.0,Z
09/07/2026,05:00,    0.0,Z
09/07/2026,06:00,    0.0,Z
09/07/2026,07:00,    0.0,Z
09/07/2026,08:00,    0.0,Z
09/07/2026,09:00,    0.0,Z
09/07/2026,10:00,    0.0,Z
09/07/2026,11:00,    0.0,Z
09/07/2026,12:00,    0.0,Z
09/07/2026,13:00,    0.0,Z
09/07/2026,14:00,    0.0,Z
09/07/2026,15:00,    0.0,Z
09/07/2026,16:00,    0.0,Z
09/07/2026,17:00,    0.0,Z
09/07/2026,18:00,    0.0,Z
09/07/2026,19:00,    0.0,Z
09/07/2026,20:00,    0.0,Z
09/07/2026,21:00,    0.0,Z
09/07/2026,22:00,    0.0,Z
09/07/2026,23:00,    0.0,Z
10/07/2026,00:00,    0.0,Z
10/07/2026,01:00,    0.0,Z
10/07/2026,02:00,    0.0,Z
10/07/2026,03:00,    0.0,Z
10/07/2026,04:00,    0.0,Z
10/07/2026,05:00,    0.0,Z
10/07/2026,06:00,    0.0,Z
10/07/2026,07:00,    0.0,Z
10/07/2026,08:00,    0.0,Z
10/07/2026,09:00,    0.0,Z
10/07/2026,10:00,    0.0,Z
10/07/2026,11:00,    0.0,Z
10/07/2026,12:00,    0.0,Z
10/07/2026,13:00,    0.0,Z
10/07/2026,14:00,    0.0,Z
10/07/2026,15:00,    3.4,Z
10/07/2026,16:00,    1.0,Z
10/07/2026,17:00,    0.6,Z
10/07/2026,18:00,    0.0,Z
10/07/2026,19:00,    0.0,Z
10/07/2026,20:00,    0.0,Z
10/07/2026,21:00,    0.0,Z
10/07/2026,22:00,    0.0,Z
10/07/2026,23:00,    0.0,Z
11/07/2026,00:00,    0.0,Z
11/07/2026,01:00,    0.0,Z
11/07/2026,02:00,    0.0,Z
11/07/2026,03:00,    0.0,Z
11/07/2026,04:00,    0.0,Z
11/07/2026,05:00,    0.0,Z
11/07/2026,06:00,    0.0,Z
11/07/2026,07:00,    0.0,Z
11/07/2026,08:00,    0.0,Z
11/07/2026,09:00,    0.0,Z
11/07/2026,10:00,    0.0,Z
11/07/2026,11:00,    0.0,Z
11/07/2026,12:00,    0.0,Z
11/07/2026,13:00,    0.0,Z
11/07/2026,14:00,    2.0,Z
11/07/2026,15:00,    2.4,Z
11/07/2026,16:00,    0.2,Z
11/07/2026,17:00,    0.0,Z
11/07/2026,18:00,    0.0,Z
11/07/2026,19:00,    0.0,Z
11/07/2026,20:00,    0.0,Z
11/07/2026,21:00,    0.0,Z
11/07/2026,22:00,    0.0,Z
11/07/2026,23:00,    0.0,Z
12/07/2026,00:00,    0.0,Z
12/07/2026,01:00,    0.0,Z
12/07/2026,02:00,    0.0,Z
12/07/2026,03:00,    0.0,Z
12/07/2026,04:00,    0.0,Z
12/07/2026,05:00,    0.0,Z
12/07/2026,06:00,    0.0,Z
12/07/2026,07:00,    0.0,Z
12/07/2026,08:00,    0.0,Z
12/07/2026,09:00,    0.0,Z
12/07/2026,10:00,    0.0,Z
12/07/2026,11:00,    0.0,Z
12/07/2026,12:00,    0.0,Z
12/07/2026,13:00,    0.0,Z
12/07/2026,14:00,    0.0,Z
12/07/2026,15:00,    0.0,Z
12/07/2026,16:00,    0.0,Z
12/07/2026,17:00,    0.0,Z
12/07/2026,18:00,    0.0,Z
12/07/2026,19:00,    0.0,Z
12/07/2026,20:00,    0.0,Z
12/07/2026,21:00,    0.0,Z
12/07/2026,22:00,    0.0,Z
12/07/2026,23:00,    0.0,Z
13/07/2026,00:00,    0.0,Z
13/07/2026,01:00,    0.0,Z
13/07/2026,02:00,    0.0,Z
13/07/2026,03:00,    0.0,Z
13/07/2026,04:00,    0.0,Z
13/07/2026,05:00,    0.0,Z
13/07/2026,06:00,    0.0,Z
13/07/2026,07:00,    0.0,Z
13/07/2026,08:00,    0.0,Z
13/07/2026,09:00,    0.0,Z
13/07/2026,10:00,    0.0,Z
13/07/2026,11:00,    0.0,Z
13/07/2026,12:00,    0.0,Z
13/07/2026,13:00,    0.0,Z
13/07/2026,14:00,    0.0,Z
13/07/2026,15:00,    0.0,Z
13/07/2026,16:00,    0.0,Z
13/07/2026,17:00,    0.0,Z
13/07/2026,18:00,    0.0,Z
13/07/2026,19:00,    0.0,Z
13/07/2026,20:00,    0.0,Z
13/07/2026,21:00,    0.0,Z
13/07/2026,22:00,    0.0,Z
13/07/2026,23:00,    0.0,Z
14/07/2026,00:00,    0.0,Z
14/07/2026,01:00,    0.0,Z
14/07/2026,02:00,    0.0,Z
14/07/2026,03:00,    0.0,Z
14/07/2026,04:00,    0.0,Z
14/07/2026,05:00,    0.0,Z
14/07/2026,06:00,    0.0,Z
14/07/2026,07:00,    0.0,Z
14/07/2026,08:00,    0.0,Z
14/07/2026,09:00,    0.0,Z
14/07/2026,10:00,    0.0,Z
14/07/2026,11:00,    0.0,Z
14/07/2026,12:00,    0.0,Z
14/07/2026,13:00,    0.0,Z
14/07/2026,14:00,    0.0,Z
14/07/2026,15:00,    0.0,Z
14/07/2026,16:00,    0.0,Z
14/07/2026,17:00,    0.0,Z
14/07/2026,18:00,    0.0,Z
14/07/2026,19:00,    0.0,Z
14/07/2026,20:00,    0.0,Z
14/07/2026,21:00,    0.0,Z
14/07/2026,22:00,    0.0,Z
14/07/2026,23:00,    0.0,Z
15/07/2026,00:00,    0.0,Z
15/07/2026,01:00,    0.0,Z
15/07/2026,02:00,    0.0,Z
15/07/2026,03:00,    0.0,Z
15/07/2026,04:00,    0.0,Z
15/07/2026,05:00,    0.0,Z
15/07/2026,06:00,    0.0,Z
15/07/2026,07:00,    0.0,Z
15/07/2026,08:00,    0.0,Z
15/07/2026,09:00,    0.0,Z
15/07/2026,10:00,    0.0,Z
15/07/2026,11:00,    0.0,Z
15/07/2026,12:00,    0.0,Z
15/07/2026,13:00,    0.0,Z
15/07/2026,14:00,    0.0,Z
15/07/2026,15:00,    0.0,Z
15/07/2026,16:00,    0.0,Z
15/07/2026,17:00,    0.0,Z
15/07/2026,18:00,    0.2,Z
15/07/2026,19:00,    0.0,Z
15/07/2026,20:00,    0.0,Z
15/07/2026,21:00,    0.0,Z
15/07/2026,22:00,    0.0,Z
15/07/2026,23:00,    0.0,Z
16/07/2026,00:00,    0.0,Z
16/07/2026,01:00,    0.0,Z
16/07/2026,02:00,    0.0,Z
16/07/2026,03:00,    0.0,Z
16/07/2026,04:00,    0.0,Z
16/07/2026,05:00,    0.0,Z
16/07/2026,06:00,    0.0,Z
16/07/2026,07:00,    0.0,Z
16/07/2026,08:00,    0.0,Z
16/07/2026,09:00,    0.0,Z
16/07/2026,10:00,    0.0,Z
16/07/2026,11:00,    0.0,Z
16/07/2026,12:00,    0.0,Z
16/07/2026,13:00,    0.0,Z
16/07/2026,14:00,    0.0,Z
16/07/2026,15:00,    0.0,Z
16/07/2026,16:00,    0.0,Z
16/07/2026,17:00,    0.0,Z
16/07/2026,18:00,    0.0,Z
16/07/2026,19:00,    0.0,Z
16/07/2026,20:00,    0.0,Z
16/07/2026,21:00,    0.0,Z
16/07/2026,22:00,    0.0,Z
16/07/2026,23:00,    0.0,Z
17/07/2026,00:00,    0.0,Z
17/07/2026,01:00,    0.0,Z
17/07/2026,02:00,    0.0,Z
17/07/2026,03:00,    0.0,Z
17/07/2026,04:00,    0.0,Z
17/07/2026,05:00,    0.0,Z
17/07/2026,06:00,    0.0,Z
17/07/2026,07:00,    0.0,Z
17/07/2026,08:00,    0.0,Z
17/07/2026,09:00,    0.0,Z
17/07/2026,10:00,    0.0,Z
17/07/2026,11:00,    0.0,Z
17/07/2026,12:00,    0.0,Z
17/07/2026,13:00,    0.0,Z
17/07/2026,14:00,    0.0,Z
17/07/2026,15:00,    0.0,Z
17/07/2026,16:00,    0.0,Z
17/07/2026,17:00,    0.0,Z
17/07/2026,18:00,    0.0,Z
17/07/2026,19:00,    0.0,Z
17/07/2026,20:00,    0.0,Z
17/07/2026,21:00,    0.0,Z
17/07/2026,22:00,    0.0,Z
17/07/2026,23:00,    0.0,Z
18/07/2026,00:00,    0.0,Z
18/07/2026,01:00,    0.0,Z
18/07/2026,02:00,    0.0,Z
18/07/2026,03:00,    0.0,Z
18/07/2026,04:00,    0.0,Z
18/07/2026,05:00,    0.0,Z
18/07/2026,06:00,    0.0,Z
18/07/2026,07:00,    0.0,Z
18/07/2026,08:00,    0.0,Z
18/07/2026,09:00,    0.0,Z
18/07/2026,10:00,    0.0,Z
18/07/2026,11:00,    0.0,Z
18/07/2026,12:00,    0.0,Z
18/07/2026,13:00,    0.0,Z
18/07/2026,14:00,    0.0,Z
18/07/2026,15:00,    0.0,Z
18/07/2026,16:00,    0.0,Z
18/07/2026,17:00,    0.0,Z
18/07/2026,18:00,    0.0,Z
18/07/2026,19:00,    0.0,Z
18/07/2026,20:00,    0.0,Z
18/07/2026,21:00,    0.0,Z
18/07/2026,22:00,    0.0,Z
18/07/2026,23:00,    0.0,Z
19/07/2026,00:00,    0.0,Z
19/07/2026,01:00,    0.0,Z
19/07/2026,02:00,    0.0,Z
19/07/2026,03:00,    0.0,Z
19/07/2026,04:00,    0.0,Z
19/07/2026,05:00,    0.0,Z
19/07/2026,06:00,    0.0,Z
19/07/2026,07:00,    0.0,Z
19/07/2026,08:00,    0.0,Z
19/07/2026,09:00,    0.0,Z
19/07/2026,10:00,    0.0,Z
19/07/2026,11:00,    0.0,Z
19/07/2026,12:00,    0.0,Z
19/07/2026,13:00,    0.0,Z
19/07/2026,14:00,    0.0,Z
19/07/2026,15:00,    0.0,Z
19/07/2026,16:00,    0.0,Z
19/07/2026,17:00,    0.0,Z
19/07/2026,18:00,    0.0,Z
19/07/2026,19:00,    0.0,Z
19/07/2026,20:00,    0.0,Z
19/07/2026,21:00,    0.0,Z
19/07/2026,22:00,    0.0,Z
19/07/2026,23:00,    0.0,Z
20/07/2026,00:00,    0.0,Z
20/07/2026,01:00,    0.0,Z
20/07/2026,02:00,    0.0,Z
20/07/2026,03:00,    0.0,Z
20/07/2026,04:00,    0.0,Z
20/07/2026,05:00,    0.0,Z
20/07/2026,06:00,    0.0,Z
20/07/2026,07:00,    0.0,Z
20/07/2026,08:00,    0.0,Z
20/07/2026,09:00,    0.0,Z
20/07/2026,10:00,    0.0,Z
20/07/2026,11:00,    0.0,Z
20/07/2026,12:00,    0.0,Z
20/07/2026,13:00,    0.0,Z
20/07/2026,14:00,    0.0,Z
20/07/2026,15:00,    0.0,Z
20/07/2026,16:00,    0.0,Z
20/07/2026,17:00,    0.0,Z
20/07/2026,18:00,    0.0,Z
20/07/2026,19:00,    0.0,Z
20/07/2026,20:00,    0.0,Z
20/07/2026,21:00,    0.0,Z
20/07/2026,22:00,    0.0,Z
20/07/2026,23:00,    0.0,Z
21/07/2026,00:00,    0.2,Z
21/07/2026,01:00,    1.0,Z
21/07/2026,02:00,    0.2,Z
21/07/2026,03:00,    0.0,Z
21/07/2026,04:00,    0.0,Z
21/07/2026,05:00,    0.4,Z
21/07/2026,06:00,    0.4,Z
21/07/2026,07:00,    0.0,Z
21/07/2026,08:00,    0.0,Z
21/07/2026,09:00,    0.0,Z
21/07/2026,10:00,    0.2,Z
21/07/2026,11:00,    0.0,Z
21/07/2026,12:00,    0.0,Z
21/07/2026,13:00,    0.0,Z
21/07/2026,14:00,    0.0,Z
21/07/2026,15:00,    0.0,Z
21/07/2026,16:00,    0.0,Z
21/07/2026,17:00,    0.0,Z
21/07/2026,18:00,    0.0,Z
21/07/2026,19:00,    0.0,Z
21/07/2026,20:00,    0.0,Z
21/07/2026,21:00,    0.0,Z
21/07/2026,22:00,    0.0,Z
21/07/2026,23:00,    0.0,Z
22/07/2026,00:00,    0.0,Z
22/07/2026,01:00,    0.0,Z
22/07/2026,02:00,    0.0,Z
22/07/2026,03:00,    0.0,Z
22/07/2026,04:00,    0.0,Z
22/07/2026,05:00,    0.0,Z
22/07/2026,06:00,    0.0,Z
22/07/2026,07:00,    0.0,Z
22/07/2026,08:00,    0.0,Z
22/07/2026,09:00,    0.0,Z
22/07/2026,10:00,    0.0,Z
22/07/2026,11:00,    0.0,Z
22/07/2026,12:00,    0.0,Z
22/07/2026,13:00,    0.0,Z
22/07/2026,14:00,    0.0,Z
22/07/2026,15:00,    0.0,Z
22/07/2026,16:00,    0.0,Z
22/07/2026,17:00,    0.0,Z
22/07/2026,18:00,    0.0,Z
22/07/2026,19:00,    0.0,Z
22/07/2026,20:00,    0.0,Z
22/07/2026,21:00,    0.0,Z
22/07/2026,22:00,    0.0,Z
22/07/2026,23:00,    0.0,Z
23/07/2026,00:00,    0.0,Z
23/07/2026,01:00,    0.0,Z
23/07/2026,02:00,    0.0,Z
23/07/2026,03:00,    0.0,Z
23/07/2026,04:00,    0.0,Z
23/07/2026,05:00,    0.0,Z
23/07/2026,06:00,    0.0,Z
23/07/2026,07:00,    0.0,Z
23/07/2026,08:00,    0.0,Z
23/07/2026,09:00,    0.0,Z
23/07/2026,10:00,    0.0,Z
23/07/2026,11:00,    0.0,Z
23/07/2026,12:00,    0.0,Z
23/07/2026,13:00,    0.0,Z
23/07/2026,14:00,    0.0,Z
23/07/2026,15:00,    0.0,Z
23/07/2026,16:00,    0.0,Z
23/07/2026,17:00,    0.0,Z
23/07/2026,18:00,    0.0,Z
23/07/2026,19:00,    0.0,Z
23/07/2026,20:00,    0.0,Z
23/07/2026,21:00,    0.0,Z
23/07/2026,22:00,    0.0,Z
23/07/2026,23:00,    0.0,Z
24/07/2026,00:00,    0.0,Z
24/07/2026,01:00,    0.0,Z
24/07/2026,02:00,    0.0,Z
24/07/2026,03:00,    0.0,Z
24/07/2026,04:00,    0.0,Z
24/07/2026,05:00,    0.0,Z
24/07/2026,06:00,    0.0,Z
24/07/2026,07:00,    0.0,Z
24/07/2026,08:00,    0.0,Z
24/07/2026,09:00,    0.0,Z
24/07/2026,10:00,    0.0,Z
24/07/2026,11:00,    0.0,Z
24/07/2026,12:00,    0.0,Z
24/07/2026,13:00,    0.0,Z
24/07/2026,14:00,    0.0,Z
24/07/2026,15:00,    0.0,Z
24/07/2026,16:00,    0.0,Z
24/07/2026,17:00,    0.0,Z
24/07/2026,18:00,    0.0,Z
24/07/2026,19:00,    0.0,Z
24/07/2026,20:00,    0.0,Z
24/07/2026,21:00,    0.0,Z
24/07/2026,22:00,    0.0,Z
24/07/2026,23:00,    0.0,Z
25/07/2026,00:00,    0.0,Z
25/07/2026,01:00,    0.0,Z
25/07/2026,02:00,    0.0,Z
25/07/2026,03:00,    0.0,Z
25/07/2026,04:00,    0.0,Z
25/07/2026,05:00,    0.0,Z
25/07/2026,06:00,    0.0,Z
25/07/2026,07:00,    0.0,Z
25/07/2026,08:00,    0.0,Z
25/07/2026,09:00,    0.0,Z
25/07/2026,10:00,    0.0,Z
25/07/2026,11:00,    0.0,Z
25/07/2026,12:00,    0.0,Z
25/07/2026,13:00,    0.0,Z
25/07/2026,14:00,    0.0,Z
25/07/2026,15:00,    0.0,Z
25/07/2026,16:00,    0.0,Z
25/07/2026,17:00,    0.0,Z
25/07/2026,18:00,    0.0,Z
25/07/2026,19:00,    0.0,Z
25/07/2026,20:00,    1.6,Z
25/07/2026,21:00,    0.0,Z
25/07/2026,22:00,    0.0,Z
25/07/2026,23:00,    0.0,Z
26/07/2026,00:00,    0.0,Z
26/07/2026,01:00,    0.2,Z
26/07/2026,02:00,    0.0,Z
26/07/2026,03:00,    0.0,Z
26/07/2026,04:00,    0.0,Z
26/07/2026,05:00,    0.0,Z
26/07/2026,06:00,    0.0,Z
26/07/2026,07:00,    0.0,Z
26/07/2026,08:00,    0.0,Z
26/07/2026,09:00,    0.0,Z
26/07/2026,10:00,    0.0,Z
26/07/2026,11:00,    0.0,Z
26/07/2026,12:00,    0.0,Z
26/07/2026,13:00,    2.2,Z
26/07/2026,14:00,    0.0,Z
26/07/2026,15:00,    0.0,Z
26/07/2026,16:00,    0.0,Z
26/07/2026,17:00,    0.0,Z
26/07/2026,18:00,    0.0,Z
26/07/2026,19:00,    0.0,Z
26/07/2026,20:00,    0.0,Z
26/07/2026,21:00,    0.0,Z
26/07/2026,22:00,    0.0,Z
26/07/2026,23:00,    0.0,Z
27/07/2026,00:00,    0.0,Z
27/07/2026,01:00,    0.0,Z
27/07/2026,02:00,    0.0,Z
27/07/2026,03:00,    0.0,Z
27/07/2026,04:00,    0.0,Z
27/07/2026,05:00,    0.0,Z
27/07/2026,06:00,    0.0,Z
27/07/2026,07:00,    0.0,Z
27/07/2026,08:00,    0.0,Z
27/07/2026,09:00,    0.0,Z
27/07/2026,10:00,    0.0,Z
27/07/2026,11:00,    0.0,Z
27/07/2026,12:00,    0.0,Z
27/07/2026,13:00,    0.0,Z
27/07/2026,14:00,    0.0,Z
27/07/2026,15:00,    0.0,Z
27/07/2026,16:00,    0.0,Z
27/07/2026,17:00,    0.0,Z
27/07/2026,18:00,    0.0,Z
27/07/2026,19:00,    0.0,Z
27/07/2026,20:00,    0.0,Z
27/07/2026,21:00,    0.0,Z
27/07/2026,22:00,    0.0,Z
27/07/2026,23:00,    0.0,Z
28/07/2026,00:00,    0.0,Z
28/07/2026,01:00,    0.0,Z
28/07/2026,02:00,    0.0,Z
28/07/2026,03:00,    0.0,Z
28/07/2026,04:00,    0.0,Z
28/07/2026,05:00,    0.0,Z
28/07/2026,06:00,    0.0,Z
28/07/2026,07:00,    0.0,Z
28/07/2026,08:00,    0.0,Z
28/07/2026,09:00,    0.0,Z
28/07/2026,10:00,    0.0,Z
28/07/2026,11:00,    0.0,Z
28/07/2026,12:00,    0.0,Z
28/07/2026,13:00,    0.0,Z
28/07/2026,14:00,    0.0,Z
28/07/2026,15:00,    0.0,Z
28/07/2026,16:00,    0.0,Z
28/07/2026,17:00,    0.0,Z
28/07/2026,18:00,    0.0,Z
28/07/2026,19:00,    0.0,Z
28/07/2026,20:00,    0.0,Z
28/07/2026,21:00,    0.0,Z
28/07/2026,22:00,    0.0,Z
28/07/2026,23:00,    0.0,Z
29/07/2026,00:00,    0.0,Z
29/07/2026,01:00,    0.0,Z
29/07/2026,02:00,    0.0,Z
29/07/2026,03:00,    0.0,Z
29/07/2026,04:00,    0.0,Z
29/07/2026,05:00,    0.0,Z
29/07/2026,06:00,    0.0,Z
29/07/2026,07:00,    0.0,Z
29/07/2026,08:00,    0.0,Z
29/07/2026,09:00,    0.0,Z
29/07/2026,10:00,    0.0,Z
29/07/2026,11:00,    0.0,Z
29/07/2026,12:00,    0.0,Z
29/07/2026,13:00,    0.0,Z
29/07/2026,14:00,    0.0,Z
29/07/2026,15:00,    0.0,Z
29/07/2026,16:00,    0.0,Z
29/07/2026,17:00,    0.0,Z
29/07/2026,18:00,    0.0,Z
29/07/2026,19:00,    0.0,Z
29/07/2026,20:00,    0.0,Z
29/07/2026,21:00,    0.0,Z
29/07/2026,22:00,    0.0,Z
29/07/2026,23:00,    0.0,Z
30/07/2026,00:00,    0.0,Z
30/07/2026,01:00,    0.0,Z
30/07/2026,02:00,    0.0,Z
30/07/2026,03:00,    0.0,Z
30/07/2026,04:00,    0.0,Z
30/07/2026,05:00,    0.0,Z
30/07/2026,06:00,    0.0,Z
30/07/2026,07:00,    0.0,Z
30/07/2026,08:00,    0.0,Z
30/07/2026,09:00,    0.0,Z
30/07/2026,10:00,    0.0,Z
30/07/2026,11:00,    0.0,Z
30/07/2026,12:00,    0.0,Z
30/07/2026,13:00,    0.0,Z
30/07/2026,14:00,    0.0,Z
30/07/2026,15:00,    0.0,Z
30/07/2026,16:00,    0.0,Z
30/07/2026,17:00,    0.0,Z
30/07/2026,18:00,    0.0,Z
30/07/2026,19:00,    0.0,Z
30/07/2026,20:00,    0.0,Z
30/07/2026,21:00,    0.0,Z
30/07/2026,22:00,    0.0,Z
30/07/2026,23:00,    0.0,Z
31/07/2026,00:00,    0.0,Z
31/07/2026,01:00,    0.0,Z
31/07/2026,02:00,    0.0,Z
31/07/2026,03:00,    0.0,Z
31/07/2026,04:00,    0.0,Z
31/07/2026,05:00,    0.0,Z
31/07/2026,06:00,    0.0,Z
31/07/2026,07:00,    0.0,Z
31/07/2026,08:00,    0.0,Z
31/07/2026,09:00,    0.0,Z
31/07/2026,10:00,    0.0,Z
31/07/2026,11:00,    0.0,Z
31/07/2026,12:00,    0.0,Z
31/07/2026,13:00,    0.0,Z
31/07/2026,14:00,    0.0,Z
31/07/2026,15:00,    0.0,Z
31/07/2026,16:00,    0.0,Z
31/07/2026,17:00,    0.0,Z
31/07/2026,18:00,    0.0,Z
31/07/2026,19:00,    0.0,Z
31/07/2026,20:00,    0.0,Z
31/07/2026,21:00,    0.0,Z
31/07/2026,22:00,    0.0,Z
31/07/2026,23:00,    0.0,Z
01/08/2026,00:00,    0.0,Z
Elaborato il 2026-08-04 alle ore 16:43 UTC
